misparmb,persons_count,c3_actual,c30_actual,c31_actual,c32_actual,c33_actual,c34_actual,c35_actual,c36_actual,c37_actual,c38_actual,c39_actual,food_actual,nonfood_actual,FoodNorm-active
18,3,10864,676,388,5147,1436,0,0,739,720,1757,0,1064,9799,3171.3285183330
34,4,10101,2084,272,2811,650,0,0,1503,698,975,1108,2356,7745,3409.1781572080
42,2,12852,1126,611,5176,1052,30,0,2403,344,1929,181,1737,11115,1982.0803239582
59,5,19979,3150,648,4219,1128,0,251,7902,1634,1046,0,3798,16180,5153.4088422912
67,1,3937,0,109,3183,306,0,0,148,0,191,0,109,3828,1109.9649814166
75,4,12627,3020,223,3916,1430,100,0,1497,1583,859,0,3243,9385,3805.5942219997
83,2,12434,2855,204,3210,2943,128,0,514,267,1911,401,3059,9374,1982.0803239582
91,2,11557,0,0,4645,2091,0,0,547,284,3990,0,0,11557,1982.0803239582
109,2,8612,675,79,3183,880,0,602,542,301,2349,0,754,7857,1982.0803239582
117,2,6600,1763,608,2251,296,89,0,469,592,531,0,2371,4228,1982.0803239582
125,1,7868,1064,231,3230,102,521,837,250,300,287,1046,1295,6573,872.1153425416
133,4,6469,1080,144,1606,508,59,201,388,1551,844,87,1224,5244,3647.0277960830
141,3,7164,294,242,2912,382,175,201,62,1362,648,886,536,6628,2854.1956664997
158,2,12376,5012,0,2510,771,27,0,150,862,2626,418,5012,7364,2378.4963887498
166,2,6441,1253,418,84,647,167,394,62,831,2586,0,1671,4771,2140.6467498748
174,1,2582,293,61,1606,98,0,0,71,234,219,0,354,2228,1109.9649814166
182,4,9482,4292,780,0,422,133,0,0,3614,241,0,5072,4410,4756.9927774996
190,1,4151,870,240,201,879,0,1114,257,0,298,292,1110,3041,872.1153425416
208,2,18268,1457,1068,5442,3384,180,703,449,3582,1328,675,2525,15743,1982.0803239582
216,5,15749,809,349,5382,1948,532,502,1593,1844,1517,1274,1158,14592,4677.7095645412
224,3,51256,4206,645,5513,3647,198,0,3107,2299,30129,1512,4851,46405,2854.1956664997
232,3,12476,1355,140,5442,3230,191,119,1,411,1027,558,1495,10979,2933.4788794581
240,5,22560,2618,0,5449,7554,164,0,213,3546,2303,714,2618,19943,4677.7095645412
257,5,19325,1693,223,5452,2585,763,48,494,5337,2406,326,1916,17411,3884.8774349580
265,3,8312,2628,340,3011,903,33,150,0,742,504,0,2968,5343,2616.3460276248
273,1,6403,1613,259,2309,751,70,0,530,459,411,0,1872,4530,872.1153425416
281,1,3103,1137,109,1004,135,0,0,432,185,101,0,1246,1857,1109.9649814166
299,1,2175,548,79,1004,135,0,0,109,185,115,0,627,1548,872.1153425416
307,1,6389,141,0,1943,2568,0,0,1303,186,90,157,141,6247,1109.9649814166
315,1,8232,678,0,3395,1183,83,361,1009,1256,113,152,678,7552,872.1153425416
323,2,12483,2289,0,2711,709,0,0,106,67,5134,1467,2289,10194,2140.6467498748
331,2,9589,98,125,4269,1078,0,0,1777,281,1209,752,223,9366,1982.0803239582
349,1,14570,300,174,2512,1057,362,0,1649,937,6587,992,474,14096,872.1153425416
356,2,11759,2314,475,3916,1054,1770,402,395,349,629,456,2789,8971,2140.6467498748
364,1,6108,1719,57,2512,538,586,0,293,139,90,174,1776,4332,872.1153425416
372,1,15730,555,539,3299,1313,56,0,1818,283,7547,319,1094,14635,1109.9649814166
380,2,7168,2055,147,2512,361,208,0,978,160,744,3,2202,4966,1982.0803239582
398,2,9239,1879,87,2512,732,100,402,878,783,1800,65,1966,7272,2219.9299628331
406,2,8522,979,328,2587,600,0,703,1576,0,1748,0,1307,7214,1823.5138980415
414,3,5740,399,0,2510,707,464,0,225,0,1435,0,399,5341,3092.0453053747
422,4,54234,9262,1205,6697,3635,481,200,1754,18909,11908,182,10467,43766,3884.8774349580
430,3,22686,4802,1296,6530,2511,405,344,2883,1436,1900,580,6098,16589,2774.9124535414
448,2,18429,2211,1165,5949,4347,367,1403,1453,60,738,736,3376,15053,1982.0803239582
455,2,12812,297,216,5494,1030,1060,150,314,0,4185,65,513,12298,2061.3635369165
463,3,29237,4083,1332,7498,1074,654,1128,790,839,10887,952,5415,23822,3171.3285183330
471,5,15058,2618,1243,3226,1809,110,0,161,2314,483,3093,3861,11196,4360.5767127079
489,5,10207,1352,519,1960,936,349,180,430,0,1609,2870,1871,8334,5311.9752682078
497,1,5299,515,288,1843,468,0,0,1527,0,440,218,803,4496,872.1153425416
505,1,8407,2543,1016,1843,1084,134,666,385,167,63,504,3559,4846,872.1153425416
513,5,25785,6626,3337,1960,2052,463,472,420,2494,6397,1565,9963,15823,5153.4088422912
521,1,6479,1498,269,1960,1083,0,300,245,250,679,195,1767,4712,872.1153425416
539,1,3745,240,231,1960,450,0,501,253,0,109,0,471,3273,872.1153425416
547,2,8451,1025,276,2296,506,124,741,102,1369,1978,33,1301,7149,2061.3635369165
554,4,26729,1658,894,1960,2844,481,0,698,0,16972,1222,2552,24177,4360.5767127079
562,3,16615,2895,1003,2565,482,5415,1533,2146,315,152,109,3898,12717,2854.1956664997
570,2,7032,2078,676,2498,782,67,361,53,90,275,152,2754,4278,2061.3635369165
588,4,5745,1244,653,2498,660,0,30,188,240,231,0,1897,3847,4439.8599256663
596,3,3287,815,280,0,380,171,100,0,927,615,0,1095,2193,2219.9299628331
604,4,4477,1888,387,109,838,46,0,21,0,1186,0,2275,2200,3884.8774349580
612,5,17417,1093,659,4145,1149,0,0,1130,2728,6512,0,1752,15664,5153.4088422912
620,2,7205,511,472,2598,296,50,80,1748,281,828,339,983,6220,1982.0803239582
638,2,6551,1416,628,2498,489,0,0,142,79,1299,0,2044,4507,2219.9299628331
646,1,1784,712,179,200,229,33,0,197,170,63,0,891,892,872.1153425416
653,1,4505,651,156,2599,460,0,0,0,541,98,0,807,3698,872.1153425416
661,1,7875,2330,306,2794,212,2017,20,0,129,67,0,2636,5239,872.1153425416
679,1,3503,400,336,2011,371,40,0,74,176,52,43,736,2767,872.1153425416
687,2,6315,618,626,2309,385,0,0,1800,0,376,201,1244,5071,1982.0803239582
695,5,14756,2505,679,4062,1556,140,2724,588,220,1959,323,3184,11572,5074.1256293329
703,1,12700,1805,653,3356,2253,1065,0,916,855,1578,218,2458,10241,1109.9649814166
711,1,3144,0,0,2610,132,0,0,0,0,402,0,0,3144,1189.2481943749
737,4,17956,1049,165,5845,2884,4304,0,2469,187,1053,0,1214,16742,4360.5767127079
745,2,6110,2037,393,2410,361,234,231,218,100,128,0,2430,3682,1982.0803239582
752,6,10876,1674,654,4641,1255,344,0,374,431,1372,130,2328,8547,5946.2409718745
760,4,12264,3233,74,3196,824,0,0,476,3449,702,311,3307,8958,3329.8949442497
778,2,9878,809,260,2694,405,55,0,3292,708,1654,0,1069,8808,1982.0803239582
786,2,11460,1395,563,3648,820,2256,316,1427,447,587,0,1958,9501,1982.0803239582
794,2,12320,1124,386,4641,1161,33,223,57,350,1627,2717,1510,10809,1744.2306850832
802,1,10229,1417,82,2610,940,1061,0,50,3234,769,65,1499,8729,1189.2481943749
810,2,17798,3308,1127,6727,2391,227,0,586,300,1274,1858,4435,13363,1982.0803239582
828,1,9497,1343,205,4715,1627,63,0,618,386,534,7,1548,7950,872.1153425416
836,4,22750,2320,507,6697,2507,83,1164,1935,3776,3531,229,2827,19922,3567.7445831247
844,4,34412,3745,1607,6774,2893,1755,0,2288,2503,10927,1919,5352,29059,4043.4438608746
851,6,36405,4553,1042,6733,3155,373,496,1703,6953,10798,599,5595,30810,5866.9577589161
869,2,13411,1290,215,6590,1775,334,524,1305,455,922,0,1505,11905,1982.0803239582
877,2,36954,6092,1087,6731,2929,2148,1403,2646,941,9550,3429,7179,29777,1982.0803239582
885,4,33776,3907,1193,4998,3806,2395,0,3631,1826,11633,387,5100,28676,3805.5942219997
893,4,7909,1698,587,3456,689,0,0,1109,0,276,95,2285,5625,4360.5767127079
901,2,14360,1940,246,3112,735,580,358,263,0,6297,829,2186,12174,2140.6467498748
919,2,15467,3118,342,3689,3971,33,0,2661,304,1219,130,3460,12007,2299.2131757915
927,2,7143,676,201,3334,627,0,0,107,882,1316,0,877,6266,1823.5138980415
935,5,39282,1453,446,21967,1643,297,1651,1418,6960,2878,568,1899,37382,3884.8774349580
943,1,7175,410,27,4867,896,13,83,506,250,123,0,437,6738,1109.9649814166
950,1,5558,378,334,2008,385,401,0,0,58,1993,0,712,4845,1189.2481943749
968,4,28870,3505,223,8227,4510,0,1274,1875,2991,6182,83,3728,25142,3964.1606479163
976,2,11134,428,323,2805,1646,134,1215,357,2250,1977,0,751,10384,1982.0803239582
984,1,4373,915,178,2209,537,0,0,269,211,55,0,1093,3281,872.1153425416
992,1,20122,908,939,2805,1074,40,813,821,524,12196,0,1847,18273,872.1153425416
1008,1,5381,365,244,2512,662,652,0,146,632,168,0,609,4772,872.1153425416
1016,2,14678,507,107,1707,497,351,382,6063,3694,1273,97,614,14064,1823.5138980415
1024,1,1395,200,61,797,111,0,0,0,0,226,0,261,1134,872.1153425416
1032,2,11955,2790,68,2209,334,150,0,183,1483,3884,853,2858,9096,2140.6467498748
1040,3,18010,465,56,3849,844,160,1165,295,3048,6160,1969,521,17490,2695.6292405831
1057,3,21371,1744,359,2510,1457,131,0,248,1375,12947,601,2103,19269,2854.1956664997
1065,1,1067,51,0,206,230,0,0,143,201,1,235,51,1016,872.1153425416
1073,1,7884,1408,561,4058,622,0,0,361,372,502,0,1969,5915,872.1153425416
1081,6,34638,4538,695,4337,1989,3862,4488,1398,5380,7377,575,5233,29406,5708.3913329995
1099,3,17791,1650,707,4261,1831,1299,204,2726,1479,3343,291,2357,15434,2933.4788794581
1107,1,8208,1103,743,1616,885,524,218,2824,0,120,175,1846,6362,872.1153425416
1115,6,16789,3888,1477,3226,1911,418,301,0,4005,669,894,5365,11424,5708.3913329995
1123,2,6806,1803,377,2391,475,0,0,361,212,92,1095,2180,4626,2061.3635369165
1131,1,14466,1530,0,2340,270,0,0,155,508,9613,50,1530,12936,1109.9649814166
1149,2,6136,903,336,3112,753,87,0,514,280,150,0,1239,4896,1982.0803239582
1156,2,23276,5647,829,2811,1037,285,602,4800,261,6895,109,6476,16800,1982.0803239582
1164,1,11912,741,373,4479,1023,0,0,2260,215,150,2672,1114,10799,872.1153425416
1172,1,10402,859,851,2192,269,1854,657,1348,267,80,2025,1710,8692,872.1153425416
1180,1,4350,982,1015,1811,240,0,0,95,206,1,0,1997,2353,872.1153425416
1198,4,20844,2635,85,3504,1346,535,1022,503,8976,1512,726,2720,18124,3171.3285183330
1206,2,13726,2494,623,4368,1053,135,0,2436,120,1448,1049,3117,10609,1982.0803239582
1214,4,17468,736,266,2309,965,0,1114,0,1153,10859,65,1002,16465,3488.4613701663
1222,4,8320,2721,0,2662,1003,0,0,130,353,1451,0,2721,5599,3805.5942219997
1230,2,13682,2257,299,2008,598,92,0,599,2424,5223,183,2556,11127,2140.6467498748
1248,3,10745,1445,87,2359,652,216,935,307,2406,1776,562,1532,9213,2616.3460276248
1255,4,9683,1441,802,1305,582,411,201,251,2036,2295,359,2243,7440,3250.6117312914
1263,1,8446,1362,331,2662,1216,116,0,304,251,2117,87,1693,6753,872.1153425416
1271,3,36478,1225,154,6159,1652,10468,0,1118,3297,11615,791,1379,35100,2695.6292405831
1289,6,31176,2610,245,8167,2210,450,120,1331,13315,272,2456,2855,28321,5708.3913329995
1297,3,12200,2337,1083,3849,1481,484,0,226,366,675,1700,3420,8781,2854.1956664997
1305,7,22616,706,431,8970,1298,1645,0,392,7212,209,1752,1137,21478,6897.6395273744
1313,1,6078,160,133,4666,907,0,0,83,0,99,31,293,5786,872.1153425416
1321,7,9751,2030,464,1233,1093,109,206,435,2650,1450,82,2494,7258,5311.9752682078
1339,2,10777,1691,370,4763,1150,0,460,533,282,1468,60,2061,8716,1982.0803239582
1347,3,8382,1650,806,452,673,0,261,304,1605,1824,805,2456,5924,2616.3460276248
1354,1,6831,0,446,3849,1627,0,0,226,251,321,110,446,6384,872.1153425416
1362,8,19339,1643,513,6179,3943,1339,70,599,2338,762,1953,2156,17183,6342.6570366661
1370,6,8494,148,0,4470,1243,0,371,331,244,1465,221,148,8345,5232.6920552495
1388,3,11093,861,407,2805,1245,2171,0,538,377,1962,726,1268,9824,2854.1956664997
1396,7,8592,1349,625,1707,582,0,392,251,2431,75,1182,1974,6620,5549.8249070828
1404,4,12469,556,129,4470,1289,176,2289,300,2286,823,150,685,11783,4519.1431386246
1412,1,9709,1391,248,2449,1025,74,0,700,216,3445,161,1639,8070,1109.9649814166
1420,2,13588,2081,988,4479,1260,388,43,413,2352,1360,224,3069,10519,1823.5138980415
1438,2,5514,343,0,3161,460,0,0,89,624,721,115,343,5170,2140.6467498748
1446,6,22206,2171,164,5924,1677,70,1443,2869,5355,1918,616,2335,19872,5946.2409718745
1453,2,10336,553,257,6567,622,0,0,710,400,1227,0,810,9526,1982.0803239582
1461,5,20396,2578,893,6500,1168,1849,350,524,5096,1439,0,3471,16926,5074.1256293329
1479,2,19529,6282,24,5039,3638,698,0,494,2886,468,0,6306,13223,1744.2306850832
1487,2,24867,3124,990,5180,3613,635,0,627,711,8629,1358,4114,20753,1982.0803239582
1495,2,13047,3944,1276,2563,2023,140,1004,139,75,662,1222,5220,7828,2061.3635369165
1503,6,32307,4171,1667,4711,2436,346,2209,462,6990,8902,414,5838,26470,6421.9402496244
1511,2,17860,1406,308,4445,1158,45,0,1734,411,7352,1002,1714,16147,1982.0803239582
1529,2,10726,775,256,3059,1571,3362,100,526,150,670,257,1031,9695,1982.0803239582
1537,2,10863,3512,666,2925,1477,331,0,302,1164,341,144,4178,6684,1982.0803239582
1545,1,9484,3710,480,3058,747,0,381,228,217,446,218,4190,5295,872.1153425416
1552,3,6062,819,168,2711,1060,0,0,224,0,239,841,987,5075,2854.1956664997
1560,1,14499,980,108,4004,969,130,0,360,355,6614,979,1088,13411,1189.2481943749
1578,1,7057,1584,61,2510,768,79,1104,241,201,509,1,1645,5413,872.1153425416
1586,1,5570,1414,0,3183,200,0,0,228,226,302,17,1414,4156,1109.9649814166
1594,2,20162,1650,818,3275,1362,60,0,2811,1301,2388,6497,2468,17694,1982.0803239582
1602,2,25174,2315,648,5688,2559,197,166,554,1252,11026,769,2963,22211,1982.0803239582
1610,3,19543,2890,1092,4934,1255,2338,0,713,2625,3461,235,3982,15561,2616.3460276248
1628,4,24114,5596,1023,4309,1665,1367,0,633,3875,5390,257,6619,17496,3884.8774349580
1636,2,11047,1703,247,5459,1395,43,0,1242,693,265,0,1950,9097,1982.0803239582
1644,2,7210,1957,445,3213,904,0,0,100,190,400,0,2402,4807,1982.0803239582
1651,2,9919,2735,407,3255,549,116,0,726,200,971,959,3142,6776,1982.0803239582
1669,2,19844,3068,2034,5790,6481,0,0,547,442,1482,0,5102,14742,1982.0803239582
1677,1,8026,1793,236,3313,443,0,262,399,899,681,0,2029,5997,1189.2481943749
1685,1,11995,1224,705,7117,1503,67,0,320,478,547,33,1929,10065,872.1153425416
1693,2,9724,1764,91,5305,686,0,0,211,1314,353,0,1855,7869,2140.6467498748
1701,1,6851,1256,0,2610,315,0,0,391,125,451,1701,1256,5593,872.1153425416
1719,4,16474,2355,190,4243,1031,579,0,500,4971,1895,709,2545,13928,3171.3285183330
1727,1,4133,370,94,2678,742,0,0,0,140,30,78,464,3668,1109.9649814166
1735,5,22081,3658,1061,5093,1779,767,1554,1933,3954,2126,157,4719,17363,4598.4263515829
1743,3,6295,1798,402,1843,1484,0,241,176,0,190,161,2200,4095,3171.3285183330
1750,3,9432,2057,1252,1960,668,43,0,1353,301,1701,98,3309,6124,3171.3285183330
1768,2,5615,0,48,2707,545,22,50,1267,697,279,0,48,5567,1982.0803239582
1776,5,4454,1008,175,1960,491,174,0,0,94,553,0,1183,3272,4122.7270738330
1784,7,14525,2522,1331,1960,634,171,693,1963,830,3550,873,3853,10674,6976.9227403327
1792,4,12511,2532,698,3955,1164,201,1255,1050,948,630,79,3230,9282,4360.5767127079
1800,2,5803,1148,136,3472,393,0,0,170,221,263,0,1284,4519,1982.0803239582
1818,2,11443,753,369,4574,591,65,0,1800,2351,557,384,1122,10322,1982.0803239582
1826,5,19593,2914,948,2870,1705,234,422,107,501,9892,0,3862,15731,5153.4088422912
1834,2,7153,2571,652,2870,134,134,0,382,0,411,0,3223,3931,1982.0803239582
1842,2,8056,1487,432,1960,722,163,100,230,228,2660,74,1919,6137,1744.2306850832
1859,3,16650,1585,796,1960,1572,384,409,180,943,1047,7773,2381,14268,2854.1956664997
1867,9,13568,5462,1523,2565,1557,33,0,104,110,413,1801,6985,6583,9751.8351938741
1875,2,5487,1098,374,2033,286,184,622,345,201,125,218,1472,4014,1982.0803239582
1891,3,8204,2774,167,1707,889,84,0,221,536,1827,0,2941,5264,2616.3460276248
1909,1,3096,353,171,1578,100,94,180,260,190,170,0,524,2572,872.1153425416
1917,2,5309,503,306,1943,447,501,0,438,384,786,0,809,4499,1982.0803239582
1925,2,2319,388,252,122,195,0,0,980,52,330,0,640,1679,1982.0803239582
1933,4,21537,3294,1430,5176,2175,1737,731,1542,1456,3133,863,4724,16813,3805.5942219997
1941,4,24091,2950,855,5595,1986,1279,200,1751,4621,2451,2403,3805,20286,4202.0102867913
1958,3,21566,3177,1431,5795,1675,966,435,4658,1243,980,1207,4608,16959,2933.4788794581
1966,3,12337,589,0,3078,6728,398,0,253,476,641,175,589,11749,2854.1956664997
1974,2,19091,3077,922,4229,1706,341,0,4216,1173,1444,1984,3999,15093,1982.0803239582
1982,1,7715,1251,63,3459,445,55,0,322,2007,113,0,1314,6401,872.1153425416
1990,5,13390,1197,125,3529,522,77,351,2327,2090,1548,1624,1322,12068,3805.5942219997
2006,3,11825,2234,691,4145,700,43,585,1,214,1356,1856,2925,8900,2933.4788794581
2014,2,8584,686,319,3614,924,0,1556,100,726,457,201,1005,7578,1744.2306850832
2022,1,7743,2424,99,4095,484,0,0,150,80,411,0,2523,5220,1109.9649814166
2030,2,18230,2685,533,5761,1072,764,245,2133,2411,1769,857,3218,15012,1982.0803239582
2048,6,29113,5765,1709,7401,1793,464,301,1381,6117,3342,839,7474,21638,5708.3913329995
2055,2,38298,7550,930,5187,1869,701,2571,926,2478,13573,2513,8480,29818,1982.0803239582
2063,5,21740,2426,1557,7236,2666,0,699,609,4432,1417,698,3983,17757,4756.9927774996
2071,2,9732,851,545,2020,254,0,0,5368,0,694,0,1396,8336,1982.0803239582
2089,2,5855,372,60,4037,820,0,0,345,0,222,0,432,5424,1982.0803239582
2097,2,7775,0,0,4219,987,0,0,0,35,561,1974,0,7776,1982.0803239582
2105,3,6899,475,293,4368,1075,229,0,191,0,138,130,768,6131,2695.6292405831
2113,6,11402,2078,754,4309,693,295,542,114,2322,137,159,2832,8571,4756.9927774996
2121,2,7311,1354,872,3849,242,48,0,126,292,75,453,2226,5085,1982.0803239582
2139,8,6478,0,0,3849,591,40,0,192,1705,101,0,0,6478,7373.3388051243
2147,10,18036,2304,868,4977,1359,1383,0,492,2818,2049,1787,3172,14865,8641.8702124575
2154,9,12061,647,370,4910,978,77,91,184,3096,146,1562,1017,11044,7769.7548699160
2162,1,12517,965,474,3732,441,1362,0,102,761,4641,39,1439,11078,872.1153425416
2170,7,14412,506,134,3459,473,1375,4541,1444,866,559,1054,640,13771,5232.6920552495
2188,1,7827,445,597,4145,614,60,201,345,167,650,602,1042,6784,872.1153425416
2196,1,5880,211,0,3459,510,50,210,707,427,175,130,211,5668,872.1153425416
2204,1,8896,523,528,4145,795,0,0,855,304,1415,331,1051,7845,872.1153425416
2212,3,11200,1016,307,3991,440,2479,187,1056,1473,30,221,1323,9877,2695.6292405831
2220,5,14564,2547,429,4257,783,375,1333,244,1919,1252,1425,2976,11588,4043.4438608746
2238,2,14134,1093,61,4795,2644,0,0,1817,682,2895,148,1154,12981,1982.0803239582
2246,5,12280,2120,957,3847,1059,22,261,550,938,1929,599,3077,9205,5311.9752682078
2253,5,24836,2788,536,6159,1710,305,0,720,541,10248,1829,3324,21512,5232.6920552495
2261,4,6440,266,0,2912,631,0,502,446,1120,464,100,266,6175,3250.6117312914
2279,3,15898,866,941,6159,5721,78,186,1003,131,460,352,1807,14090,3171.3285183330
2287,1,11638,2017,654,5522,1166,0,301,181,428,1369,0,2671,8967,1109.9649814166
2295,2,14323,645,1597,3012,1211,445,1255,1169,1362,2963,663,2242,12080,2140.6467498748
2303,4,31509,2927,0,4426,1821,87,482,157,18007,3101,501,2927,28582,3805.5942219997
2311,2,33271,2354,55,6591,1501,0,0,89,26,22655,0,2409,30862,2061.3635369165
2329,4,17045,2906,1091,4666,2140,220,201,1396,666,2757,1003,3997,13049,4043.4438608746
2337,4,19062,2430,724,4667,1024,983,2204,992,2279,3521,238,3154,15908,4519.1431386246
2345,3,14265,1814,1342,4759,2209,39,0,1073,825,1887,316,3156,11108,3171.3285183330
2352,5,24091,2925,529,5982,1413,1265,472,732,3125,6637,1012,3454,20638,4519.1431386246
2360,3,34811,80,113,4641,1565,2121,411,19118,602,5986,175,193,34619,3171.3285183330
2378,2,10398,2626,1363,3865,593,17,0,840,146,904,44,3989,6409,2061.3635369165
2386,7,13994,2569,504,4993,582,87,50,0,955,4254,0,3073,10921,6263.3738237078
2394,6,12521,1255,178,4993,1465,426,378,162,1163,2348,153,1433,11088,5311.9752682078
2402,4,5427,517,0,2783,652,244,20,12,574,30,597,517,4912,3250.6117312914
2410,2,7700,1610,458,2687,1091,163,0,1234,67,146,243,2068,5631,1982.0803239582
2428,6,9926,1486,809,3485,634,0,0,357,951,716,1489,2295,7632,4519.1431386246
2436,4,18341,3676,1099,3485,973,4440,39,1045,1479,1536,569,4775,13566,4043.4438608746
2444,9,12580,366,236,3485,1187,276,1777,407,3929,400,516,602,11977,7690.4716569576
2451,7,25047,1531,1976,4993,2384,481,371,555,11920,537,300,3507,21541,6104.8073977911
2469,5,19860,6575,1415,6198,1418,557,305,29,2104,325,934,7990,11870,5311.9752682078
2477,5,20372,1865,107,501,4890,0,2138,3755,2017,3085,2014,1972,18400,4836.2759904579
2485,1,15450,81,81,3514,1069,9352,0,0,1169,183,0,162,15287,1109.9649814166
2493,3,17721,3392,1170,6446,1013,0,0,680,360,2945,1715,4562,13159,3171.3285183330
2501,5,8950,1466,502,2565,1786,134,731,90,590,628,458,1968,6982,5787.6745459578
2519,4,17630,2744,2016,3533,1523,251,381,1256,4127,841,960,4760,12872,3805.5942219997
2527,1,4324,218,196,1965,290,160,251,654,0,70,520,414,3910,872.1153425416
2535,5,10608,1156,414,3226,1297,267,1242,142,919,1900,43,1570,9036,5470.5416941245
2543,5,14249,1488,925,2541,472,1692,2374,152,196,3644,765,2413,11836,4915.5592034162
2550,3,14819,2000,1394,2517,2438,350,0,942,60,4377,741,3394,11425,3171.3285183330
2568,2,14313,1566,428,2517,1506,338,3707,960,120,3055,117,1994,12320,1744.2306850832
2576,2,9825,1575,0,2517,1012,225,1483,1140,60,448,1366,1575,8251,2140.6467498748
2584,2,10035,2151,0,3226,1010,40,0,101,1442,1847,218,2151,7884,2061.3635369165
2592,3,14329,3516,1309,2218,2095,480,894,2320,501,778,218,4825,9504,3171.3285183330
2600,2,8389,829,654,3325,1235,0,150,406,224,1475,90,1483,6905,1982.0803239582
2618,5,19003,703,185,5382,1819,1657,1205,1058,5421,1546,29,888,18117,5074.1256293329
2626,1,5942,586,278,3108,413,0,0,591,785,181,0,864,5078,872.1153425416
2634,6,24638,1757,510,5582,3617,282,70,599,2224,9442,555,2267,22371,6104.8073977911
2642,6,43883,2446,509,5051,2888,1043,753,1117,16305,12508,1263,2955,40928,4994.8424163745
2659,1,11785,125,483,4960,1122,0,0,1535,1282,1626,652,608,11177,872.1153425416
2667,4,17273,2876,691,3989,865,0,211,366,5007,2874,394,3567,13706,3171.3285183330
2675,2,17989,3864,699,5029,2313,72,0,973,665,2416,1958,4563,13426,2061.3635369165
2683,2,17441,2584,527,4073,1334,128,0,449,337,8007,0,3111,14328,1982.0803239582
2691,4,17162,2367,223,5100,1864,167,351,1045,2801,3168,75,2590,14571,4202.0102867913
2709,5,32421,2206,523,5137,1796,537,80,3315,7111,11694,21,2729,29691,4122.7270738330
2717,5,28927,4250,705,4683,4086,59,364,2105,2780,9736,159,4955,23972,5074.1256293329
2725,2,3312,0,0,2135,386,0,0,572,0,186,33,0,3312,1982.0803239582
2733,4,13970,2231,947,6131,1493,50,231,579,234,1922,152,3178,10792,4281.2934997496
2741,2,1364,141,65,603,363,0,0,0,0,60,131,206,1157,1823.5138980415
2758,3,566,414,0,0,2,0,0,1,0,149,0,414,152,2854.1956664997
2766,2,483,388,0,0,2,0,0,2,0,90,0,388,94,2378.4963887498
2774,3,5535,1103,0,3012,908,0,331,0,0,182,0,1103,4433,2774.9124535414
2782,3,8931,837,403,4332,1488,70,251,174,1072,303,0,1240,7690,3171.3285183330
2790,4,17686,1992,955,3791,924,100,956,2167,261,6260,279,2947,14738,3171.3285183330
2808,2,10121,1129,406,4332,1297,0,0,1241,301,1306,109,1535,8586,1982.0803239582
2816,1,7776,1192,350,3691,1155,22,80,48,415,690,134,1542,6235,1189.2481943749
2824,2,17817,2322,1117,4545,1934,3342,301,724,1458,1974,100,3439,14378,1982.0803239582
2832,3,15647,1228,50,3431,1110,1807,303,471,2397,3983,866,1278,14368,2695.6292405831
2840,6,25832,4255,1101,6612,2695,1672,639,973,2682,4244,959,5356,20476,5391.2584811662
2857,4,20757,3768,646,6354,1687,947,1305,564,2253,3234,0,4414,16344,4122.7270738330
2865,3,7778,233,0,4296,993,0,0,1861,1,395,0,233,7546,3171.3285183330
2873,2,38784,6212,1703,5732,2754,653,2893,1222,4627,11661,1327,7915,30869,1982.0803239582
2881,3,17399,3017,167,2714,1059,889,261,2304,301,2237,4450,3184,14215,2695.6292405831
2899,1,6635,165,217,4884,622,0,0,227,121,338,60,382,6252,1109.9649814166
2907,4,8645,2243,149,2002,1356,22,300,1222,434,917,0,2392,6253,4202.0102867913
2915,1,9234,478,249,8308,1,0,0,71,1,126,0,727,8507,1109.9649814166
2923,1,9239,748,422,6807,1,0,402,858,1,1,0,1170,8070,872.1153425416
2931,1,21441,1819,412,15015,1,280,0,798,1280,1837,0,2231,19211,1109.9649814166
2949,3,22423,670,471,4386,1441,697,1104,899,3269,9452,33,1141,21281,2616.3460276248
2956,1,4335,788,640,371,537,200,251,855,216,260,217,1428,2907,872.1153425416
2964,6,31133,5889,1110,2604,6303,301,1137,1610,2717,4403,5059,6999,24134,6184.0906107494
2972,2,17534,1205,331,1868,559,335,251,794,1767,9970,455,1536,15999,2140.6467498748
2980,2,13303,1757,293,5461,1318,531,50,884,2426,125,456,2050,11251,1982.0803239582
2998,5,10054,3565,227,2309,1617,59,0,107,1459,532,178,3792,6261,3805.5942219997
3004,2,16936,2106,477,5815,1719,147,1107,667,294,4346,258,2583,14353,1982.0803239582
3012,6,44065,4035,1622,5730,2545,1118,14267,1952,1484,9300,2011,5657,38407,6263.3738237078
3020,5,25632,3854,1053,5864,3591,130,0,2287,2815,4067,1971,4907,20725,5232.6920552495
3038,3,19326,833,667,5965,8730,96,0,1310,1291,434,0,1500,17826,2854.1956664997
3046,3,23123,1150,292,4243,813,0,144,281,10476,5682,43,1442,21682,2695.6292405831
3053,4,14311,1285,78,5630,2367,0,0,4176,183,592,0,1363,12948,3329.8949442497
3061,6,13839,4056,788,3814,2039,876,0,235,906,423,702,4844,8995,5232.6920552495
3079,2,15959,3986,1493,3894,2857,758,477,640,1084,616,152,5479,10478,1982.0803239582
3087,2,11367,1074,313,3691,539,862,823,983,1035,1134,913,1387,9980,1982.0803239582
3095,2,32652,3841,513,5630,1367,974,567,554,3536,14496,1174,4354,28298,1982.0803239582
3103,3,15602,1240,538,5630,1104,1777,271,718,1472,2508,344,1778,13824,3171.3285183330
3111,2,22188,2693,1287,4540,793,325,291,1099,608,10552,0,3980,18208,1982.0803239582
3129,6,54666,5881,0,5906,4189,1556,16215,2445,8259,9696,519,5881,48785,6263.3738237078
3137,1,5734,0,0,3691,706,0,0,100,281,956,0,0,5734,872.1153425416
3145,4,20058,2870,404,4332,1488,242,69,169,4461,5857,167,3274,16785,3329.8949442497
3152,2,16286,2816,2036,4649,983,99,1406,1376,374,668,1878,4852,11433,1982.0803239582
3160,4,10108,1382,65,4332,1233,127,478,776,320,991,404,1447,8661,4122.7270738330
3178,3,11967,1584,481,4672,1056,246,537,356,1648,1388,0,2065,9903,2457.7796017081
3186,3,14836,1857,499,4038,1233,316,502,1099,1438,3339,514,2356,12479,2616.3460276248
3194,2,11968,786,135,4438,611,35,841,2379,100,2109,533,921,11046,2378.4963887498
3202,2,16218,2236,1040,4913,1220,592,201,125,579,5312,0,3276,12942,1982.0803239582
3210,3,16130,1546,109,4163,1359,341,0,399,4218,813,3181,1655,14474,2695.6292405831
3228,7,12881,3095,703,3184,1353,598,450,485,1196,547,1271,3798,9084,5470.5416941245
3236,5,10340,663,182,3190,1465,0,0,802,1413,1707,918,845,9495,3805.5942219997
3244,7,34751,876,48,4493,891,85,0,2725,12421,6747,6466,924,33828,6421.9402496244
3269,2,20189,10253,803,3297,1962,267,1501,739,84,510,773,11056,9133,2299.2131757915
3277,5,17975,2532,858,4136,1363,622,200,1261,3312,3464,226,3390,14584,4756.9927774996
3285,2,6917,869,217,3097,965,120,250,235,863,141,159,1086,5830,1744.2306850832
3293,5,12109,913,212,3459,1067,579,171,1510,1460,1553,1185,1125,10984,4043.4438608746
3301,4,16432,2030,222,6500,1129,977,901,255,808,2712,898,2252,14180,3726.3110090413
3319,2,18257,7259,398,3996,1041,538,1312,1543,1273,672,226,7657,10601,2061.3635369165
3327,2,14574,1697,9,1748,543,0,1101,325,1247,7677,226,1706,12867,2140.6467498748
3335,4,23774,3502,1020,5199,2055,189,150,899,2950,7667,143,4522,19252,3726.3110090413
3343,3,7489,1451,385,3018,453,0,20,0,786,1101,275,1836,5653,2695.6292405831
3350,1,8215,935,348,2678,2069,251,0,95,298,70,1470,1283,6931,1109.9649814166
3368,1,8480,1818,159,3119,341,0,370,1054,629,989,0,1977,6502,872.1153425416
3376,3,22356,1979,1053,6909,2469,426,552,825,1951,5516,677,3032,19325,3012.7620924164
3384,3,22529,1942,820,7166,2076,382,0,2036,4843,3040,226,2762,19769,2616.3460276248
3392,1,12324,391,795,0,2393,4715,848,990,493,1597,101,1186,11137,872.1153425416
3400,2,19156,3811,1063,6925,2546,84,502,1263,1761,1102,100,4874,14283,1823.5138980415
3418,2,7842,3253,691,2896,394,156,0,201,70,180,0,3944,3897,1982.0803239582
3426,2,4038,505,231,2896,355,0,0,0,0,50,0,736,3301,1982.0803239582
3434,2,6659,862,324,2980,587,0,0,201,902,313,491,1186,5474,1982.0803239582
3442,2,11619,2028,570,4379,1210,1006,661,1238,291,170,65,2598,9020,1982.0803239582
3459,5,14082,4540,104,4570,3138,60,0,699,413,557,0,4644,9437,4519.1431386246
3467,1,12798,0,52,2251,953,4468,0,201,211,4487,175,52,12746,872.1153425416
3475,1,4909,1030,667,931,117,883,502,315,246,179,39,1697,3212,872.1153425416
3483,1,3042,441,261,1702,153,46,50,133,100,80,77,702,2341,872.1153425416
3491,2,8705,1741,484,2925,1195,0,0,201,1290,782,87,2225,6480,1982.0803239582
3509,1,3269,273,89,2108,590,0,0,0,0,69,139,362,2906,1109.9649814166
3517,2,8656,1402,1778,2251,433,104,652,182,871,348,635,3180,5476,1982.0803239582
3525,4,19971,1888,683,2925,935,360,0,271,294,12389,227,2571,17401,4043.4438608746
3533,2,5349,612,273,2925,585,261,0,360,199,133,0,885,4463,1982.0803239582
3541,3,8572,2026,457,1744,501,0,0,2471,606,767,0,2483,6089,3012.7620924164
3558,5,23658,3332,821,5713,1804,161,0,610,3025,8055,138,4153,19506,4756.9927774996
3566,3,19405,4788,462,5828,1027,48,0,2561,357,4116,217,5250,14154,3250.6117312914
3574,2,11849,1036,467,5668,1217,1238,0,293,244,1547,139,1503,10346,1982.0803239582
3582,5,15110,1774,1094,4283,1585,1150,803,858,144,2814,604,2868,12241,5629.1081200412
3590,1,5636,934,104,3556,260,0,0,353,263,165,0,1038,4597,1109.9649814166
3608,3,13503,1232,331,3472,892,851,483,453,2729,1500,1559,1563,11939,2616.3460276248
3616,2,9088,2293,986,3456,980,669,0,269,0,202,233,3279,5809,1982.0803239582
3624,2,8172,506,750,3529,747,304,0,525,244,1423,145,1256,6917,1982.0803239582
3632,2,13120,748,272,3904,984,846,1012,0,2034,2412,908,1020,12100,2061.3635369165
3640,2,13749,889,356,3297,456,123,311,235,825,5520,1736,1245,12503,2061.3635369165
3657,2,9155,518,670,4388,759,0,0,912,721,921,266,1188,7967,1982.0803239582
3665,4,15294,3060,12,3575,1192,65,0,618,2908,2028,1837,3072,12223,3409.1781572080
3673,2,11218,1835,324,3303,838,200,0,394,60,2405,1858,2159,9058,2140.6467498748
3681,3,7774,1559,272,4204,482,0,100,307,0,849,0,1831,5942,2854.1956664997
3699,1,8138,0,0,2227,987,0,0,2515,1689,719,0,0,8137,1109.9649814166
3707,3,18880,243,168,5973,1762,84,2022,1482,4995,2061,90,411,18469,3171.3285183330
3715,4,24494,6429,436,6259,3286,103,0,416,6054,1132,378,6865,17628,3488.4613701663
3723,4,23968,0,0,9116,2482,1644,602,531,4700,4892,0,0,23967,3409.1781572080
3731,7,11941,1175,0,4294,1786,52,217,436,2699,650,632,1175,10766,5470.5416941245
3749,5,23247,5190,1094,5948,1972,517,1004,1559,2407,3019,536,6284,16962,5074.1256293329
3756,2,31035,1625,1119,4154,1080,0,1549,1907,10454,8916,231,2744,28291,2061.3635369165
3764,3,14666,1551,130,4494,2067,304,0,719,4526,795,79,1681,12984,2616.3460276248
3772,2,13721,1687,811,4500,2095,124,201,467,1774,1597,466,2498,11224,1982.0803239582
3780,6,23050,5052,673,5031,2208,195,201,-18,4788,3139,1781,5725,17325,5470.5416941245
3798,1,16543,2743,478,4234,1548,2372,1255,73,1685,2090,65,3221,13322,1189.2481943749
3806,1,14567,1218,415,2993,765,396,80,655,7091,656,297,1633,12933,872.1153425416
3814,6,12134,1498,242,5437,1576,114,100,504,1405,1115,143,1740,10394,6184.0906107494
3822,8,18955,6576,790,5516,1217,186,30,585,2381,432,1241,7366,11588,8086.8877217493
3830,6,13833,835,735,5806,1882,80,0,167,2548,1278,502,1570,12263,5074.1256293329
3848,4,8768,833,0,3225,896,480,742,57,168,2367,0,833,7935,4360.5767127079
3855,1,1788,31,0,175,1061,0,0,63,227,232,0,31,1758,872.1153425416
3863,2,5978,1461,357,2008,416,0,87,205,281,902,262,1818,4161,2140.6467498748
3871,3,7234,1661,243,2610,863,0,0,337,321,804,396,1904,5331,3329.8949442497
3889,2,6586,1845,281,3225,540,0,0,160,271,264,0,2126,4460,1982.0803239582
3897,7,8338,2445,383,2498,573,85,713,142,501,829,171,2828,5512,7611.1884439993
3905,5,40606,1421,652,13482,2666,373,443,690,5320,14815,744,2073,38533,3884.8774349580
3913,4,23834,3606,900,4256,2237,243,0,355,8222,3559,455,4506,19327,3329.8949442497
3921,3,7445,474,298,3267,311,648,374,41,226,367,1438,772,6672,2695.6292405831
3939,5,25734,2913,68,4973,2676,164,1124,1955,6247,3553,2061,2981,22753,5074.1256293329
3947,3,21151,1124,305,4095,953,60,0,3080,241,10928,365,1429,19722,2774.9124535414
3954,4,12093,1274,548,4204,963,162,300,676,3019,628,318,1822,10270,3171.3285183330
3962,1,3255,864,78,1506,202,117,0,137,34,182,134,942,2312,872.1153425416
3970,1,16688,934,0,3012,719,100,0,489,2895,8474,65,934,15754,1189.2481943749
3988,3,11291,1571,840,2805,1140,214,1634,631,600,1613,243,2411,8880,2933.4788794581
3996,2,10374,0,0,4763,1697,296,0,1071,1302,1246,0,0,10375,1982.0803239582
4002,4,16882,1935,424,2302,770,916,0,2057,1440,6435,602,2359,14522,4519.1431386246
4010,1,2637,1314,43,165,244,105,341,0,149,158,117,1357,1279,1189.2481943749
4028,1,5005,1125,195,2002,358,0,380,96,251,596,0,1320,3683,1189.2481943749
4036,2,7222,514,654,3355,1883,60,0,223,162,371,0,1168,6054,1982.0803239582
4044,4,7734,1504,119,2903,829,274,205,0,1218,100,582,1623,6111,3409.1781572080
4051,2,7527,681,203,2498,2573,260,0,71,300,541,400,884,6643,1744.2306850832
4069,4,18886,4548,995,4232,1847,884,0,1034,316,2670,2360,5543,13343,3964.1606479163
4077,4,24180,1394,382,3299,761,4352,0,319,2037,10538,1098,1776,22404,3329.8949442497
4085,1,5721,1496,83,0,101,80,0,98,2470,1373,20,1579,4142,1189.2481943749
4093,1,6805,1098,239,0,2,13,371,161,3737,1162,22,1337,5468,1189.2481943749
4101,2,16595,1287,626,6967,1396,985,0,439,627,4119,150,1913,14683,1982.0803239582
4119,4,37306,4037,2001,4844,6045,2228,1536,751,5295,8779,1789,6038,31267,3171.3285183330
4127,5,48473,5054,1573,5165,3725,264,642,3997,5739,22271,43,6627,41846,4836.2759904579
4135,2,36526,1043,925,4644,4535,0,463,1957,3940,17360,1658,1968,34557,1982.0803239582
4143,2,26046,1932,1588,6616,4716,253,0,2171,2161,3851,2759,3520,22527,1982.0803239582
4150,4,12369,1968,346,3280,1261,283,0,1648,2627,717,239,2314,10055,4360.5767127079
4168,8,13041,2988,586,5397,1902,218,0,528,205,418,801,3574,9469,8800.4366383742
4176,8,9509,3007,311,3097,469,22,0,301,2107,196,0,3318,6192,7531.9052310410
4184,5,13730,1868,59,3097,550,1269,1960,101,3093,820,914,1927,11804,3805.5942219997
4192,8,9888,2524,466,2603,609,474,0,297,1590,1032,294,2990,6899,7294.0555921660
4200,1,5053,196,365,3097,317,100,300,136,228,174,139,561,4491,872.1153425416
4218,2,12450,2808,1111,2925,1146,306,432,1120,422,1906,274,3919,8531,1982.0803239582
4226,6,14095,1254,364,4585,2320,155,79,763,2226,1757,591,1618,12476,5470.5416941245
4234,8,14047,1561,477,4553,1149,70,0,625,2579,1858,1176,2038,12010,7531.9052310410
4242,5,27584,4201,866,2925,1930,1407,566,521,2889,11304,975,5067,22517,4756.9927774996
4259,2,46504,5994,522,4286,3231,254,831,2426,5987,22531,442,6516,39988,1982.0803239582
4267,9,13385,1899,256,3056,1389,2373,139,7,1204,1522,1541,2155,11231,8404.0205735826
4275,4,22488,3302,542,4212,1901,211,301,2211,2905,6053,850,3844,18644,4360.5767127079
4283,5,20753,3643,622,4494,2672,259,2272,557,3676,624,1933,4265,16487,4439.8599256663
4291,2,20384,6296,488,3503,1608,50,0,2331,1936,1100,3071,6784,13599,1664.9474721248
4309,2,19997,3400,493,2654,2337,636,1602,6154,908,610,1203,3893,16104,1982.0803239582
4317,2,9863,2121,821,2512,1276,147,991,349,502,571,572,2942,6920,1982.0803239582
4325,2,9824,2550,478,3240,885,65,0,1191,926,154,335,3028,6796,1982.0803239582
4333,1,2390,43,0,301,51,103,398,157,871,466,0,43,2347,951.3985554999
4341,1,2776,935,93,300,351,139,0,115,434,265,143,1028,1747,951.3985554999
4358,1,4019,2409,26,301,51,53,131,1,166,299,583,2435,1585,951.3985554999
4366,2,14840,2007,247,5522,1199,0,0,2497,575,2728,65,2254,12586,1982.0803239582
4374,5,25882,346,925,6393,7533,67,532,946,5938,3201,0,1271,24610,4043.4438608746
4382,3,12369,832,153,5168,1329,0,338,565,1723,1694,567,985,11384,2933.4788794581
4390,4,21575,2386,1269,5271,1566,571,633,228,6167,985,2498,3655,17919,3409.1781572080
4408,5,21406,2127,571,6378,3229,0,0,654,1947,5665,835,2698,18708,4360.5767127079
4416,3,13285,1864,379,3814,1063,258,0,252,3383,2085,187,2243,11042,2854.1956664997
4424,6,25055,1985,309,6460,2895,558,1025,3748,4389,3011,677,2294,22763,5074.1256293329
4432,2,4443,926,114,1896,346,201,0,225,197,50,489,1040,3404,1982.0803239582
4440,3,16263,4028,698,4719,1011,118,693,871,2978,1148,0,4726,11538,2854.1956664997
4457,2,89806,1485,319,12032,2886,38524,4148,2691,4648,2007,21067,1804,88003,1982.0803239582
4465,2,14821,1754,640,4635,2752,30,1024,653,590,1805,938,2394,12427,1982.0803239582
4473,2,8957,1003,704,3530,1926,46,94,669,319,667,0,1707,7251,1982.0803239582
4481,2,22124,3504,1182,3530,3291,804,536,1136,1310,6339,492,4686,17438,1982.0803239582
4499,2,32571,5386,1441,4635,2729,102,399,3495,9687,3396,1301,6827,25744,1982.0803239582
4507,2,12051,2146,224,4635,1890,1002,0,1145,770,83,156,2370,9681,1982.0803239582
4515,5,23556,4804,429,4524,737,1171,846,362,3533,3553,3596,5233,18322,5549.8249070828
4523,4,11855,1759,47,4719,1376,219,1766,134,1373,411,50,1806,10048,3409.1781572080
4531,2,15342,3192,807,3203,749,0,1550,315,1144,2868,1514,3999,11343,2140.6467498748
4549,2,13792,2721,979,3456,772,505,880,342,0,3937,201,3700,10093,2061.3635369165
4556,3,17746,2659,1082,3349,4083,819,443,2035,834,1974,468,3741,14005,2854.1956664997
4564,3,17771,2730,1048,4099,1562,151,0,1069,2195,4171,747,3778,13994,3171.3285183330
4572,2,6023,1254,366,3149,640,60,50,298,0,206,0,1620,4403,1982.0803239582
4580,1,10112,1314,200,4201,606,831,201,153,1615,624,368,1514,8599,872.1153425416
4598,2,11076,1961,448,4104,893,33,150,245,100,1622,1519,2409,8666,2140.6467498748
4606,5,22885,5388,1132,2512,1180,134,1325,402,401,5639,4770,6520,16363,5391.2584811662
4614,3,7519,1619,333,2512,1223,368,0,756,266,374,69,1952,5568,3171.3285183330
4622,4,8952,2080,396,2202,385,0,250,804,2102,670,63,2476,6476,3884.8774349580
4630,4,16485,334,39,3751,931,0,0,82,2783,8013,551,373,16111,3171.3285183330
4648,5,21000,2541,2388,2722,2062,1111,1301,1254,972,2817,3832,4929,16071,5074.1256293329
4655,5,10133,1079,565,2722,1251,0,0,302,1204,2749,261,1644,8489,3647.0277960830
4663,2,13728,2096,348,3814,825,950,951,774,1951,1935,84,2444,11284,2140.6467498748
4671,4,8272,1640,0,2711,722,251,551,9,364,1655,370,1640,6633,3250.6117312914
4689,4,6370,1113,770,2603,768,174,261,90,211,380,0,1883,4487,4202.0102867913
4697,6,11525,1759,140,3013,559,97,1110,584,1899,648,1717,1899,9627,5311.9752682078
4705,5,10595,1414,303,3033,1901,1484,30,452,1193,484,302,1717,8879,4202.0102867913
4713,2,15261,676,113,5774,2108,50,452,1422,630,3685,351,789,14472,1982.0803239582
4721,3,11185,694,371,5553,1189,0,454,1051,802,885,187,1065,10121,2933.4788794581
4739,3,34575,5031,262,8215,3979,803,1466,636,1783,10627,1773,5293,29282,2695.6292405831
4747,4,30134,6253,1034,8338,3181,70,392,707,5900,4093,166,7287,22847,4360.5767127079
4754,1,14558,1611,213,4204,1166,217,1167,813,5087,51,30,1824,12735,872.1153425416
4762,4,14592,1154,557,4224,3014,45,0,1268,298,3942,91,1711,12882,4360.5767127079
4770,4,10558,2903,398,2969,1437,0,188,942,913,678,129,3301,7256,3329.8949442497
4788,5,26264,1772,641,3503,2317,282,676,928,6004,9418,722,2413,23850,4836.2759904579
4796,2,6227,1149,369,3297,890,0,250,188,0,84,0,1518,4709,1982.0803239582
4804,4,11719,1171,328,5298,1180,0,299,574,1487,953,430,1499,10221,3567.7445831247
4812,1,10083,544,408,5465,1134,0,602,558,395,976,0,952,9130,872.1153425416
4820,2,6310,532,87,2002,400,268,703,87,211,2020,0,619,5691,2140.6467498748
4838,1,6988,757,0,4153,550,196,251,555,220,306,0,757,6231,872.1153425416
4846,2,6628,869,298,1702,798,20,0,434,522,1659,325,1167,5460,1982.0803239582
4853,3,16793,2471,0,4344,3807,0,1855,1044,566,2010,695,2471,14321,2616.3460276248
4861,2,16147,2380,844,5355,1172,239,689,2764,377,1023,1305,3224,12924,1982.0803239582
4879,2,42856,2422,1029,8738,2849,1053,0,2780,2312,21539,134,3451,39405,1982.0803239582
4887,2,13532,712,58,8510,1459,0,0,856,1104,827,7,770,12763,1982.0803239582
4895,4,21584,6642,1022,4051,1611,87,1131,628,3122,2157,1132,7664,13919,3647.0277960830
4903,4,7388,771,187,1299,1190,187,511,268,746,1743,485,958,6429,3567.7445831247
4911,5,17188,861,305,3235,3360,4795,823,148,846,2780,35,1166,16022,3884.8774349580
4929,2,16513,1538,1456,4745,809,694,2058,1476,392,1761,1585,2994,13520,1982.0803239582
4937,2,19514,1283,0,4736,1216,321,702,715,463,9800,279,1283,18232,1982.0803239582
4945,4,30629,1777,365,4667,1152,388,902,383,4396,15898,701,2142,28487,4122.7270738330
4952,4,23383,3375,1503,4558,1130,534,0,2891,7442,1950,0,4878,18505,3964.1606479163
4960,5,23555,3400,579,5738,2042,114,1025,2412,4489,2077,1681,3979,19578,4677.7095645412
4978,5,14150,1883,330,1464,2816,351,414,211,1449,4756,476,2213,11937,5470.5416941245
4986,2,11786,2077,812,3253,346,1971,0,235,2165,927,0,2889,8897,2140.6467498748
4994,1,5660,179,739,3691,642,0,0,100,0,308,0,918,4741,872.1153425416
5009,6,10267,1641,470,2002,1071,184,1611,196,835,1678,579,2111,8156,5232.6920552495
5017,3,14096,1176,420,3689,1550,574,0,894,844,4949,0,1596,12500,3092.0453053747
5025,3,8078,87,0,2797,583,13,931,94,894,2294,384,87,7990,2854.1956664997
5033,3,6833,2265,654,2002,421,0,0,0,134,148,1209,2919,3914,3092.0453053747
5041,4,20354,3903,534,3503,1183,204,671,278,4612,2752,2714,4437,15917,3329.8949442497
5058,4,26334,2733,757,4978,3587,128,601,1846,4281,6887,535,3490,22843,3567.7445831247
5066,3,23426,2818,570,6330,2054,2387,335,854,3705,3591,783,3388,20039,2616.3460276248
5074,5,24770,1658,355,3907,2279,850,764,3463,2741,8031,721,2013,22756,4915.5592034162
5082,5,24431,4643,950,4231,1549,473,337,1022,3340,7495,391,5593,18838,3884.8774349580
5090,3,17843,2097,541,3901,2080,588,478,464,2952,4503,239,2638,15205,2378.4963887498
5108,5,21317,4069,1380,4625,2313,171,1051,1049,2202,3936,522,5449,15869,4677.7095645412
5116,6,28196,1667,483,4573,1687,1637,201,872,7742,4099,5235,2150,26046,4915.5592034162
5124,5,29859,1467,274,6301,1546,306,631,816,4310,7999,6209,1741,28118,4202.0102867913
5132,5,21604,5098,990,3946,2887,1133,348,683,3061,2898,561,6088,15517,4519.1431386246
5140,7,27344,2879,386,5020,1581,438,3694,1312,9270,2660,105,3265,24080,5629.1081200411
5157,3,19665,3554,175,4246,4968,251,701,2933,0,217,2620,3729,15936,2616.3460276248
5165,2,8818,799,807,3814,812,0,0,1898,262,426,0,1606,7212,1982.0803239582
5173,4,17375,2299,457,3333,4958,235,0,127,2865,2786,316,2756,14620,3171.3285183330
5181,2,15152,5401,605,3814,1820,0,0,2910,60,325,216,6006,9145,1982.0803239582
5199,2,25430,3114,1718,5573,3446,4203,862,711,1359,3745,700,4832,20599,1982.0803239582
5207,4,18468,3446,120,2837,974,397,100,26,3172,6971,426,3566,14903,3171.3285183330
5215,5,32924,4531,424,3370,1931,3190,4618,1240,3872,7888,1858,4955,27967,4598.4263515829
5223,5,29808,5270,1183,4886,3281,898,0,1311,5290,6644,1046,6453,23356,4836.2759904579
5231,4,19068,4978,554,4715,2513,206,151,706,987,2951,1309,5532,13538,3884.8774349580
5249,5,28513,5170,524,4695,3864,399,1225,2590,3161,6084,803,5694,22821,5153.4088422912
5256,5,23690,2227,700,4561,2349,349,40,2838,2767,7689,169,2927,20762,4677.7095645412
5264,5,31204,4498,1692,4494,5215,1746,351,660,7440,3172,1936,6190,25014,4202.0102867913
5272,2,4746,1006,251,2637,101,0,0,532,50,170,0,1257,3490,1982.0803239582
5280,4,27032,2115,0,6526,341,374,0,1115,3735,10844,1982,2115,24917,3171.3285183330
5298,2,29399,5021,954,5120,1007,404,0,256,510,15448,678,5975,23423,2140.6467498748
5306,1,19796,4820,0,5521,1129,798,701,855,2734,2828,409,4820,14975,1189.2481943749
5314,1,9745,925,0,5020,1421,406,0,2,534,1175,262,925,8820,1189.2481943749
5322,3,18428,841,776,4387,1586,527,151,1123,2390,6386,261,1617,16811,2774.9124535414
5330,2,14746,192,55,4450,3045,1102,0,143,5059,700,0,247,14499,2061.3635369165
5348,2,14641,2095,547,4682,1751,0,43,1482,1239,1324,1478,2642,11999,1982.0803239582
5355,2,15171,2032,1648,3623,685,598,144,2226,497,1938,1780,3680,11491,1982.0803239582
5363,2,9462,1414,296,4948,523,73,230,158,572,1162,85,1710,7751,2061.3635369165
5371,4,9529,1350,72,4384,1101,0,90,323,1318,892,0,1422,8108,3092.0453053747
5389,3,40440,2288,805,26432,3280,2405,70,1656,1066,1821,616,3093,37346,2616.3460276248
5397,1,9223,2249,0,3815,835,421,0,34,40,1671,157,2249,6973,1189.2481943749
5405,1,13679,2312,207,7017,1495,0,0,109,220,2318,0,2519,11159,1109.9649814166
5413,2,7092,1849,750,1606,484,0,201,154,931,711,405,2599,4492,1823.5138980415
5421,2,11935,1658,0,3756,754,0,395,144,1755,3320,153,1658,10277,2140.6467498748
5439,1,6959,424,402,3012,862,0,326,574,0,1359,0,826,6133,1109.9649814166
5447,1,9183,404,723,3597,2549,43,181,570,241,109,765,1127,8055,872.1153425416
5454,1,9115,818,294,4366,905,0,0,604,298,626,1204,1112,8003,872.1153425416
5462,2,15786,1146,227,7078,95,3352,0,534,549,1713,1091,1373,14412,1982.0803239582
5470,1,11015,2177,0,6827,75,0,361,468,323,297,485,2177,8836,1109.9649814166
5488,5,15292,785,0,4938,925,230,1105,355,4387,1856,711,785,14507,4043.4438608746
5496,2,14391,3542,598,3472,831,89,214,887,781,3115,863,4140,10252,1982.0803239582
5504,1,11164,458,70,4293,526,0,671,90,0,5055,0,528,10635,872.1153425416
5512,3,16292,1981,0,5668,3456,0,0,732,490,2836,1130,1981,14312,3012.7620924164
5520,3,24334,3881,1902,3524,914,569,803,373,663,10244,1462,5783,18552,3250.6117312914
5538,1,6197,378,187,4095,236,156,502,413,87,144,0,565,5633,872.1153425416
5546,3,6620,1354,206,3954,617,34,0,126,231,97,0,1560,5059,2378.4963887498
5553,4,26997,2777,723,6634,1671,0,733,226,3265,10042,926,3500,23497,3567.7445831247
5561,3,8171,953,289,4095,616,311,30,675,298,784,121,1242,6930,2854.1956664997
5579,2,6196,455,0,4705,414,0,0,117,51,455,0,455,5742,1902.7971109998
5587,2,6487,792,220,4162,711,0,0,251,0,74,277,1012,5475,1982.0803239582
5595,3,16684,1732,347,5020,1513,654,0,774,82,6562,0,2079,14605,3329.8949442497
5603,2,33192,4893,1408,4857,1594,2126,611,568,8100,2268,6767,6301,26891,2061.3635369165
5611,5,16830,2773,320,3431,1798,50,606,563,2607,4215,467,3093,13737,3726.3110090413
5629,2,27457,2987,471,5696,2464,446,0,2381,2113,10344,554,3458,23998,1982.0803239582
5637,4,33577,1605,542,5613,4867,296,141,294,5894,13506,820,2147,31431,3567.7445831247
5645,3,22733,2355,480,4220,1384,7380,255,257,3859,2122,421,2835,19898,1982.0803239582
5652,4,17010,1569,1217,1843,1682,30,3313,95,3971,3289,0,2786,14223,3488.4613701663
5660,2,10402,2115,659,3353,1284,0,0,2540,100,351,0,2774,7628,1982.0803239582
5678,1,12828,1366,144,3302,752,6243,0,341,201,356,124,1510,11319,1109.9649814166
5686,1,4920,131,233,3230,161,69,0,853,145,97,0,364,4555,872.1153425416
5694,1,7106,0,0,5634,734,0,0,71,251,416,0,0,7106,872.1153425416
5702,9,15803,2382,331,5487,1076,78,1081,600,3079,349,1341,2713,13091,7294.0555921660
5710,2,8752,387,244,4136,1141,0,0,550,319,1819,156,631,8121,1982.0803239582
5728,1,9106,1001,637,3614,1816,0,0,793,60,1021,164,1638,7468,872.1153425416
5736,3,3925,0,0,2510,366,0,0,444,261,343,0,0,3924,2854.1956664997
5744,4,19126,2980,1166,3302,951,95,785,510,4166,4864,306,4146,14979,3567.7445831247
5751,3,20402,2129,1062,4479,709,7047,201,1065,2618,1093,0,3191,17212,2774.9124535414
5769,3,27299,3704,379,3133,1275,99,600,1239,1008,15401,460,4083,23215,2933.4788794581
5777,4,20247,1968,641,4479,997,70,0,1163,9643,1285,0,2609,17637,4439.8599256663
5785,2,10215,2291,664,2499,491,568,1004,1324,221,688,466,2955,7261,2061.3635369165
5793,1,9927,4195,895,1738,2085,535,231,0,0,0,248,5090,4837,872.1153425416
5801,5,18958,4557,240,2565,1429,67,0,2571,4130,2760,639,4797,14161,4598.4263515829
5819,5,17089,3102,1082,2565,1767,1553,902,2831,1741,1508,39,4184,12906,4360.5767127079
5827,5,33159,4638,1348,3326,2564,1134,0,4375,10857,2708,2209,5986,27173,4836.2759904579
5835,5,24307,8246,735,2218,5076,3170,0,0,1476,2993,393,8981,15326,5549.8249070828
5843,4,39521,5272,82,4098,2922,1424,2657,3279,4420,12114,3255,5354,34169,3250.6117312914
5850,5,20253,3711,0,2945,2202,50,4056,346,2466,3950,527,3711,16542,4122.7270738330
5868,7,26114,6876,646,3436,2972,719,0,295,6122,5048,0,7522,18592,6659.7898884994
5876,1,6872,1882,359,3456,473,32,0,63,0,270,337,2241,4631,1109.9649814166
5884,4,22676,843,623,4385,1660,350,3293,1756,2493,6337,937,1466,21211,3647.0277960830
5892,1,9036,524,44,4420,972,383,86,921,612,770,304,568,8468,872.1153425416
5900,2,5002,1841,401,1104,678,70,321,446,0,140,0,2242,2759,1982.0803239582
5918,1,4694,485,50,1851,184,109,140,1504,110,127,134,535,4159,872.1153425416
5926,5,7580,598,424,1851,419,901,365,315,1711,734,262,1022,6558,3805.5942219997
5934,2,10871,2278,445,2361,725,483,1703,963,300,1110,501,2723,8146,1982.0803239582
5942,1,7457,240,109,2361,715,668,1603,813,262,687,0,349,7109,872.1153425416
5959,2,18768,1388,618,3256,654,941,301,189,3102,8128,190,2006,16761,2140.6467498748
5967,2,5322,752,244,3012,414,27,633,1,60,181,0,996,4328,1664.9474721248
5975,1,1235,0,0,301,147,67,351,0,0,368,0,0,1234,951.3985554999
5983,1,1285,252,0,300,147,2,181,1,96,306,0,252,1033,951.3985554999
5991,1,1644,213,0,300,51,3,0,0,830,246,0,213,1430,951.3985554999
6007,3,10541,166,405,2110,1298,122,711,283,1215,3819,413,571,9971,2695.6292405831
6015,3,10344,563,711,2410,1030,402,0,299,1399,3530,0,1274,9070,2933.4788794581
6023,3,25274,5314,0,5983,1755,0,698,1020,3509,6036,960,5314,19961,2616.3460276248
6031,4,21469,2301,951,7903,3578,2882,0,1141,1394,1233,85,3252,18216,4360.5767127079
6049,2,26892,4522,681,7013,2082,20,4217,5038,1027,2075,218,5203,21690,1982.0803239582
6056,5,13149,1636,79,3503,993,371,371,444,4595,547,609,1715,11433,4043.4438608746
6064,1,35573,1473,469,7122,2069,20883,80,1708,742,614,414,1942,33632,872.1153425416
6072,1,12816,1787,512,5561,1368,56,2724,481,234,93,0,2299,10517,872.1153425416
6080,1,10498,625,62,5470,546,0,301,402,1209,1884,0,687,9812,872.1153425416
6098,3,30299,4511,361,8902,2026,0,1139,3616,1475,8069,199,4872,25426,2933.4788794581
6106,2,35100,2882,0,20089,923,1754,0,473,2997,5982,0,2882,32218,2061.3635369165
6114,1,5742,811,0,2410,513,0,229,155,475,801,349,811,4932,872.1153425416
6122,2,29631,3347,286,6055,628,2694,3602,105,577,12171,166,3633,25998,2140.6467498748
6130,1,12624,2248,0,2661,227,100,0,0,1894,5493,0,2248,10375,1189.2481943749
6148,2,11856,2089,101,4220,592,775,0,1189,1832,313,743,2190,9664,2378.4963887498
6155,2,14594,1516,131,5522,804,70,1456,230,2113,1620,1133,1647,12948,2140.6467498748
6163,2,16550,766,845,5397,1212,5656,0,1927,577,170,0,1611,14939,1982.0803239582
6171,7,21151,5589,1960,5397,1527,991,0,674,2476,1046,1491,7549,13602,6501.2234625827
6189,5,24554,3780,763,3940,2432,2251,2597,260,4992,2560,979,4543,20011,5232.6920552495
6197,5,29618,2849,957,5597,1941,1171,1466,1003,5249,7262,2123,3806,25812,5311.9752682078
6205,3,14122,1883,746,3503,948,1696,174,429,3699,920,122,2629,11491,2616.3460276248
6213,4,16394,1555,24,3940,1173,1313,251,547,689,6754,147,1579,14814,3884.8774349580
6221,2,8430,784,1087,4100,551,0,151,715,211,351,478,1871,6557,1982.0803239582
6239,2,10693,1897,414,3403,2422,93,0,1889,235,134,206,2311,8382,1982.0803239582
6247,4,28079,3196,1160,7193,3474,1351,1962,2222,4189,2630,703,4356,23724,3567.7445831247
6254,4,23644,5175,1174,8108,2916,632,271,630,1875,2732,130,6349,17294,3884.8774349580
6262,2,7266,338,74,4356,838,0,0,1059,0,602,0,412,6855,1982.0803239582
6270,2,5665,595,109,3691,752,0,0,176,0,300,43,704,4962,1823.5138980415
6288,2,8083,1283,723,2703,808,2100,0,116,0,351,0,2006,6078,2061.3635369165
6296,2,5522,338,91,3691,676,30,0,468,108,120,0,429,5093,2061.3635369165
6304,1,5174,544,329,3230,90,775,0,50,0,59,97,873,4301,872.1153425416
6312,2,6893,866,621,3996,800,39,0,108,221,101,142,1487,5407,1744.2306850832
6320,1,4589,420,162,3230,364,0,0,1,242,170,0,582,4007,1109.9649814166
6338,3,8194,963,276,4605,1070,0,0,265,70,851,95,1239,6956,3171.3285183330
6346,2,7428,1089,510,3397,618,1015,0,243,556,1,0,1599,5830,1982.0803239582
6353,3,26668,1734,565,5739,1400,0,1602,5723,1725,8180,0,2299,24369,3171.3285183330
6361,1,10313,295,527,3731,1758,33,0,1647,970,612,741,822,9492,872.1153425416
6379,1,9018,859,297,4382,1012,295,0,857,886,417,13,1156,7862,872.1153425416
6387,1,9696,1975,64,3514,394,684,0,530,464,1991,80,2039,7657,1109.9649814166
6395,3,3595,861,734,108,864,0,50,437,195,251,95,1595,2000,2378.4963887498
6403,2,14997,2783,890,3262,1274,127,0,832,1223,3926,680,3673,11324,1982.0803239582
6411,3,11615,1534,166,2951,1334,491,1366,609,963,1310,890,1700,9914,2933.4788794581
6429,3,6637,1137,629,2887,310,103,0,748,242,495,87,1766,4872,3171.3285183330
6437,6,18437,2694,504,4884,2278,155,500,237,2561,1655,2968,3198,15238,5153.4088422912
6445,1,7038,139,109,3814,311,50,0,189,221,1468,738,248,6791,872.1153425416
6452,5,32271,5001,261,5022,1847,6844,1041,797,7413,3043,1002,5262,27009,4202.0102867913
6460,2,30356,2868,534,6219,1980,2190,399,1431,1900,12275,558,3402,26952,1982.0803239582
6478,5,26022,1763,439,8902,2992,0,420,1370,3976,5178,983,2202,23821,4281.2934997496
6486,2,10703,1309,536,146,3289,145,1341,745,1667,1369,156,1845,8858,1823.5138980415
6494,4,10961,2442,1229,2141,2060,50,0,536,248,1699,558,3671,7292,4122.7270738330
6502,5,23431,4127,1010,3696,1541,321,403,1504,2443,8230,156,5137,18294,5391.2584811662
6510,1,8894,28,0,3879,2834,183,0,1285,0,53,632,28,8866,872.1153425416
6528,5,36659,2889,144,3168,3683,229,2857,2610,2599,15843,2636,3033,33625,4677.7095645412
6536,2,11678,1397,0,3747,2452,0,0,1211,1733,1138,0,1397,10281,1982.0803239582
6544,4,25366,3844,1302,1652,1470,846,726,661,3123,11703,39,5146,20220,3726.3110090413
6551,3,12704,2172,1534,3696,2461,0,0,1408,585,698,148,3706,8996,2933.4788794581
6569,1,13165,1252,638,3696,1585,0,386,2559,1003,1633,413,1890,11275,872.1153425416
6577,5,5134,593,165,751,810,0,402,53,905,1454,0,758,4375,5153.4088422912
6585,5,20627,5563,404,941,2563,0,638,800,6487,2741,489,5967,14659,3884.8774349580
6593,4,43549,7138,1619,9355,3354,2666,870,583,5030,10759,2175,8757,34792,3567.7445831247
6601,7,25167,7468,1074,2565,3562,1225,174,1551,3463,2967,1118,8542,16625,7056.2059532910
6619,5,14666,5546,1914,2565,1143,1352,0,652,44,1255,196,7460,7207,4915.5592034162
6627,6,20094,8064,1709,2565,2268,0,0,524,1141,3004,818,9773,10320,6580.5066755411
6635,8,14209,3271,596,2218,1243,0,1218,306,664,1997,2697,3867,10343,7135.4891662493
6643,6,13347,3206,570,2565,1029,301,0,96,674,2976,1931,3776,9572,5946.2409718745
6650,6,9199,5481,965,601,941,22,0,275,164,717,33,6446,2753,4994.8424163745
6668,3,20685,5163,1270,2565,1726,3881,0,809,1266,2335,1670,6433,14252,2695.6292405831
6676,2,20000,1329,612,1960,2632,112,1325,546,367,9469,1648,1941,18059,1982.0803239582
6684,4,7058,1178,349,1960,1033,0,0,0,1079,1172,288,1527,5532,4043.4438608746
6692,2,9516,868,22,1819,585,1670,723,1002,2181,645,0,890,8625,2140.6467498748
6700,4,25273,6690,1817,1960,1031,1403,3514,4625,1136,3097,0,8507,16766,3567.7445831247
6718,5,23333,3950,881,2039,1931,154,1315,1165,5908,2367,3622,4831,18501,5232.6920552495
6726,2,18346,2624,499,7047,1504,44,726,3143,324,2268,167,3123,15223,1982.0803239582
6734,5,26340,1680,154,5020,4823,73,0,382,3203,8986,2018,1834,24505,4281.2934997496
6742,5,5833,758,154,3715,904,113,0,0,0,191,0,912,4923,5311.9752682078
6759,3,8673,1188,335,4016,695,104,70,276,261,527,1202,1523,7151,2537.0628146664
6767,4,14757,3576,861,4819,1031,415,0,2509,358,896,291,4437,10319,3171.3285183330
6775,7,44349,3041,0,5434,4507,297,511,3546,6101,20784,128,3041,41308,6501.2234625827
6783,5,33480,8132,463,7631,6896,599,555,3756,2625,2540,283,8595,24885,4836.2759904579
6791,5,18674,1767,1173,4256,2398,0,244,578,3276,2301,2680,2940,15733,5391.2584811662
6809,4,9833,375,0,2510,962,139,171,455,3961,1014,244,375,9456,3171.3285183330
6817,4,8686,2030,199,462,1165,0,1757,421,326,1141,1187,2229,6459,4281.2934997496
6825,4,32808,1418,859,3262,1026,16850,612,1459,1303,5144,873,2277,30529,3726.3110090413
6833,3,19134,4667,1283,2707,764,16,1114,458,2821,1555,3749,5950,13184,2695.6292405831
6841,4,7489,987,457,2563,1004,100,201,133,910,817,318,1444,6046,3647.0277960830
6858,4,18950,2809,764,5107,2274,107,0,527,846,4749,1766,3573,15376,4122.7270738330
6866,6,38968,3105,667,5248,2544,616,2610,1621,13755,7409,1391,3772,35194,5549.8249070828
6874,4,14387,2634,919,2510,880,578,0,507,3051,2821,487,3553,10834,3329.8949442497
6882,5,39720,2648,436,5258,2814,1006,2761,630,4856,18892,420,3084,36637,4439.8599256663
6890,2,32472,1347,600,5274,2673,838,0,3581,305,17765,87,1947,30523,1982.0803239582
6908,4,27705,6142,433,5328,2074,99,2310,1189,3776,5981,372,6575,21129,4202.0102867913
6916,4,25420,960,982,5522,2115,150,150,245,2140,12223,934,1942,23479,3250.6117312914
6924,2,6294,544,51,4016,1072,0,0,219,292,100,0,595,5699,1982.0803239582
6932,1,12444,7526,436,1365,1192,0,0,739,935,251,0,7962,4482,872.1153425416
6940,5,18017,3023,873,2047,4030,0,2088,0,459,3184,2312,3896,14120,4915.5592034162
6957,3,16446,3976,423,2047,1537,33,858,724,1905,3857,1085,4399,12046,2616.3460276248
6965,2,10322,2797,513,2565,1190,186,201,1942,0,871,57,3310,7012,1982.0803239582
6973,2,8635,2357,787,2192,1359,652,0,0,0,869,418,3144,5490,1744.2306850832
6981,4,16150,5202,344,2565,1697,2484,0,385,321,2212,940,5546,10604,4122.7270738330
6999,3,23115,4698,1001,6390,2348,378,703,2338,1087,3694,477,5699,17415,3171.3285183330
7005,2,37520,10218,499,9320,4656,1951,1606,2132,1259,4782,1097,10717,26803,1982.0803239582
7013,2,13345,1350,159,4376,220,1503,1787,410,512,2868,161,1509,11837,2061.3635369165
7021,2,21311,4828,400,7017,5129,0,0,1117,441,1742,637,5228,16083,1982.0803239582
7039,5,16351,3462,1337,5897,2088,0,0,998,825,1641,103,4799,11552,5391.2584811662
7047,4,36315,1907,750,7076,2005,8092,0,168,8680,4699,2938,2657,33658,3329.8949442497
7054,3,29793,585,1032,4542,1993,133,271,209,1947,18645,436,1617,28176,2695.6292405831
7062,2,8040,2643,378,2964,166,0,0,525,135,808,421,3021,5019,1982.0803239582
7070,5,15290,2889,229,4673,1351,0,1145,720,2461,1822,0,3118,12172,5391.2584811662
7088,1,9394,317,245,8534,51,0,0,246,0,2,0,562,8833,872.1153425416
7096,4,16369,894,125,5020,2017,50,863,0,4712,2315,373,1019,15350,3409.1781572080
7104,3,16943,2499,754,7086,3114,33,0,311,1325,1734,87,3253,13690,3250.6117312914
7112,1,15487,728,614,9076,1906,165,0,246,1274,530,948,1342,14145,872.1153425416
7120,4,25279,6474,779,4605,4409,1304,43,1457,2885,3323,0,7253,18026,4360.5767127079
7138,5,22392,2317,286,4265,1754,237,1325,1347,6766,3740,354,2603,19788,4836.2759904579
7146,4,13508,3764,96,2925,1397,33,601,430,788,1278,2197,3860,9649,4043.4438608746
7153,3,18725,6398,1668,2251,1245,333,2338,401,704,2253,1136,8066,10661,2616.3460276248
7161,3,44293,2644,67,2537,1770,0,22723,0,3039,11513,0,2711,41582,2616.3460276248
7179,2,6432,1596,285,2251,659,103,120,619,257,541,0,1881,4550,1982.0803239582
7187,1,6089,601,527,2351,230,1802,0,270,267,41,0,1128,4961,872.1153425416
7195,2,10173,1543,436,5298,803,50,552,397,388,471,235,1979,8194,1982.0803239582
7203,4,9037,2728,555,3012,510,0,321,324,1431,156,0,3283,5754,3171.3285183330
7211,3,11147,1442,757,2811,1068,200,301,112,2216,2052,187,2199,8947,2616.3460276248
7229,2,54511,633,571,3384,1619,50,100,1003,1255,45193,705,1204,53309,1982.0803239582
7237,2,15491,1254,1522,5343,2039,566,1235,368,1193,1585,386,2776,12715,1982.0803239582
7245,4,7639,1528,188,3183,521,0,0,1777,281,161,0,1716,5923,3884.8774349580
7252,6,26474,3001,1133,5176,2675,338,100,1303,301,11929,517,4134,22339,5946.2409718745
7260,3,18377,2044,473,3153,1310,1005,0,203,1856,7176,1156,2517,15859,2616.3460276248
7278,1,1853,309,411,175,135,33,0,109,221,146,313,720,1132,872.1153425416
7286,3,13214,3864,557,2002,1468,367,2305,478,736,455,981,4421,8792,2695.6292405831
7294,6,13794,4016,112,2002,1860,689,602,553,2266,1587,107,4128,9666,5232.6920552495
7302,2,12079,435,0,3039,4831,1472,0,1677,108,517,0,435,11644,1744.2306850832
7310,3,13187,183,0,4580,1707,80,1406,437,1381,3413,0,183,13004,2933.4788794581
7328,5,13685,2581,800,1672,826,195,2422,290,1896,2125,878,3381,10304,4043.4438608746
7336,9,10439,1587,515,2228,1311,447,9,275,3099,581,389,2102,8339,8086.8877217493
7344,6,9694,1845,503,1058,393,43,541,136,4077,782,314,2348,7344,5232.6920552495
7351,1,7380,352,52,5387,809,62,0,216,312,190,0,404,6976,872.1153425416
7369,9,24647,4129,551,7229,2314,510,0,203,7728,1578,405,4680,19967,8404.0205735826
7377,2,10018,875,178,3849,482,323,482,0,3769,60,0,1053,8965,1585.6642591665
7385,1,3963,565,259,2512,581,0,0,0,0,45,0,824,3138,872.1153425416
7393,1,15243,2086,113,2753,598,923,315,100,1972,412,5970,2199,13043,872.1153425416
7401,4,25846,5250,299,3804,1420,303,43,1448,2151,10111,1017,5549,20297,3171.3285183330
7419,4,19547,4276,873,4218,1336,28,806,400,1637,5545,428,5149,14398,3726.3110090413
7427,2,8740,459,270,5205,942,0,954,175,455,229,52,729,8012,2061.3635369165
7435,1,10195,2192,304,5005,520,0,0,96,1280,797,0,2496,7698,1189.2481943749
7443,2,47806,2888,600,4635,3791,20214,841,3885,3100,4890,2962,3488,44318,1982.0803239582
7450,4,21257,4185,990,4635,3706,0,502,501,3772,2965,0,5175,16081,3409.1781572080
7468,2,13194,1773,462,3530,2499,635,402,578,920,2396,0,2235,10960,1982.0803239582
7476,9,21080,1389,742,6159,1909,137,878,2653,3787,2823,601,2131,18947,8404.0205735826
7484,6,18183,1857,826,4818,2447,1908,0,1236,2854,1829,407,2683,15499,6263.3738237078
7492,2,15222,2530,565,2453,671,1048,1570,98,2129,1749,2408,3095,12126,2140.6467498748
7500,2,6216,445,318,3233,1064,0,0,297,211,449,200,763,5454,1982.0803239582
7518,8,20222,2587,395,4219,2636,432,190,1165,6026,2289,282,2982,17239,8959.0030642908
7526,2,10719,942,399,2811,654,20,201,578,775,3904,436,1341,9379,2061.3635369165
7534,6,13443,2002,731,3183,1744,145,52,403,1533,1067,2584,2733,10711,4598.4263515829
7542,5,18190,715,1152,5176,1953,54,0,2281,2065,1139,3654,1867,16322,5074.1256293329
7559,1,5497,448,151,3183,457,0,0,111,201,252,694,599,4898,872.1153425416
7567,2,15214,2186,1271,6355,2002,96,201,887,235,1914,67,3457,11757,1982.0803239582
7575,3,18833,2595,39,3530,2589,0,0,442,4273,5365,0,2634,16199,2616.3460276248
7583,2,16976,4691,820,4004,1623,503,693,921,205,1905,1612,5511,11466,1982.0803239582
7591,5,20563,2615,1668,5397,2102,165,351,608,3056,2193,2408,4283,16280,4915.5592034162
7609,1,8854,1136,230,3940,928,0,0,42,1157,1420,0,1366,7487,1189.2481943749
7617,2,11844,2987,639,3940,1518,48,0,820,681,1212,0,3626,8219,1585.6642591665
7625,2,7065,512,34,3940,1058,240,0,515,249,409,109,546,6520,1982.0803239582
7633,5,21732,3887,707,5397,1948,361,0,2728,1894,4810,0,4594,17138,5311.9752682078
7641,6,21330,3101,603,5397,1280,2072,728,459,5398,1882,409,3704,17625,4756.9927774996
7658,2,14668,2693,952,5630,2009,67,80,479,556,1260,942,3645,11023,1982.0803239582
7666,2,8559,442,24,3691,855,583,400,1303,236,987,38,466,8093,2061.3635369165
7674,2,7685,1386,382,3691,1244,127,120,200,290,244,0,1768,5916,1982.0803239582
7682,2,14286,1673,476,4466,1590,771,200,2499,841,1697,73,2149,12137,1982.0803239582
7690,2,12483,2723,590,4500,1275,30,521,120,261,1961,502,3313,9170,1823.5138980415
7708,2,23238,2674,182,5140,1247,0,0,11241,1036,1696,22,2856,20382,1982.0803239582
7716,4,17869,544,176,5295,1236,100,0,3024,3795,2125,1574,720,17149,3409.1781572080
7724,3,11618,2483,417,2897,1024,98,840,361,898,2288,312,2900,8718,3012.7620924164
7732,3,15737,2011,345,3497,1537,2562,1371,274,520,3457,162,2356,13380,2774.9124535414
7740,1,9745,308,736,4446,1134,1522,100,1028,60,103,307,1044,8700,872.1153425416
7757,4,14847,2308,551,5831,1991,0,100,1166,470,2215,217,2859,11990,4122.7270738330
7765,2,8406,1694,551,4332,662,139,0,389,174,431,33,2245,6160,1982.0803239582
7773,4,16982,1784,620,5713,1568,1729,781,2090,1618,651,428,2404,14578,3805.5942219997
7781,4,11440,941,351,3691,1139,301,801,847,1945,1081,343,1292,10148,4122.7270738330
7799,2,23494,1344,390,5527,1464,130,1255,437,0,12886,61,1734,21760,1982.0803239582
7807,2,12541,2570,886,2997,1213,0,0,287,442,2875,1273,3456,9087,2299.2131757915
7815,2,29035,2144,428,3814,2701,2236,200,324,721,15357,1108,2572,26461,2061.3635369165
7823,2,9816,145,0,3253,788,243,30,377,1610,3067,304,145,9672,1982.0803239582
7831,1,6919,604,301,4884,777,0,0,302,51,1,0,905,6015,872.1153425416
7849,1,10886,1068,156,3253,1008,234,260,17,776,3287,827,1224,9662,1189.2481943749
7856,3,16375,796,516,5680,1374,150,2269,910,975,3281,425,1312,15064,3012.7620924164
7864,5,40704,2045,769,7070,1646,3313,0,3319,5792,16269,481,2814,37890,4836.2759904579
7872,3,14742,2171,127,3691,1336,283,400,150,3807,2429,348,2298,12444,2695.6292405831
7880,4,18626,1451,485,4332,1524,451,100,1229,3897,1957,3199,1936,16689,3329.8949442497
7898,3,21015,2328,412,5894,2224,238,482,1158,2542,3707,2030,2740,18275,3012.7620924164
7906,2,20902,7948,2518,1527,2043,970,1652,907,40,2721,576,10466,10436,1744.2306850832
7914,3,11231,1574,694,2701,1488,1178,0,587,0,1801,1209,2268,8964,2695.6292405831
7922,2,7328,1372,299,2621,817,0,1135,122,217,263,482,1671,5657,1982.0803239582
7930,1,10157,1747,328,2611,1625,171,763,767,691,1336,119,2075,8083,1109.9649814166
7948,1,8763,2220,0,2553,868,0,0,329,1043,1707,43,2220,6543,1189.2481943749
7955,1,13918,5753,331,0,101,398,944,702,3559,1575,555,6084,7834,951.3985554999
7963,3,23239,2629,798,5491,600,1154,1241,6454,2507,1585,780,3427,19812,3171.3285183330
7971,2,4521,1902,741,542,172,0,0,712,241,210,0,2643,1877,2061.3635369165
7989,3,18867,1471,262,2847,576,57,433,439,3390,6092,3299,1733,17133,2616.3460276248
7997,2,9161,1455,441,2392,356,445,743,349,1723,524,733,1896,7265,1823.5138980415
8003,2,8872,1107,798,3587,1259,137,0,71,323,265,1324,1905,6966,1823.5138980415
8011,2,9327,1017,292,4335,1719,43,87,549,552,733,0,1309,8018,1744.2306850832
8029,2,9978,1515,443,5461,1518,39,0,366,331,175,130,1958,8020,1982.0803239582
8037,2,15910,2728,524,5511,1819,100,0,992,421,3355,458,3252,12656,1982.0803239582
8045,1,9298,826,290,4413,980,469,402,1077,229,595,18,1116,8183,872.1153425416
8052,4,15944,1066,183,3654,1004,70,0,373,8274,935,384,1249,14694,3250.6117312914
8060,2,17889,1043,316,4096,794,313,1902,1341,743,2691,4649,1359,16529,2140.6467498748
8078,1,5611,651,292,3119,601,636,0,65,152,95,0,943,4668,1109.9649814166
8086,3,18621,550,221,3500,800,220,914,653,1614,9880,270,771,17851,3250.6117312914
8094,5,9766,2207,776,3257,1355,112,0,548,918,340,253,2983,6783,4756.9927774996
8102,2,9408,1137,1961,3557,775,1085,0,265,217,195,217,3098,6311,1982.0803239582
8110,1,5656,139,0,3103,369,117,109,107,157,1237,318,139,5517,1189.2481943749
8128,2,29312,2071,478,4920,1004,572,100,83,1256,18827,0,2549,26762,1902.7971109998
8136,1,13758,588,0,6326,522,0,0,117,3148,2723,334,588,13170,872.1153425416
8144,2,53360,10706,1804,9020,8773,226,0,1221,5815,15795,0,12510,40850,1982.0803239582
8151,1,9244,1254,550,5359,990,253,0,453,236,101,48,1804,7440,872.1153425416
8169,2,6941,1418,324,3543,479,520,100,141,231,186,0,1742,5200,1982.0803239582
8177,3,21789,2503,304,3472,1335,3150,951,4067,1721,3066,1221,2807,18983,2854.1956664997
8185,3,12337,1143,382,3197,803,117,981,1525,1204,2222,764,1525,10813,2933.4788794581
8193,1,8812,1112,14,3472,1131,1606,0,547,210,569,150,1126,7685,1109.9649814166
8201,2,10583,3982,738,4296,1133,1,0,142,100,81,109,4720,5862,1982.0803239582
8219,1,8684,773,109,2502,416,0,0,1,238,4645,0,882,7802,1189.2481943749
8227,1,9870,1220,831,4088,975,59,0,1027,112,1558,0,2051,7819,1109.9649814166
8235,3,15499,3898,524,4422,965,208,229,612,1642,2764,235,4422,11077,3171.3285183330
8243,3,23823,5802,617,3003,841,316,1434,619,65,2663,8462,6419,17403,3012.7620924164
8250,4,12861,2795,292,3003,1137,432,151,0,702,4272,78,3087,9775,3884.8774349580
8268,1,6717,1152,539,3542,866,0,412,131,0,75,0,1691,5026,1109.9649814166
8276,5,9607,4632,761,1527,933,0,120,327,90,710,508,5393,4215,4915.5592034162
8284,4,7779,2499,273,1614,1986,0,200,226,50,639,291,2772,5006,3964.1606479163
8292,2,3299,386,859,1076,533,0,80,0,0,100,265,1245,2054,1982.0803239582
8300,3,19340,2272,760,2647,1525,1354,250,1310,2038,5947,1238,3032,16309,3171.3285183330
8318,12,12436,3818,1563,1614,1644,0,0,453,341,1049,1953,5381,7054,11258.2162400823
8326,5,14637,2224,1237,1906,1498,435,0,374,485,5193,1285,3461,11176,4598.4263515829
8334,6,37168,3052,1454,3593,1821,1382,8508,946,284,15855,274,4506,32663,6184.0906107494
8342,7,25875,2999,1357,2541,1448,4728,873,478,4181,2647,4622,4356,21518,6659.7898884994
8359,5,13148,2305,2605,1614,927,1090,1201,757,301,1906,442,4910,8238,5153.4088422912
8367,6,13202,2296,998,2722,1401,264,0,613,1346,3283,278,3294,9907,6104.8073977911
8375,6,9942,369,1129,2036,1975,1269,651,423,67,1644,380,1498,8445,4598.4263515829
8383,5,20671,1320,47,3176,1347,1555,1652,6266,0,3854,1454,1367,19304,5232.6920552495
8391,4,10729,890,317,1454,955,0,851,413,0,4156,1693,1207,9522,4202.0102867913
8409,4,26958,2270,1033,2779,1105,378,930,212,2434,15028,790,3303,23656,3567.7445831247
8417,1,3531,1412,0,0,201,72,0,1,1402,51,391,1412,2118,951.3985554999
8425,4,10921,3087,256,3179,1135,186,25,331,1774,796,153,3343,7579,3884.8774349580
8433,2,7108,144,492,5298,809,0,0,142,157,63,3,636,6472,1982.0803239582
8441,2,15735,3371,246,5578,1162,23,0,456,572,3805,522,3617,12118,1982.0803239582
8458,1,4663,902,690,1020,1713,0,0,0,0,339,0,1592,3072,872.1153425416
8466,5,31098,3384,202,1020,3848,167,1075,2345,5897,11502,1658,3586,27512,5074.1256293329
8474,4,14530,3598,277,0,597,204,625,225,5206,2319,1480,3875,10656,3805.5942219997
8482,4,22902,3919,170,8991,2774,100,380,673,4453,1440,0,4089,18811,3171.3285183330
8490,1,8790,1105,339,4404,626,117,894,49,906,350,0,1444,7346,872.1153425416
8508,2,36401,2534,833,9169,1955,454,0,2003,6891,9922,2640,3367,33034,1982.0803239582
8516,1,19201,2371,783,8902,3976,0,0,378,1760,596,435,3154,16047,872.1153425416
8524,2,17182,2377,239,9027,2446,177,0,788,647,1481,0,2616,14566,1982.0803239582
8532,1,14539,1463,49,8308,1372,80,321,56,905,1984,0,1512,13026,1189.2481943749
8540,4,46502,5397,601,8259,6960,241,2556,3060,10996,4725,3706,5998,40503,3964.1606479163
8557,4,29058,5300,231,6306,2866,0,174,1908,3683,8067,522,5531,23526,4043.4438608746
8565,1,24248,1532,252,7068,1582,33,0,10672,1000,1905,204,1784,22464,872.1153425416
8573,6,41509,7178,784,8965,4729,219,200,581,2986,14645,1221,7962,33546,4439.8599256663
8581,1,32217,3040,545,9238,11297,564,0,2331,953,1842,2407,3585,28632,872.1153425416
8599,4,7214,2823,717,1205,1080,44,0,0,0,905,441,3540,3675,4281.2934997496
8607,2,9371,2286,1403,1836,1255,761,0,677,0,115,1038,3689,5682,1982.0803239582
8615,6,12118,2021,667,2225,625,323,1492,351,1604,1984,824,2688,9428,6421.9402496244
8623,3,5285,407,777,2225,494,52,904,0,33,0,393,1184,4101,2774.9124535414
8631,1,3969,619,410,1836,309,0,0,707,0,0,87,1029,2939,1109.9649814166
8649,2,4722,1688,467,1836,641,44,0,0,0,46,0,2155,2567,1982.0803239582
8656,6,7362,1903,774,2225,898,44,0,342,0,1177,0,2677,4686,5946.2409718745
8664,1,3299,667,170,1836,324,200,0,100,0,0,0,837,2460,872.1153425416
8672,4,7091,964,467,2225,922,278,803,212,0,985,236,1431,5661,3409.1781572080
8680,7,20201,1806,406,2166,1497,2550,3527,807,968,2110,4364,2212,17989,7452.6220180827
8698,6,13566,903,1326,3653,1872,702,582,1219,119,3190,0,2229,11337,5787.6745459578
8706,3,14982,1593,1080,2166,1636,512,1069,197,110,6130,488,2673,12308,3171.3285183330
8714,4,30961,4047,2106,3653,2822,883,2500,1358,2692,8510,2389,6153,24807,3647.0277960830
8722,5,13667,2368,118,2166,1308,184,3163,1050,94,2586,631,2486,11182,4043.4438608746
8730,4,21076,2895,1145,2266,1003,257,351,1352,301,11503,0,4040,17033,4439.8599256663
8748,6,24662,3778,366,3653,1201,0,1163,577,1798,11965,159,4144,20516,4994.8424163745
8755,5,20317,2229,196,4004,1098,0,249,2099,4969,5454,17,2425,17890,5391.2584811662
8763,5,31726,1466,1453,1845,1417,618,2259,750,4853,12492,4573,2919,28807,5074.1256293329
8771,4,10637,1265,283,1506,1127,991,100,491,1003,2748,1124,1548,9090,3250.6117312914
8789,3,18837,6639,1319,3044,1047,1316,803,551,970,2036,1112,7958,10879,2774.9124535414
8797,6,26576,2270,847,3653,2033,3666,401,2520,5212,5702,273,3117,23460,6501.2234625827
8805,2,11463,923,255,3673,1914,34,0,1221,1227,2014,203,1178,10286,1982.0803239582
8813,2,25147,3525,738,3943,2168,738,0,1932,3926,6396,1782,4263,20885,1982.0803239582
8821,6,16234,2437,941,4069,1973,0,0,675,3756,2254,130,3378,12857,6184.0906107494
8839,2,9930,1325,138,3424,1142,0,130,2189,1044,321,217,1463,8467,1982.0803239582
8847,4,25485,5401,838,3524,2544,2644,261,709,4667,4863,32,6239,19244,3884.8774349580
8854,4,25659,3245,1563,3303,1873,2623,371,688,8666,959,2369,4808,20852,3250.6117312914
8862,1,13525,1057,0,3750,959,100,1355,212,1293,1280,3519,1057,12468,872.1153425416
8870,2,32680,3360,404,5619,1264,499,5020,1136,2230,12369,778,3764,28915,2061.3635369165
8888,2,13699,1552,1037,2893,1670,196,877,3053,856,1422,143,2589,11110,1982.0803239582
8896,2,6617,1545,593,2192,692,304,201,190,0,280,619,2138,4478,1744.2306850832
8904,3,10901,2294,776,2565,503,212,351,1220,0,2667,312,3070,7830,2616.3460276248
8912,2,16237,3909,938,3651,1075,117,201,2603,301,1466,1976,4847,11390,1982.0803239582
8920,4,19983,1013,566,10429,3587,80,0,748,1495,1552,510,1579,18401,3329.8949442497
8938,5,11266,702,0,3651,357,214,0,390,1924,3894,134,702,10564,4994.8424163745
8946,4,28896,4603,873,5386,1665,5979,0,2019,1272,6663,436,5476,23420,3647.0277960830
8953,5,40292,2565,257,3651,904,52,1004,207,21346,10011,295,2822,37470,4756.9927774996
8961,7,31341,3817,1352,5386,1182,1251,459,586,6652,4490,6164,5169,26170,7214.7723792077
8979,4,28246,2923,1112,4317,2048,349,802,1096,630,12899,2068,4035,24209,3171.3285183330
8987,2,6704,49,0,3651,1197,348,50,377,353,662,17,49,6655,2061.3635369165
8995,2,11838,2306,262,3651,743,53,742,204,1514,2274,90,2568,9271,1982.0803239582
9001,4,11113,1636,786,3303,1329,69,0,800,2627,402,161,2422,8691,3488.4613701663
9019,3,16708,4151,877,6506,764,84,979,1322,900,807,317,5028,11679,2695.6292405831
9027,3,38629,3265,415,5492,1449,262,1857,6147,4259,9501,5981,3680,34948,2616.3460276248
9035,5,33562,7681,1407,7105,5404,474,2155,858,5947,2217,315,9088,24475,4439.8599256663
9043,2,4475,389,224,3119,286,0,60,1,0,397,0,613,3863,1982.0803239582
9050,2,11178,2452,444,4417,1305,67,115,151,324,1810,94,2896,8283,1982.0803239582
9068,1,6776,652,190,3119,477,0,0,797,0,1489,52,842,5934,872.1153425416
9076,2,7882,906,629,2502,745,1000,60,1527,127,218,167,1535,6346,1982.0803239582
9084,1,5429,579,92,3161,742,104,174,1,171,101,304,671,4758,872.1153425416
9092,1,11962,747,525,4095,1976,1723,0,2430,100,169,196,1272,10689,1109.9649814166
9100,1,4760,1540,0,2502,275,0,0,0,151,209,83,1540,3220,872.1153425416
9118,2,19726,4855,574,4004,806,4822,50,565,1409,817,1823,5429,14296,2140.6467498748
9126,3,7017,2612,625,2402,1097,0,0,0,0,120,160,3237,3779,2854.1956664997
9134,1,5527,479,84,2678,1297,0,281,449,100,49,108,563,4962,1109.9649814166
9142,2,5313,580,362,141,2021,0,0,2008,0,201,0,942,4371,1982.0803239582
9159,2,5071,24,0,3003,359,0,0,731,329,624,2,24,5048,2061.3635369165
9167,5,15345,1987,493,5487,1868,197,100,455,3350,1095,313,2480,12865,4202.0102867913
9175,5,17234,2436,826,4136,1248,0,313,642,5002,565,2066,3262,13972,4598.4263515829
9183,1,5515,608,81,3536,923,0,109,69,0,189,0,689,4826,1109.9649814166
9191,2,6703,261,405,3754,1824,65,0,0,140,80,174,666,6037,1823.5138980415
9209,2,13610,2391,991,2502,1330,0,930,759,1978,1499,1230,3382,10228,2140.6467498748
9217,2,8972,944,544,5487,882,0,0,67,259,583,207,1488,7485,1982.0803239582
9225,1,2248,318,265,931,100,0,370,65,160,39,0,583,1665,872.1153425416
9233,2,6687,482,109,3696,1317,653,0,201,0,230,0,591,6097,2061.3635369165
9241,7,11770,1954,1025,1614,1390,206,1024,0,2878,1679,0,2979,8791,7611.1884439993
9258,4,10837,44,873,2195,1593,2472,0,41,1237,2383,0,917,9921,3250.6117312914
9266,1,6350,1165,681,1454,1820,134,50,735,0,50,262,1846,4505,872.1153425416
9274,3,12607,5288,676,1454,1153,0,0,616,0,2583,838,5964,6644,3171.3285183330
9282,3,10482,3041,811,1454,833,204,853,689,0,1652,945,3852,6630,2854.1956664997
9290,6,22121,6173,654,1614,720,0,0,971,3658,8330,0,6827,15293,6580.5066755411
9308,5,15897,755,873,1527,959,258,833,40,668,201,9785,1628,14271,4043.4438608746
9316,6,15618,1383,52,4159,1088,0,1004,2673,1420,3639,201,1435,14184,6025.5241848328
9324,5,9761,1331,336,1614,1355,661,703,901,301,2009,550,1667,8094,3805.5942219997
9332,7,16286,4592,462,2036,1167,327,167,229,4201,2778,326,5054,11231,6263.3738237078
9340,3,27036,6579,733,1506,733,636,5974,2995,1460,2853,3567,7312,19724,2695.6292405831
9357,5,20970,1154,785,1205,1121,354,1888,5595,693,7512,662,1939,19030,5470.5416941245
9365,4,19283,174,0,4396,1875,1149,1373,1173,3081,4647,1414,174,19108,4122.7270738330
9373,5,40636,3180,638,4956,2007,663,617,353,12034,15887,300,3818,36817,4122.7270738330
9381,2,36661,7379,2111,4804,3406,334,90,1610,3987,12615,325,9490,27171,1982.0803239582
9399,2,9408,890,597,2806,4423,1,100,398,101,90,0,1487,7919,1982.0803239582
9407,3,17761,1027,396,4956,1365,2160,762,459,1429,3029,2177,1423,16337,2933.4788794581
9415,3,10757,1122,423,2251,685,2315,1245,541,937,944,295,1545,9213,2933.4788794581
9423,2,14490,1323,324,4549,806,0,1091,1939,1428,1691,1339,1647,12843,1982.0803239582
9431,2,9674,775,660,2925,1360,1887,547,374,351,795,0,1435,8239,1982.0803239582
9449,1,3279,287,165,2251,445,20,0,7,1,102,0,452,2826,872.1153425416
9456,2,8490,544,218,2289,835,17,582,601,1386,1641,377,762,7728,2061.3635369165
9464,3,9160,0,0,5263,546,201,100,715,394,1942,0,0,9161,3171.3285183330
9472,3,39419,10135,1567,3436,4119,497,166,1140,4184,12517,1659,11702,27718,3171.3285183330
9480,3,6772,979,113,718,929,0,151,896,221,2686,80,1092,5681,3012.7620924164
9498,6,8045,2555,705,1606,920,371,0,145,665,973,104,3260,4784,6025.5241848328
9506,3,4413,434,175,2123,509,0,0,56,231,886,0,609,3805,3171.3285183330
9514,7,10805,1640,92,2123,889,134,871,188,2721,1672,475,1732,9073,5311.9752682078
9522,2,6551,1717,330,1955,615,0,0,759,261,809,104,2047,4503,1982.0803239582
9530,1,6170,262,349,2047,2061,100,392,58,100,500,301,611,5559,872.1153425416
9548,2,1277,0,0,822,2,0,0,1,0,452,0,0,1277,1982.0803239582
9555,5,15032,2204,627,1529,2275,709,857,1295,2156,3265,114,2831,12200,4202.0102867913
9563,3,10582,3774,921,1843,3149,84,171,140,0,226,275,4695,5888,2616.3460276248
9571,3,16653,3787,950,6705,897,565,501,795,632,1774,47,4737,11916,3012.7620924164
9589,2,7233,980,592,2230,626,0,200,462,197,857,1091,1572,5663,1982.0803239582
9597,4,12002,2290,370,2510,820,545,480,1082,1513,2136,257,2660,9343,3488.4613701663
9605,3,7817,338,208,2890,527,1028,0,1570,199,1057,0,546,7271,3171.3285183330
9613,2,10229,2109,172,2108,981,141,90,160,668,1165,2636,2281,7949,1902.7971109998
9621,2,12114,1721,515,2874,3771,266,987,281,192,633,875,2236,9879,1982.0803239582
9639,1,6014,1333,449,1736,236,59,411,120,1266,229,175,1782,4232,1109.9649814166
9647,2,10911,1375,282,2008,460,302,1102,590,1036,230,3526,1657,9254,1744.2306850832
9654,1,2450,0,0,1542,443,0,0,224,180,60,0,0,2449,872.1153425416
9662,3,15387,338,0,4539,1852,147,703,1722,3285,2274,527,338,15049,3171.3285183330
9670,2,6588,831,436,4120,538,0,0,202,321,141,0,1267,5322,1982.0803239582
9688,1,5559,1039,656,2512,305,669,0,1,1,3,373,1695,3864,872.1153425416
9696,1,4715,260,146,2512,164,16,0,408,256,705,247,406,4308,872.1153425416
9704,6,37120,5483,401,4120,1903,887,691,9164,4743,9576,153,5884,31237,5629.1081200412
9712,1,11633,343,229,1506,287,229,671,51,1063,7252,3,572,11062,1189.2481943749
9720,1,4069,766,729,1606,180,33,151,138,94,292,80,1495,2574,1109.9649814166
9738,1,1158,410,0,276,64,0,0,95,80,222,10,410,747,1109.9649814166
9746,3,24546,5356,843,3240,1053,2659,2036,569,4107,2565,2118,6199,18347,2933.4788794581
9753,5,22750,7227,1478,3245,1090,237,683,4494,1629,2292,373,8705,14043,5232.6920552495
9761,4,17341,4983,912,3250,1404,212,0,814,2840,2807,120,5895,11447,3884.8774349580
9779,2,9874,2409,428,1602,1139,0,1506,59,1224,899,609,2837,7038,1982.0803239582
9787,1,5018,897,138,2211,968,0,0,342,261,100,100,1035,3982,1109.9649814166
9795,3,13800,2650,1538,3514,1150,1370,0,1384,781,607,805,4188,9611,3171.3285183330
9803,5,15908,3136,89,3090,1593,241,0,757,3066,3902,35,3225,12684,4281.2934997496
9811,6,14176,959,305,2797,1646,2175,2209,954,901,1031,1200,1264,12913,6104.8073977911
9829,6,31487,7547,873,1884,1685,33,3163,0,1992,5975,8336,8420,23068,6580.5066755411
9837,2,6967,1745,218,1502,1100,0,301,1658,0,444,0,1963,5005,1982.0803239582
9845,5,28653,2377,324,3182,3978,1005,4500,398,3270,8681,939,2701,25953,4439.8599256663
9852,4,23633,3351,0,1583,1736,60,7590,1057,3460,4494,301,3351,20281,4122.7270738330
9860,6,22693,3403,2094,2002,2468,100,924,1671,1309,8362,361,5497,17197,6421.9402496244
9878,4,29208,3704,305,2638,1404,429,2209,289,1003,14937,2290,4009,25199,3250.6117312914
9886,3,14125,1432,169,3715,1003,885,0,1688,2046,2721,466,1601,12524,2616.3460276248
9894,2,4564,1421,758,325,435,276,0,463,541,250,94,2179,2384,1982.0803239582
9902,3,21246,2043,276,3838,1193,0,0,199,100,13021,575,2319,18926,2933.4788794581
9910,4,21179,2250,1112,3838,2214,37,2164,1874,341,7307,42,3362,17817,4122.7270738330
9928,4,13584,2955,113,3999,2587,612,140,910,702,849,717,3068,10516,4360.5767127079
9936,5,13978,2436,221,2512,652,6515,783,88,94,396,281,2657,11321,4202.0102867913
9944,7,58358,4116,595,3938,2447,20791,972,3914,12855,5431,3298,4711,53646,6025.5241848328
9951,5,9932,966,663,2664,1502,99,452,936,853,1182,614,1629,8302,5549.8249070828
9969,1,2077,22,0,803,373,0,200,203,0,475,0,22,2054,872.1153425416
9977,3,15606,2569,1073,3290,3169,137,100,800,887,3185,394,3642,11962,2933.4788794581
9985,4,14495,973,1112,2664,1551,516,0,2602,500,3516,1060,2085,12409,4122.7270738330
9993,3,23791,3428,811,6843,2927,320,500,470,2642,5407,443,4239,19552,3092.0453053747
10009,2,6471,768,515,2114,1707,0,100,591,167,251,257,1283,5187,1982.0803239582
10017,4,26207,8947,1442,2830,2870,621,0,958,3425,3869,1246,10389,15819,4202.0102867913
10025,5,9874,482,35,3384,1872,117,201,142,836,1651,1155,517,9358,3964.1606479163
10033,5,32150,4112,587,2820,2824,42,0,842,884,19286,753,4699,27451,4994.8424163745
10041,4,14287,3249,462,2113,938,597,703,238,638,2181,3167,3711,10575,3250.6117312914
10058,5,21612,2810,514,1922,1324,290,351,1153,8717,2855,1675,3324,18287,4677.7095645412
10066,8,19784,4319,1633,2563,2382,678,0,549,2745,3623,1291,5952,13831,8245.4541476659
10074,2,12929,1496,822,2039,2674,2837,0,173,185,1954,749,2318,10611,1982.0803239582
10082,2,12282,1797,201,1365,915,0,622,288,1891,3328,1876,1998,10285,2140.6467498748
10090,2,8691,1610,640,3514,930,0,402,461,528,606,0,2250,6441,1982.0803239582
10108,3,7177,1340,491,2797,583,0,0,241,839,886,0,1831,5346,2774.9124535414
10116,2,25069,2560,500,4479,1589,309,0,1347,2414,11617,254,3060,22009,1823.5138980415
10124,6,11891,2345,68,2517,881,140,0,395,3138,2062,345,2413,9478,5787.6745459578
10132,4,9594,2235,649,3263,898,111,110,62,419,1847,0,2884,6710,3726.3110090413
10140,2,11418,1015,555,2963,1309,136,752,3132,605,950,0,1570,9847,1982.0803239582
10157,2,4825,888,21,2410,191,0,0,353,175,350,436,909,3915,1982.0803239582
10165,5,13922,816,235,3769,1301,87,50,502,1473,5453,235,1051,12870,4836.2759904579
10173,1,4852,924,298,1529,1,668,268,0,1014,148,0,1222,3628,872.1153425416
10181,3,13027,2980,806,1529,1418,223,0,386,916,4739,31,3786,9242,3250.6117312914
10199,2,9555,1035,543,1235,130,367,100,213,2842,2794,297,1578,7978,1982.0803239582
10207,1,5653,241,304,0,0,0,0,1,4657,449,0,545,5107,951.3985554999
10215,1,5738,416,213,0,2,0,41,0,4371,681,13,629,5108,951.3985554999
10223,1,2277,558,0,0,51,17,0,58,1403,190,0,558,1719,951.3985554999
10231,1,7089,2440,109,0,2,57,957,9,1664,724,1127,2549,4540,951.3985554999
10249,1,11916,3296,394,0,101,100,1767,549,2748,852,2109,3690,8226,951.3985554999
10256,2,8199,2668,489,1574,1251,500,0,432,1,1095,190,3157,5043,1982.0803239582
10264,5,24958,2119,1956,2239,1454,1003,699,1202,5744,5905,2638,4075,20884,5311.9752682078
10272,1,9126,2335,1967,1254,477,0,130,1998,0,965,0,4302,4824,872.1153425416
10280,3,12264,5439,484,1791,570,243,659,112,804,1067,1094,5923,6340,3171.3285183330
10298,6,19388,6298,1165,2036,1592,77,1443,232,315,5122,1109,7463,11926,6342.6570366661
10306,7,18210,2921,556,2647,631,0,704,47,2802,7766,137,3477,14734,7769.7548699160
10314,2,5345,1254,687,1454,327,0,1139,184,0,300,0,1941,3404,1982.0803239582
10322,8,9473,3177,466,1614,735,150,0,1594,812,860,65,3643,5830,6501.2234625827
10330,3,5381,1459,91,1454,592,0,460,100,0,714,512,1550,3832,3171.3285183330
10348,6,13328,3141,770,2036,1394,335,1513,856,888,1419,975,3911,9416,5866.9577589161
10355,2,10423,3364,1381,1899,1384,0,0,0,833,1173,389,4745,5678,1982.0803239582
10363,5,21394,2577,2767,1612,1481,0,1548,1244,1927,6940,1297,5344,16049,4677.7095645412
10371,6,4447,770,259,1899,234,0,60,72,187,110,856,1029,3418,4756.9927774996
10389,3,10873,1755,130,1285,795,722,150,740,731,3852,713,1885,8988,2695.6292405831
10397,2,9048,1212,102,2527,1073,1145,729,107,577,1171,404,1314,7733,2061.3635369165
10405,1,1161,437,280,130,154,0,0,71,0,90,0,717,445,1109.9649814166
10413,1,594,0,0,119,67,0,0,0,240,166,0,0,592,872.1153425416
10421,8,9290,1647,459,1865,1016,3012,0,0,0,988,302,2106,7183,7611.1884439993
10439,1,4416,0,0,2527,1050,133,0,237,336,132,0,0,4415,872.1153425416
10447,5,6448,1288,444,2527,627,360,60,91,456,448,147,1732,4716,4836.2759904579
10454,5,3384,805,0,180,626,717,100,233,0,270,454,805,2580,5153.4088422912
10462,1,4843,206,269,2158,369,833,225,596,0,129,58,475,4368,872.1153425416
10470,2,50447,592,43,1493,509,130,0,121,37371,6877,3311,635,49812,2140.6467498748
10488,3,22898,0,0,4512,2055,67,0,1057,331,14876,0,0,22898,3171.3285183330
10496,6,15027,0,0,4512,2200,1977,0,900,2858,2580,0,0,15027,5391.2584811662
10504,7,8790,233,0,4512,2388,256,0,262,199,940,0,233,8557,7214.7723792077
10512,2,6892,2260,503,2058,679,550,0,181,0,661,0,2763,4129,1982.0803239582
10538,4,13367,2764,758,2864,2440,710,0,826,1547,1172,286,3522,9845,4043.4438608746
10546,2,16689,658,796,3892,4077,2851,120,670,597,2395,634,1454,15236,1982.0803239582
10553,2,11318,1360,380,2864,6157,217,0,1,201,52,86,1740,9578,1982.0803239582
10561,5,21467,5000,732,4058,2214,0,0,1350,5900,1834,379,5732,15735,4202.0102867913
10579,2,38904,4343,95,10137,2355,67,856,6409,1982,7039,5621,4438,34466,1982.0803239582
10587,1,18408,3142,0,3307,874,733,0,1480,2897,5783,193,3142,15267,1109.9649814166
10595,6,31308,5491,723,6831,3480,1835,2004,3425,2017,5061,441,6214,25094,5629.1081200412
10603,3,19592,3770,621,6580,1722,304,179,704,174,2704,2833,4391,15200,2933.4788794581
10611,4,24705,10023,0,2997,3208,46,260,1420,2932,3819,0,10023,14682,3805.5942219997
10629,4,13555,2527,575,7017,1140,138,40,659,216,898,346,3102,10454,4122.7270738330
10637,2,6254,454,566,4116,421,60,50,204,250,130,0,1020,5231,2061.3635369165
10645,1,5737,894,0,4116,623,0,0,9,0,25,69,894,4842,1109.9649814166
10652,5,11660,3672,352,2985,368,0,1493,11,1897,80,803,4024,7637,3964.1606479163
10660,3,11475,1712,23,4046,1431,236,400,102,936,2464,124,1735,9739,2774.9124535414
10678,4,14808,1503,119,3940,3111,97,349,847,2575,1123,1143,1622,13185,3171.3285183330
10686,11,10650,1385,364,3940,783,67,569,302,370,2123,746,1749,8900,9910.4016197908
10694,1,4581,740,212,3230,2,0,65,0,0,99,235,952,3631,1189.2481943749
10702,1,4673,677,48,3230,2,0,0,3,0,125,588,725,3948,1109.9649814166
10710,1,3866,427,96,3230,53,0,0,0,0,1,59,523,3343,1109.9649814166
10728,1,971,612,52,0,2,0,0,0,0,1,305,664,308,1109.9649814166
10736,1,4531,780,301,3230,2,218,0,0,0,1,0,1081,3451,1189.2481943749
10744,1,4796,481,143,3230,2,0,0,100,0,1,840,624,4173,1189.2481943749
10751,1,4849,683,78,3230,2,7,0,0,0,1,849,761,4089,1189.2481943749
10769,1,3996,595,83,3230,2,0,30,7,0,1,50,678,3320,1189.2481943749
10777,4,9913,2229,661,3213,821,67,320,117,1469,184,833,2890,7024,3409.1781572080
10785,1,9883,1158,495,5278,708,30,0,908,7,1266,33,1653,8230,872.1153425416
10793,4,12312,3146,824,3573,1433,0,130,1175,1146,885,0,3970,8342,4202.0102867913
10801,1,14804,1439,200,4477,3136,30,673,1976,640,1725,508,1639,13165,872.1153425416
10819,3,20486,1933,1428,4456,1266,0,201,1159,660,8316,1067,3361,17125,3250.6117312914
10827,1,8385,2140,259,3472,536,0,763,512,485,152,65,2399,5985,872.1153425416
10835,5,31264,4020,759,4296,1446,3310,4071,35,5813,7041,473,4779,26485,4756.9927774996
10843,2,8283,820,683,3254,738,459,0,0,144,1817,367,1503,6779,1982.0803239582
10850,2,8008,1256,603,2011,603,0,75,1114,281,1453,612,1859,6149,1982.0803239582
10868,3,10090,2410,360,3225,910,85,150,405,1391,978,177,2770,7321,2854.1956664997
10876,3,16367,1431,207,3057,914,2145,0,438,0,7990,185,1638,14729,2695.6292405831
10884,1,4674,597,131,2806,554,13,98,109,57,129,180,728,3946,872.1153425416
10892,6,13163,1687,403,4062,1084,121,0,234,4114,1283,175,2090,11073,5232.6920552495
10900,3,10446,690,408,3410,892,81,561,797,2530,742,335,1098,9348,2933.4788794581
10918,4,15512,1353,310,7017,648,84,602,437,1935,3104,23,1663,13850,4122.7270738330
10926,1,7688,361,211,5387,837,200,0,202,50,438,0,572,7114,872.1153425416
10934,2,13797,2120,366,5434,626,61,0,403,144,3908,735,2486,11311,1982.0803239582
10942,5,15496,1412,229,7057,607,70,0,452,1765,3840,65,1641,13856,4677.7095645412
10959,1,1634,240,458,151,536,0,0,218,0,32,0,698,937,872.1153425416
10967,2,10127,1085,318,7168,627,0,301,102,168,113,244,1403,8723,1982.0803239582
10975,2,14946,2190,44,3012,487,82,0,1,2958,5307,864,2234,12711,2140.6467498748
10983,3,9771,2459,967,3175,1240,194,0,550,246,765,175,3426,6345,2933.4788794581
10991,4,19296,4959,442,3175,1043,225,445,1105,3592,3494,815,5401,13894,3171.3285183330
11007,3,14070,1527,380,2218,818,0,502,262,7345,1018,0,1907,12163,3092.0453053747
11015,8,26403,3631,706,5553,3009,1002,695,1786,5891,3878,250,4337,22064,7928.3212958326
11023,2,12464,2067,1283,5673,1720,164,301,192,261,783,20,3350,9114,2061.3635369165
11031,4,31324,2188,1148,5745,1967,149,1004,1472,1611,15793,246,3336,27987,4360.5767127079
11049,7,24699,5888,1389,6677,3296,151,0,602,4852,1382,463,7277,17423,6263.3738237078
11056,3,22016,2623,810,5828,2095,52,1244,1012,2275,5325,752,3433,18583,2933.4788794581
11064,5,12987,327,0,5663,1299,1673,0,295,1875,1754,100,327,12659,4122.7270738330
11072,2,33086,4852,627,6655,1257,0,1179,2724,5371,9636,784,5479,27606,1982.0803239582
11080,1,10021,1153,66,4130,628,318,281,383,651,1757,654,1219,8802,872.1153425416
11098,1,12691,1687,329,3097,936,100,0,2828,2279,1435,0,2016,10675,1109.9649814166
11106,2,8944,1606,341,4090,1000,130,301,938,278,221,39,1947,6997,1982.0803239582
11114,4,17298,2387,822,3146,1140,2605,363,705,2300,3829,0,3209,14088,3647.0277960830
11122,4,22693,796,0,4198,1211,654,219,4102,4753,3329,3432,796,21898,3409.1781572080
11130,2,10883,1368,130,5571,1285,0,165,1469,530,101,263,1498,9384,1982.0803239582
11148,3,15311,2160,144,3012,781,568,952,599,3927,2174,995,2304,13008,2616.3460276248
11155,3,9626,712,305,2722,1199,576,0,205,1296,1218,1393,1017,8609,1982.0803239582
11163,2,6943,1503,698,2722,387,0,0,333,119,1182,0,2201,4743,1982.0803239582
11171,4,26780,2267,1340,2777,3535,1211,0,1628,2140,10649,1235,3607,23175,3329.8949442497
11189,1,3832,720,0,2791,41,0,0,0,124,26,131,720,3113,872.1153425416
11197,2,5279,703,0,2410,529,297,402,278,252,379,30,703,4577,1664.9474721248
11205,3,6021,1684,227,2722,645,0,0,155,0,588,0,1911,4110,3250.6117312914
11213,4,8658,1243,122,2722,819,0,839,136,1195,1275,305,1365,7291,3964.1606479163
11221,2,12994,393,480,2722,697,0,0,1,360,6073,2269,873,12122,1982.0803239582
11239,5,7808,1383,165,2711,1093,43,371,78,753,351,859,1548,6259,3884.8774349580
11247,2,7546,792,667,3718,1127,153,0,332,387,195,174,1459,6086,1982.0803239582
11254,4,20965,2382,270,6164,978,200,436,3477,3319,1138,2600,2652,18312,3250.6117312914
11262,4,14288,1373,831,7017,1095,59,452,151,1227,1488,594,2204,12083,3805.5942219997
11270,1,11578,528,470,7097,725,33,100,1933,209,451,30,998,10578,1109.9649814166
11288,3,23998,2055,632,7017,745,302,512,315,4319,6471,1628,2687,21309,2933.4788794581
11296,2,8631,999,79,5387,471,53,0,761,500,381,0,1078,7553,2299.2131757915
11304,1,17777,1621,754,1838,477,385,0,3271,0,9357,73,2375,15401,1109.9649814166
11312,2,14943,799,72,5520,890,60,0,4497,733,1587,785,871,14072,1982.0803239582
11320,1,9684,491,229,2811,456,0,150,482,0,5063,0,720,8962,1189.2481943749
11338,2,4955,248,226,3313,678,0,100,152,67,170,0,474,4480,1902.7971109998
11346,2,3082,935,262,1235,313,0,0,142,164,31,0,1197,1885,1982.0803239582
11353,3,11259,1790,312,3514,1220,100,407,200,1524,960,1233,2102,9158,2695.6292405831
11361,2,37360,3131,1661,5522,865,134,0,18355,2214,5322,158,4792,32570,1982.0803239582
11379,7,12355,2991,843,3514,444,0,0,0,966,2312,1286,3834,8522,6818.3563144160
11387,2,5319,279,0,3940,653,0,0,291,0,156,0,279,5040,1982.0803239582
11395,1,1589,528,0,612,368,0,0,31,0,50,0,528,1061,1189.2481943749
11403,1,7270,1030,61,3097,408,134,1145,594,231,238,334,1091,6181,872.1153425416
11411,2,9976,2440,0,3097,642,0,0,1201,301,920,1374,2440,7535,2299.2131757915
11429,4,13823,1680,218,4016,1400,658,391,131,3100,2229,0,1898,11925,3171.3285183330
11437,2,6949,1117,236,3815,779,52,0,418,203,217,111,1353,5595,1982.0803239582
11445,4,18518,2408,299,3598,1166,140,0,1395,1603,2662,5247,2707,15811,4202.0102867913
11452,1,2993,960,0,1799,3,1,0,109,0,120,0,960,2032,1109.9649814166
11460,4,3774,587,83,1305,144,134,0,1414,2,39,65,670,3103,3409.1781572080
11478,4,20181,2938,361,4029,2606,301,261,522,752,7656,756,3299,16883,4281.2934997496
11486,2,9612,213,435,3006,749,3386,0,244,427,150,1002,648,8964,1982.0803239582
11494,1,6191,680,0,3972,934,0,0,1,275,329,0,680,5511,1109.9649814166
11502,2,16135,2234,892,4149,2746,212,281,2177,1262,2130,52,3126,13009,1982.0803239582
11510,4,5725,1038,57,3096,810,0,120,0,291,313,0,1095,4630,3647.0277960830
11528,1,12109,2642,8,2502,669,1077,141,1143,1777,1994,156,2650,9459,1189.2481943749
11536,1,2523,1099,132,400,352,338,0,0,171,31,0,1231,1292,1109.9649814166
11544,2,3485,1150,439,1101,358,22,0,0,145,269,0,1589,1895,1982.0803239582
11551,1,4923,519,195,2512,417,80,0,732,289,171,7,714,4208,872.1153425416
11569,8,10741,2601,800,2815,1246,112,1357,0,1089,293,426,3401,7338,7135.4891662493
11577,8,8858,1111,226,2755,1391,73,130,295,1662,755,460,1337,7521,5866.9577589161
11585,6,22645,1827,618,2820,1319,743,0,535,13936,566,279,2445,20198,5708.3913329995
11593,6,18919,2340,713,3346,1385,8004,100,883,1389,680,80,3053,15867,5629.1081200412
11601,4,16221,1964,230,4785,1611,1576,0,400,1696,1667,2293,2194,14028,3250.6117312914
11619,1,5116,1221,861,2289,637,0,0,50,0,59,0,2082,3035,1189.2481943749
11627,2,15177,2665,1881,4381,1566,0,0,496,1417,2622,149,4546,10631,1982.0803239582
11635,4,16316,1901,1526,4129,2170,792,312,1139,1143,2527,677,3427,12889,3409.1781572080
11643,4,19486,2218,216,5487,1117,158,639,166,7535,1075,875,2434,17052,3805.5942219997
11650,1,8447,1182,357,4136,1428,153,378,203,310,275,24,1539,6907,872.1153425416
11668,2,22606,5563,124,6566,2359,909,118,815,3697,1271,1185,5687,16920,1982.0803239582
11676,5,31622,4920,2253,6989,4827,67,350,1201,5401,5476,138,7173,24449,4439.8599256663
11684,2,18216,1923,1160,6550,1309,87,0,2580,2048,879,1680,3083,15133,1982.0803239582
11692,2,21812,2708,1259,6748,1370,164,100,1686,376,7032,368,3967,17844,1982.0803239582
11700,2,12817,1763,262,4083,1450,201,723,350,1614,1814,557,2025,10792,1585.6642591665
11718,5,27556,6082,994,5059,3372,1152,1466,1078,2640,5451,261,7076,20479,4202.0102867913
11726,4,20269,3832,427,5556,1811,344,576,711,4087,2925,0,4259,16010,3171.3285183330
11734,2,11428,4875,83,4339,796,364,82,108,0,471,311,4958,6471,1982.0803239582
11742,3,9879,598,266,5122,607,107,355,871,1244,655,55,864,9016,2695.6292405831
11759,5,14942,4396,535,4029,2194,905,0,189,1157,934,602,4931,10010,4915.5592034162
11767,4,10086,1036,181,3899,1334,161,0,244,2767,380,85,1217,8870,4043.4438608746
11775,12,19437,1966,528,6159,1108,1205,3453,542,3092,844,539,2494,16942,11178.9330271240
11783,4,6211,162,119,4759,392,67,260,0,401,50,0,281,5929,3250.6117312914
11791,3,34843,5148,805,9568,1867,977,0,3381,2169,10550,378,5953,28890,2933.4788794581
11809,2,20847,1756,931,2626,2588,2589,251,5859,624,3255,369,2687,18161,1982.0803239582
11817,1,7016,0,414,3254,228,327,215,176,401,1597,405,414,6603,872.1153425416
11825,2,8559,743,474,1946,402,0,1219,70,635,2145,925,1217,7342,2061.3635369165
11833,1,5999,846,110,3403,765,60,0,291,244,113,166,956,5042,1109.9649814166
11841,1,5794,134,109,2572,2301,0,0,301,301,75,0,243,5550,872.1153425416
11858,3,24019,5757,506,3387,2057,496,733,2345,3882,3471,1384,6263,17755,2933.4788794581
11866,7,17291,2605,810,4284,3562,2047,547,520,1143,1149,623,3415,13875,6263.3738237078
11874,1,8282,1980,402,2601,967,0,0,496,518,1318,0,2382,5900,1109.9649814166
11882,1,4300,899,605,2512,226,0,0,0,0,58,0,1504,2796,872.1153425416
11890,5,22758,6698,1820,3346,1592,158,0,1692,1209,2583,3660,8518,14240,5232.6920552495
11908,1,7905,1493,547,3376,1167,304,0,251,465,199,104,2040,5866,872.1153425416
11916,2,38021,5469,1455,3943,2558,1688,1546,714,1314,19292,43,6924,31098,1982.0803239582
11924,5,10088,2565,304,2002,996,557,150,336,1645,1140,392,2869,7218,3805.5942219997
11932,5,37109,9300,2320,4761,1342,1974,0,354,2328,13603,1127,11620,25489,4994.8424163745
11940,2,13955,2491,380,3196,1355,441,656,2713,747,739,1237,2871,11084,1982.0803239582
11957,3,14455,4107,875,3196,1723,0,500,67,428,3038,521,4982,9473,2933.4788794581
11965,3,4287,260,0,2597,471,0,0,1,837,120,0,260,4026,2695.6292405831
11973,2,17754,4184,221,6362,2557,67,0,2604,298,1462,0,4405,13350,1982.0803239582
11981,2,18424,0,0,4344,1005,100,0,550,825,11598,0,0,18422,1982.0803239582
11999,5,28223,4395,752,8478,3044,526,100,1839,348,8588,152,5147,23075,4915.5592034162
12005,3,15897,5215,997,3596,868,222,734,449,1227,2502,87,6212,9685,3092.0453053747
12013,3,6395,820,0,3940,3,49,0,0,327,691,564,820,5574,3250.6117312914
12021,1,3963,840,73,2341,177,0,0,175,163,194,0,913,3050,872.1153425416
12039,1,3789,565,130,2341,203,0,0,229,201,120,0,695,3094,1109.9649814166
12047,1,4345,562,176,3097,259,0,0,71,120,60,0,738,3607,1109.9649814166
12054,5,24662,8265,1454,3097,2369,2262,0,806,3328,554,2527,9719,14943,4598.4263515829
12062,9,18892,8196,2003,3940,787,454,0,552,1264,727,970,10199,8694,7690.4716569576
12070,7,11521,1217,0,3940,1592,1692,1001,445,891,254,489,1217,10304,6659.7898884994
12088,6,12224,2685,313,3940,1997,1003,881,604,231,368,203,2998,9227,5232.6920552495
12096,5,14461,1064,584,3097,769,1763,4048,160,1628,100,1247,1648,12812,3805.5942219997
12104,3,18305,9386,544,3940,1148,358,500,1385,281,640,122,9930,8374,3171.3285183330
12112,4,14194,1246,640,3940,2602,1117,350,116,2682,1396,104,1886,12307,3488.4613701663
12120,3,7458,1728,0,3397,353,0,65,514,100,345,955,1728,5729,3250.6117312914
12138,1,12102,2342,227,4730,1058,855,200,338,1533,574,245,2569,9533,1189.2481943749
12146,3,9629,1245,219,3483,1090,359,100,1058,200,1573,302,1464,8165,3171.3285183330
12153,4,8525,1682,467,3632,427,33,0,0,1848,437,0,2149,6377,4122.7270738330
12161,2,9470,2316,242,3483,221,124,340,617,568,1506,53,2558,6912,1664.9474721248
12179,1,5120,580,201,1078,550,134,418,50,1259,530,321,781,4340,872.1153425416
12187,1,10074,855,198,4666,683,206,0,131,1769,1565,0,1053,9020,872.1153425416
12195,6,14657,2423,477,3503,1173,293,2443,399,2884,526,538,2900,11759,4677.7095645412
12203,4,8744,1027,499,4666,1084,272,134,148,390,93,430,1526,7217,3250.6117312914
12211,2,12945,808,2033,5501,778,0,0,0,2985,40,801,2841,10105,1744.2306850832
12229,2,7650,1212,395,3682,1045,0,0,793,150,140,233,1607,6043,1982.0803239582
12237,2,10497,639,453,4666,1752,491,609,255,475,870,287,1092,9405,1982.0803239582
12245,6,14553,1264,581,3849,1408,103,99,3083,1462,2465,238,1845,12707,5232.6920552495
12252,1,10971,1739,233,4116,1367,1129,151,575,657,231,773,1972,8999,872.1153425416
12260,1,5481,326,73,3003,758,0,251,238,216,615,0,399,5081,951.3985554999
12278,1,5225,374,381,4116,3,0,0,101,67,183,0,755,4470,1189.2481943749
12286,1,4206,130,10,2653,262,107,0,93,0,308,644,140,4067,872.1153425416
12294,1,6037,391,0,3503,273,167,141,48,229,1253,30,391,5644,872.1153425416
12302,1,7977,695,0,4871,648,154,450,18,0,208,934,695,7283,1189.2481943749
12310,2,16605,543,0,6006,1830,554,1976,1,652,1192,3850,543,16061,2378.4963887498
12328,1,8246,1619,393,4504,656,0,0,107,335,611,20,2012,6233,1189.2481943749
12336,2,20034,1708,412,5479,1833,584,360,570,3091,5570,425,2120,17912,1982.0803239582
12344,2,20806,5931,1342,7407,1887,1677,109,453,199,960,842,7273,13534,1982.0803239582
12351,3,11830,730,365,5402,1052,0,199,728,1214,2071,69,1095,10735,2774.9124535414
12369,5,28723,2165,222,5759,1511,411,984,1915,6494,6976,2286,2387,26336,5311.9752682078
12377,2,20295,3720,193,3064,2049,4197,0,1848,1584,1670,1970,3913,16382,2061.3635369165
12385,1,10356,565,0,4705,1089,0,0,1457,206,2334,0,565,9791,1189.2481943749
12393,4,23921,2724,312,7669,3306,658,664,546,1485,5200,1356,3036,20884,4360.5767127079
12401,1,17473,3540,1672,5950,1907,198,0,180,467,3039,520,5212,12261,872.1153425416
12419,2,16059,908,123,2553,804,1439,0,1230,0,9003,0,1031,15029,1982.0803239582
12427,3,18445,4812,919,3112,668,170,601,589,835,4378,2362,5731,12715,3171.3285183330
12435,2,10831,599,189,3503,5149,0,0,0,80,489,821,788,10042,1823.5138980415
12443,2,32311,615,642,3223,1490,300,240,716,22315,2238,531,1257,31053,2061.3635369165
12450,10,18601,3138,1086,3835,585,2810,1199,657,3608,1075,609,4224,14378,9513.9855549991
12468,8,9327,1506,275,3193,1881,0,410,697,1093,86,187,1781,7547,6580.5066755411
12476,7,6966,1524,708,2488,780,17,100,1,1111,137,100,2232,4734,5470.5416941245
12484,3,10857,2203,497,3873,1148,130,225,203,1008,1059,512,2700,8158,2695.6292405831
12492,4,38434,4504,87,10912,4409,175,749,3495,5624,7565,914,4591,33843,3805.5942219997
12500,4,30823,7441,620,6238,2607,100,0,320,6091,6303,1103,8061,22762,3409.1781572080
12518,2,28740,4915,764,8606,3717,791,0,1759,1255,6757,176,5679,23061,1982.0803239582
12526,3,11937,2204,504,6526,1277,686,70,96,27,137,409,2708,9228,2695.6292405831
12534,2,11658,1833,593,5446,1074,134,0,578,679,1323,0,2426,9234,1982.0803239582
12542,2,30183,1036,529,5480,1044,40,0,1333,421,20268,33,1565,28619,1982.0803239582
12559,4,25522,3054,216,8001,8551,1165,392,217,1927,476,1525,3270,22254,3171.3285183330
12567,3,15419,2034,929,3325,1317,1893,440,2058,2090,1007,325,2963,12455,2616.3460276248
12575,2,11187,2886,568,3292,840,100,671,1382,426,892,130,3454,7733,2061.3635369165
12583,4,14684,2511,305,3203,965,2746,731,305,1155,2722,40,2816,11867,3409.1781572080
12591,2,4438,2630,453,332,387,364,0,142,28,102,0,3083,1355,1982.0803239582
12609,4,16563,3422,215,5382,2537,117,0,1306,461,2927,196,3637,12926,4122.7270738330
12617,3,17822,1227,336,9298,2273,0,0,269,1079,3199,142,1563,16260,3250.6117312914
12625,2,11592,2519,661,3324,843,778,179,1,320,1323,1644,3180,8412,2061.3635369165
12633,3,22159,2765,419,4120,6176,669,354,3759,1783,1065,1051,3184,18977,2774.9124535414
12641,4,13789,3097,809,4219,1347,70,110,631,2112,1393,0,3906,9882,3726.3110090413
12658,3,6754,1058,0,4518,777,0,0,0,130,271,0,1058,5696,3092.0453053747
12666,1,4648,327,0,2510,659,501,0,224,0,426,0,327,4320,1189.2481943749
12674,5,6794,2238,332,3183,485,0,0,114,0,442,0,2570,4224,4043.4438608746
12682,3,16707,1983,1129,3183,808,0,0,273,217,9115,0,3112,13596,2933.4788794581
12690,3,23925,1831,480,5176,2037,0,643,886,582,12290,0,2311,21614,2933.4788794581
12708,5,28452,3203,248,5494,3429,144,1205,493,1010,12580,646,3451,25001,4598.4263515829
12716,5,15612,2583,732,3835,1004,421,1104,728,1748,1341,2116,3315,12297,4519.1431386246
12724,5,20090,2813,925,3614,1587,116,1147,2014,271,6286,1317,3738,16352,5232.6920552495
12732,4,17511,1495,543,3765,1919,143,90,2216,3956,2890,495,2038,15474,3171.3285183330
12740,4,20517,927,0,4219,3429,0,134,3295,749,4397,3367,927,19590,4122.7270738330
12757,3,6839,1141,183,2208,596,0,0,579,221,1001,910,1324,5515,3171.3285183330
12765,3,6507,1058,344,3230,536,84,601,300,0,354,0,1402,5105,3409.1781572080
12773,4,14612,2626,1182,3514,1810,461,321,168,2861,946,723,3808,10804,3250.6117312914
12781,3,11766,163,0,4217,1869,760,0,2116,1229,1117,296,163,11604,2616.3460276248
12799,4,24016,2709,76,5276,893,152,0,1620,780,11903,608,2785,21232,3726.3110090413
12807,2,17784,3808,1061,5592,2484,116,353,498,771,2957,144,4869,12915,1982.0803239582
12815,2,18252,1306,325,3104,889,9773,0,277,698,1081,799,1631,16621,2140.6467498748
12823,4,20091,3625,593,3079,1629,266,853,868,1954,7067,156,4218,15872,4122.7270738330
12831,5,26726,6259,1850,5063,2393,499,174,1032,1345,6482,1629,8109,18617,4915.5592034162
12849,5,33252,4067,783,5053,3205,4476,43,769,7034,6516,1305,4850,28401,4756.9927774996
12856,2,24023,4309,793,5087,1520,1110,426,3070,2664,3316,1730,5102,18923,1982.0803239582
12864,5,36590,3563,722,4980,2447,18180,0,707,3003,2469,520,4285,32306,4836.2759904579
12872,1,9943,2484,0,3666,1117,0,50,673,201,1317,435,2484,7459,1109.9649814166
12880,3,17880,838,377,2944,8849,51,0,2560,412,533,1316,1215,16665,3171.3285183330
12898,2,11929,873,491,3565,1717,52,681,1626,803,1101,1022,1364,10567,1982.0803239582
12906,1,11579,1656,1086,3565,921,39,300,248,303,2080,1380,2742,8836,872.1153425416
12914,3,21977,4044,275,5823,1580,115,0,1795,5214,2803,327,4319,17657,2616.3460276248
12922,1,8169,1659,847,4183,473,0,0,205,261,424,117,2506,5663,872.1153425416
12930,3,11559,1132,183,3303,1031,582,402,371,2375,1642,539,1315,10245,2616.3460276248
12948,1,6244,1774,215,3183,321,0,0,374,196,181,0,1989,4255,1109.9649814166
12955,2,7513,340,0,4219,1436,200,0,826,0,492,0,340,7173,1982.0803239582
12963,1,13498,3361,449,4568,600,0,502,319,886,2813,0,3810,9688,1189.2481943749
12971,6,19274,2824,2223,4518,1466,90,301,869,1985,4997,0,5047,14226,5153.4088422912
12989,5,43169,4991,1407,9455,4738,1500,251,1492,6964,11544,826,6398,36770,4994.8424163745
12997,2,13228,1938,495,6006,1094,0,0,43,301,3256,95,2433,10795,2061.3635369165
13003,2,16031,1558,511,5504,1112,531,1335,1438,1706,963,1373,2069,13962,1823.5138980415
13011,1,5661,0,0,3804,384,0,0,49,0,1424,0,0,5661,1189.2481943749
13029,3,15113,1619,377,5005,995,1186,0,113,3728,1161,929,1996,13117,2616.3460276248
13037,2,19999,1218,770,4140,1233,1236,668,853,2135,4902,2845,1988,18012,1982.0803239582
13045,2,4775,988,198,2008,273,0,552,344,0,181,231,1186,3589,2140.6467498748
13052,2,10010,1070,613,2309,601,0,0,433,1577,1078,2330,1683,8328,1982.0803239582
13060,3,16907,1472,460,3195,908,841,2319,302,4603,1898,908,1932,14974,2774.9124535414
13078,1,8512,1027,392,2624,1400,0,0,881,211,1672,305,1419,7093,1109.9649814166
13086,1,6223,111,0,2600,1023,0,351,1339,661,138,0,111,6112,872.1153425416
13094,1,7731,2621,416,1757,317,1780,0,89,126,251,373,3037,4693,872.1153425416
13102,4,9042,2823,287,703,742,518,1406,486,381,672,1025,3110,5933,3805.5942219997
13110,4,22589,2032,219,5134,1528,262,43,1425,4015,6396,1534,2251,20337,4439.8599256663
13128,2,3606,461,61,1406,302,128,43,17,355,195,639,522,3085,1506.3810462082
13136,2,10010,649,1333,2008,292,191,884,535,9,2086,2024,1982,8029,2061.3635369165
13144,2,3615,292,36,2309,315,0,30,238,390,1,3,328,3286,1982.0803239582
13151,3,14718,1484,884,4030,1922,256,0,1265,1290,2988,598,2368,12349,3171.3285183330
13169,1,12496,790,209,4768,730,2553,1115,307,1181,843,0,999,11497,1189.2481943749
13177,3,11245,1623,584,2892,993,1433,0,1082,317,2321,0,2207,9038,3171.3285183330
13185,4,6279,1423,270,2145,4,537,0,0,796,1069,35,1693,4586,3329.8949442497
13193,1,10211,1492,178,2146,812,127,2399,444,238,2314,60,1670,8540,1189.2481943749
13201,2,10150,3778,166,2790,1050,0,0,127,241,301,1696,3944,6205,1744.2306850832
13219,1,5115,2180,683,1406,224,214,126,156,93,34,0,2863,2253,1109.9649814166
13227,2,8700,2262,576,3292,738,53,0,550,251,895,84,2838,5863,1982.0803239582
13235,3,8545,175,1300,907,693,70,0,1053,1181,1771,1396,1475,7071,2616.3460276248
13243,5,16292,895,0,5616,1979,20,0,677,5934,995,175,895,15396,4202.0102867913
13250,1,4676,428,160,3012,222,20,0,0,0,1,833,588,4088,1189.2481943749
13268,2,8593,1236,320,3344,2349,0,775,0,250,320,0,1556,7038,1982.0803239582
13276,3,5534,380,202,3302,622,133,0,433,150,311,0,582,4951,3171.3285183330
13284,1,13783,1633,251,7416,1008,253,549,0,205,2360,109,1884,11900,1109.9649814166
13292,2,9607,3481,195,4202,506,124,0,431,203,465,0,3676,5931,1982.0803239582
13300,2,7497,1076,644,3302,600,95,0,1230,180,370,0,1720,5777,1982.0803239582
13318,4,13890,1922,318,4136,1886,374,2253,536,575,914,977,2240,11651,3726.3110090413
13326,2,19012,3545,1008,7077,1362,243,45,1,2535,1685,1510,4553,14458,1982.0803239582
13334,5,53764,3334,113,14192,7824,100,0,1121,10972,5808,10299,3447,50316,4439.8599256663
13342,2,11276,1134,824,5555,1584,248,0,422,464,928,116,1958,9317,1982.0803239582
13359,2,25135,2569,2235,9128,4679,440,398,720,759,3153,1055,4804,20332,1982.0803239582
13367,2,3165,1118,651,0,497,40,0,58,324,344,134,1769,1397,2140.6467498748
13375,1,13239,2115,152,930,575,0,100,569,290,7122,1387,2267,10973,1109.9649814166
13383,1,5690,1204,767,2189,613,0,0,100,487,331,0,1971,3720,1109.9649814166
13391,5,14581,629,0,700,985,229,662,136,8297,1276,1668,629,13953,3805.5942219997
13409,1,1825,764,239,139,160,40,0,448,1,34,0,1003,822,872.1153425416
13417,1,1857,978,101,130,250,0,0,0,320,71,7,1079,778,872.1153425416
13425,4,20923,5350,25,4093,951,958,564,1580,3733,2763,905,5375,15547,3964.1606479163
13433,3,16878,1548,495,3203,723,1171,234,986,613,7904,0,2043,14834,2933.4788794581
13441,1,7052,626,0,2770,2532,0,0,301,497,326,0,626,6426,872.1153425416
13458,1,5051,1479,0,1802,402,0,0,268,151,836,113,1479,3572,1189.2481943749
13466,1,8998,189,434,3307,823,0,0,146,957,3143,0,623,8376,1109.9649814166
13474,6,12766,807,576,3080,1707,118,964,644,2764,1638,469,1383,11384,6421.9402496244
13482,4,15257,3798,1626,751,2712,91,301,837,2927,1792,423,5424,9834,3567.7445831247
13490,1,9669,1679,412,3696,1345,60,288,180,1165,586,257,2091,7577,1189.2481943749
13508,2,15517,4150,328,1554,1154,417,2058,306,1382,2072,2096,4478,11039,1823.5138980415
13516,4,12059,2653,41,2410,894,224,1262,1007,3326,196,47,2694,9366,4122.7270738330
13524,2,26520,4999,801,6593,2925,163,477,5581,1642,2204,1134,5800,20719,1982.0803239582
13532,1,30038,2869,435,6124,1863,0,2942,1759,2309,11637,100,3304,26734,872.1153425416
13540,6,22565,3619,0,5998,1871,815,0,1085,6159,1803,1216,3619,18947,5232.6920552495
13557,5,25061,3559,1259,6034,3709,1530,602,538,1566,5285,978,4818,20242,4836.2759904579
13565,3,18778,1295,951,5873,1298,124,351,1062,5831,1993,0,2246,16532,2933.4788794581
13573,3,34851,2757,2129,6041,2514,107,853,3642,4991,11221,595,4886,29964,3250.6117312914
13581,4,25076,5466,2031,6024,1604,343,0,419,3619,5419,150,7497,17578,3329.8949442497
13599,4,25723,2413,825,6024,1489,201,783,1781,2903,9240,63,3238,22484,4043.4438608746
13607,2,3441,0,0,542,494,90,1406,146,361,379,23,0,3441,2061.3635369165
13615,4,23561,1874,921,6430,2497,163,804,4289,1285,2595,2703,2795,20766,4122.7270738330
13623,2,9463,1298,780,3431,852,327,0,1174,281,1255,66,2078,7386,1982.0803239582
13631,2,14808,2512,277,6442,1491,369,0,210,1224,1673,610,2789,12019,1982.0803239582
13649,2,19213,928,172,6506,1842,1564,853,2411,752,3592,593,1100,18113,1982.0803239582
13656,1,2782,80,29,2412,114,0,0,1,90,55,0,109,2672,872.1153425416
13664,5,56801,697,65,36365,1453,4606,1205,1293,7224,3551,342,762,56039,3964.1606479163
13672,4,23807,2478,1328,7470,3758,339,0,1374,4226,2783,52,3806,20002,4122.7270738330
13680,2,32033,2330,1668,6488,3286,2625,1867,1117,2288,10364,0,3998,28035,1982.0803239582
13698,1,1102,270,33,120,212,0,0,246,191,30,0,303,799,1109.9649814166
13706,3,4986,2214,111,226,359,327,0,0,537,191,1021,2325,2661,2695.6292405831
13714,1,13569,4256,1910,1879,1166,271,0,1216,1019,537,1314,6166,7402,872.1153425416
13722,2,12155,493,0,2008,2,0,602,150,6680,1953,267,493,11662,2140.6467498748
13730,2,9665,1457,795,1851,1095,1765,65,311,387,1809,131,2252,7414,2061.3635369165
13748,3,26744,2695,1289,2912,1019,7749,1074,344,2836,5690,1137,3984,22761,2616.3460276248
13755,4,14347,1259,15,3791,1487,633,482,828,5072,595,184,1274,13072,3409.1781572080
13763,2,10026,239,29,4472,1150,51,780,633,1027,1477,167,268,9757,1982.0803239582
13771,2,21960,4630,542,4004,1354,60,0,1378,1355,8276,360,5172,16787,1982.0803239582
13789,1,20028,1672,702,7096,1478,1028,502,757,4435,1771,586,2374,17653,872.1153425416
13797,2,11990,588,115,4004,1378,94,827,1234,861,1348,1539,703,11285,1427.0978332499
13805,5,15190,2845,505,4984,1598,97,0,1151,210,3800,0,3350,11840,5549.8249070828
13813,4,18985,1236,276,4066,1567,122,0,1836,1628,8255,0,1512,17474,4122.7270738330
13821,5,9415,1842,90,3715,1097,0,0,301,2099,221,50,1932,7483,4677.7095645412
13839,2,23844,3640,273,3385,1967,2016,175,3042,1801,7145,401,3913,19932,1982.0803239582
13847,6,7595,1124,99,3270,576,40,171,148,1573,75,518,1223,6371,4677.7095645412
13854,10,8214,1288,43,3232,638,151,4,713,1407,193,546,1331,6884,7849.0380828743
13862,8,9672,2056,798,3232,822,65,338,56,1406,446,451,2854,6816,6104.8073977911
13870,8,10350,1887,155,3979,925,409,214,156,1784,128,712,2042,8307,6104.8073977911
13888,4,7495,641,236,3232,1189,239,261,199,787,99,611,877,6617,3250.6117312914
13896,1,5118,447,105,1763,1549,30,0,154,414,517,140,552,4567,872.1153425416
13904,6,1348,863,116,0,231,0,0,78,0,60,0,979,369,4439.8599256663
13912,3,9647,2150,102,2925,545,53,0,277,775,2088,731,2252,7394,3567.7445831247
13920,2,4590,270,0,2108,241,49,0,2,1810,109,0,270,4319,2140.6467498748
13938,3,12360,1914,510,3483,600,0,2248,1994,1066,420,126,2424,9937,2933.4788794581
13946,6,20216,1222,1084,3849,1410,100,1508,64,9696,1281,0,2306,17908,5391.2584811662
13953,1,7433,304,471,4666,632,0,0,913,167,230,50,775,6658,872.1153425416
13961,3,5376,616,149,3006,344,110,0,-328,685,230,564,765,4611,2695.6292405831
13979,3,3121,638,157,301,457,128,0,334,137,751,218,795,2326,2695.6292405831
13987,4,43562,5428,2883,6345,11463,1515,1175,880,5976,7051,845,8311,35250,4122.7270738330
13995,2,13877,235,0,5233,2288,154,200,1326,1437,831,2174,235,13643,1982.0803239582
14001,1,4004,1020,154,1500,38,215,200,280,482,115,0,1174,2830,872.1153425416
14019,5,60566,3119,1305,7330,3729,1363,457,7259,14090,5429,16484,4424,56141,4836.2759904579
14027,5,10906,1787,824,4136,1664,50,0,285,851,1114,196,2611,8296,4915.5592034162
14035,5,21349,5808,416,5528,2070,214,371,529,1990,3656,766,6224,15124,4915.5592034162
14043,9,23345,2302,870,5528,5547,1786,180,843,4133,1804,352,3172,20173,7452.6220180827
14050,4,20950,1996,404,4296,2050,813,1833,3934,372,3833,1418,2400,18549,3884.8774349580
14068,2,17918,2873,663,3307,908,317,0,4972,2975,1860,44,3536,14383,2061.3635369165
14076,2,16514,1221,277,4471,885,0,0,883,7619,1159,0,1498,15017,1982.0803239582
14084,2,15688,3156,823,4296,1979,316,251,1786,1398,175,1509,3979,11710,1982.0803239582
14092,6,12210,882,884,4016,1411,58,0,202,2988,1618,150,1766,10443,4915.5592034162
14100,5,20133,3740,857,3514,1876,615,1823,839,2534,3827,509,4597,15537,4439.8599256663
14118,2,5062,65,0,3514,567,0,0,219,251,346,100,65,4997,1982.0803239582
14126,7,6527,844,339,4136,857,0,90,211,0,50,0,1183,5344,6897.6395273744
14134,2,13015,1444,486,4136,1765,333,619,2536,774,542,380,1930,11085,1982.0803239582
14142,1,6580,0,0,4136,1521,120,0,421,191,191,0,0,6580,872.1153425416
14159,4,9322,1045,190,3815,824,124,0,132,2679,512,0,1235,8086,3647.0277960830
14167,6,26900,4184,1142,4243,1103,4670,884,52,8482,483,1657,5326,21574,5946.2409718745
14175,13,16833,3037,135,4036,1243,698,0,261,5207,996,1219,3172,13660,11496.0658789573
14183,9,16014,1174,862,4145,1255,127,690,2008,2666,1745,1342,2036,13978,7769.7548699160
14191,1,8465,759,83,3012,566,175,301,528,656,1633,753,842,7624,1189.2481943749
14209,4,18267,2047,503,4741,1774,1406,2828,602,2241,2088,36,2550,15716,3805.5942219997
14217,3,7855,922,176,4666,988,0,0,425,301,377,0,1098,6757,3171.3285183330
14225,3,10151,1080,411,2142,761,201,200,204,1677,3296,179,1491,8660,2695.6292405831
14233,2,5456,442,38,3023,430,0,130,1004,245,145,0,480,4977,1823.5138980415
14241,9,18456,707,260,6159,2428,100,530,758,4032,3383,100,967,17490,9196.8527031658
14258,7,14774,2434,0,4785,2285,173,789,83,3281,100,844,2434,12340,5311.9752682078
14266,10,21593,2554,939,6491,4516,292,420,823,4514,438,606,3493,18100,8641.8702124575
14274,8,14494,1714,1040,4755,1406,486,2238,263,1946,273,372,2754,11739,7373.3388051243
14282,7,42069,5878,473,6517,2665,3600,2647,704,4966,9518,5100,6351,35717,6421.9402496244
14290,4,36660,1897,823,3176,1216,4082,1099,135,407,23557,268,2720,33940,3884.8774349580
14308,4,28573,6628,4346,4684,3920,2113,215,1183,3099,431,1955,10974,17600,3884.8774349580
14316,7,14428,2083,43,6159,1101,895,217,530,2782,401,218,2126,12303,6897.6395273744
14324,3,14748,2735,1259,3725,1587,3330,0,217,601,1191,104,3994,10755,3250.6117312914
14332,1,4370,1001,425,2192,385,167,200,0,0,0,0,1426,2944,1109.9649814166
14340,5,8851,365,126,2720,746,1903,200,217,244,2026,304,491,8360,3726.3110090413
14357,8,16375,1568,550,3725,1592,150,1231,67,5234,2256,0,2118,14255,8562.5869994992
14365,7,10396,3603,1467,1501,1344,100,270,217,832,366,695,5070,5325,7452.6220180827
14373,6,16776,4471,916,2720,1536,260,1562,147,1629,2129,1406,5387,11389,5629.1081200411
14381,5,30307,5765,488,8288,1515,177,0,523,5245,7888,418,6253,24054,5311.9752682078
14399,5,29863,2406,273,5358,1056,83,0,3500,2617,14570,0,2679,27184,4836.2759904579
14407,3,13591,957,273,5298,911,99,1118,1071,1379,2484,0,1230,12360,3012.7620924164
14415,2,11937,559,539,5298,1668,28,180,467,730,2339,129,1098,10839,1982.0803239582
14423,1,23461,3535,274,7244,1349,346,0,2247,3510,4608,347,3809,19651,1109.9649814166
14431,1,9871,1306,642,3946,954,14,313,458,426,1512,300,1948,7923,872.1153425416
14449,5,16067,3184,375,4976,1064,117,465,24,3038,2267,558,3559,12509,3964.1606479163
14456,1,5624,0,0,4136,859,0,0,312,241,76,0,0,5624,872.1153425416
14464,3,6758,377,587,2513,976,247,250,194,160,1304,151,964,5795,2774.9124535414
14472,4,83784,20288,2675,5587,7181,4223,11129,6074,8449,11900,6277,22963,60820,3805.5942219997
14480,2,7383,1375,195,3003,551,0,0,812,169,1279,0,1570,5814,1982.0803239582
14498,1,4666,568,0,2703,191,0,0,783,1,355,65,568,4098,872.1153425416
14506,4,12893,1667,380,2903,750,1010,201,469,2651,2550,312,2047,10846,3171.3285183330
14514,2,9168,809,337,5176,1070,0,0,831,174,624,147,1146,8022,1982.0803239582
14522,7,11607,1557,1921,3604,2484,0,0,237,1158,451,196,3478,8130,6184.0906107494
14530,2,10728,1816,49,4666,1735,134,0,1237,441,608,43,1865,8864,1823.5138980415
14548,3,17493,4001,1685,4688,1298,281,0,897,2144,1619,880,5686,11807,3012.7620924164
14555,2,14742,2564,751,4715,2113,525,0,435,903,602,2135,3315,11428,1982.0803239582
14563,5,18257,2205,224,7292,1561,804,0,1547,2538,345,1741,2429,15828,3964.1606479163
14571,4,20615,2191,1418,6159,1694,426,1131,983,3215,2381,1018,3609,17007,4202.0102867913
14589,5,12475,1503,122,4008,1613,15,100,602,1917,1897,699,1625,10851,3805.5942219997
14597,1,9085,0,0,8904,1,0,0,50,0,130,0,0,9085,872.1153425416
14605,3,6112,2367,601,120,1332,77,0,98,923,225,370,2968,3145,2695.6292405831
14613,7,53566,3185,349,6219,5852,262,20032,2098,4294,10870,405,3534,50032,7214.7723792077
14621,3,18643,1135,380,5533,1672,974,150,1072,2627,4229,870,1515,17127,2616.3460276248
14639,1,31796,1631,668,4984,951,5291,0,2337,5545,9764,626,2299,29498,872.1153425416
14647,2,34487,3018,624,6155,3200,287,1295,504,4853,13560,992,3642,30846,1982.0803239582
14654,2,21790,3069,0,4651,1636,425,531,194,4315,6970,0,3069,18722,2140.6467498748
14662,5,28950,4433,798,4369,2139,554,601,1865,8503,5395,292,5231,23718,4122.7270738330
14670,6,19860,1824,1064,5759,1683,0,1205,1,3108,5093,122,2888,16971,5946.2409718745
14688,4,13919,2078,1184,4555,810,0,301,708,2435,1537,312,3262,10658,4043.4438608746
14696,5,30306,7037,720,5759,1652,215,0,3549,2094,8837,445,7757,22551,5074.1256293329
14704,2,37979,2508,1287,6437,2399,548,0,1465,446,13656,9234,3795,34185,1982.0803239582
14712,5,35700,2999,560,8163,1438,2583,1114,6644,3451,5636,3111,3559,32140,4677.7095645412
14720,5,35730,6142,329,5959,1930,143,450,6031,8667,5257,822,6471,29259,5232.6920552495
14738,6,27514,2201,217,5560,1534,70,500,318,9031,8081,0,2418,25094,5708.3913329995
14746,5,23559,2839,423,5614,4385,236,0,537,4768,1961,2797,3262,20298,4122.7270738330
14753,4,16448,1606,775,5594,834,0,25,355,5152,2025,82,2381,14067,3250.6117312914
14761,3,10056,1282,163,5422,1075,0,0,453,140,1521,0,1445,8611,3171.3285183330
14779,2,16328,1034,54,5573,1320,1327,150,58,1015,4294,1505,1088,15242,1982.0803239582
14787,5,17640,2914,151,2985,1256,180,1739,671,4788,2147,807,3065,14573,3726.3110090413
14795,2,5182,485,30,3017,530,0,0,214,152,754,0,515,4667,2061.3635369165
14803,2,7822,747,459,2582,861,646,0,554,1072,901,0,1206,6616,1982.0803239582
14811,2,10994,1956,492,3120,455,561,64,1813,1198,342,992,2448,8545,1982.0803239582
14829,4,19094,2803,2123,2210,2590,117,1315,1083,3498,2715,641,4926,14169,3884.8774349580
14837,5,21308,4713,1173,2797,1214,1770,645,809,1493,6201,494,5886,15423,4915.5592034162
14845,2,10654,174,1346,1960,1564,1280,152,134,955,2959,130,1520,9134,1982.0803239582
14852,6,12504,3460,1111,1960,1575,0,0,1444,338,1293,1324,4571,7934,6025.5241848328
14860,2,20497,6243,2835,1646,2642,847,0,258,0,4205,1822,9078,11420,1982.0803239582
14878,1,8374,2040,282,1452,1078,0,0,876,234,2209,204,2322,6053,872.1153425416
14886,4,19830,5997,735,2126,1562,134,0,4811,1312,3154,0,6732,13099,3171.3285183330
14894,5,17884,2466,99,5572,826,185,619,2573,2541,3003,0,2565,15319,4519.1431386246
14902,3,13629,732,1837,3865,2010,158,1119,1347,1162,1400,0,2569,11061,3171.3285183330
14910,3,15501,2476,1032,5046,1717,98,0,466,2860,1806,0,3508,11993,3012.7620924164
14928,3,29524,5451,1864,9002,5610,1468,0,571,1840,3496,221,7315,22208,3171.3285183330
14936,1,12210,2884,112,5387,620,167,0,2248,351,442,0,2996,9215,1109.9649814166
14944,2,16871,2904,301,4618,799,0,2267,1,2107,3589,284,3205,13665,2140.6467498748
14951,1,13364,344,267,5462,2589,125,0,876,1275,611,1816,611,12754,872.1153425416
14969,2,20513,1681,389,9028,2420,60,393,2865,1273,2361,44,2070,18444,1982.0803239582
14977,4,18972,2297,574,10779,1822,0,0,190,2356,786,167,2871,16100,3488.4613701663
14985,2,32208,5585,1939,8375,2823,40,0,2055,1831,7203,2357,7524,24684,1982.0803239582
14993,1,12106,1092,479,5321,91,0,0,4277,764,82,0,1571,10535,872.1153425416
15008,3,7177,359,381,4518,796,127,0,129,547,318,0,740,6435,3012.7620924164
15016,2,18225,1269,594,1891,438,3713,756,173,667,5028,3697,1863,16363,2061.3635369165
15024,3,8389,2600,258,2985,1075,0,25,322,469,552,104,2858,5532,3171.3285183330
15032,2,26195,2865,1406,5768,1606,1007,199,3193,1732,6119,2300,4271,21924,1982.0803239582
15040,5,21140,4638,346,4509,1329,745,659,3066,3297,2216,336,4984,16157,4439.8599256663
15057,2,8029,788,158,3106,1875,196,0,506,662,258,479,946,7082,1982.0803239582
15065,2,14670,4205,669,4309,1079,0,697,989,590,2014,117,4874,9795,1982.0803239582
15073,6,13076,870,563,4194,1515,0,497,275,2495,2668,0,1433,11644,6104.8073977911
15081,2,9121,904,39,5487,1453,495,0,248,204,292,0,943,8179,2061.3635369165
15099,4,22884,4925,481,9111,1815,0,0,256,2409,3211,676,5406,17478,3805.5942219997
15107,1,8974,1498,498,5236,638,0,0,48,279,777,0,1996,6978,1189.2481943749
15115,1,6638,2433,65,2610,620,44,0,127,326,150,262,2498,4139,872.1153425416
15123,3,13163,1537,432,5505,932,491,0,1494,1654,588,529,1969,11193,2616.3460276248
15131,3,22042,3588,408,6355,3169,2098,502,2406,1008,1593,916,3996,18047,2933.4788794581
15149,3,23293,1618,1095,7560,4896,0,250,473,2017,5108,278,2713,20582,2933.4788794581
15156,5,22929,3315,977,4635,1654,64,0,2316,6394,2456,1119,4292,18638,4598.4263515829
15164,4,19314,2362,825,3135,2197,207,0,189,4884,5237,278,3187,16127,4281.2934997496
15172,4,13326,1726,800,2561,3037,151,974,527,2340,954,257,2526,10801,3647.0277960830
15180,5,21995,4034,807,1648,1427,535,300,451,1542,11251,0,4841,17154,4439.8599256663
15198,5,15425,3110,187,1648,2480,2184,442,987,1201,2591,596,3297,12129,4202.0102867913
15206,4,16834,3095,1240,1289,1934,402,683,4732,67,3326,67,4335,12500,3884.8774349580
15214,3,9480,2344,379,1934,882,0,351,71,522,2127,870,2723,6757,3409.1781572080
15222,3,21032,886,1523,1289,2211,0,861,1227,647,11447,942,2409,18624,2695.6292405831
15230,3,8773,609,202,4654,1719,0,0,522,331,736,0,811,7962,2854.1956664997
15248,9,19679,6265,1769,4582,2273,303,597,965,761,841,1323,8034,11645,8641.8702124575
15255,5,7030,1017,227,2724,461,0,0,127,955,857,662,1244,5786,3964.1606479163
15263,5,27771,7607,784,4192,1884,2637,400,454,1590,7038,1184,8391,19379,4598.4263515829
15271,2,8181,1405,983,2649,628,0,87,153,1000,291,986,2388,5794,2061.3635369165
15289,2,22506,4189,995,3406,921,43,0,1256,84,10458,1154,5184,17322,1982.0803239582
15297,3,12589,1325,404,4418,1188,44,0,1378,2203,1631,0,1729,10862,2774.9124535414
15305,1,8805,2722,454,3183,707,318,0,223,765,325,109,3176,5630,872.1153425416
15313,1,11618,538,163,3183,614,40,0,160,0,6920,0,701,10917,1109.9649814166
15321,1,7651,436,72,5176,1296,0,151,225,150,110,36,508,7144,872.1153425416
15339,7,7472,779,354,2470,567,0,335,69,1746,851,301,1133,6339,5311.9752682078
15347,2,5290,377,281,1506,471,15,151,90,1475,464,460,658,4632,2140.6467498748
15354,4,7935,972,95,2811,640,0,1255,276,1715,171,0,1067,6868,3250.6117312914
15362,4,16882,1925,1116,5694,2352,313,1231,779,1492,1621,359,3041,13841,4202.0102867913
15370,13,12747,977,326,5425,1559,63,291,13,2208,337,1547,1303,11443,12209.6147955822
15388,7,10338,839,0,4145,1098,576,201,998,1982,299,201,839,9500,6739.0731014577
15396,3,7364,1044,285,3483,863,22,521,3,105,864,173,1329,6034,2695.6292405831
15404,3,14097,2664,28,3434,1037,87,0,460,273,5198,915,2692,11404,3171.3285183330
15412,2,26691,1180,0,5188,1288,134,13512,375,767,2874,1374,1180,25512,1982.0803239582
15420,6,12306,3523,1121,3314,1451,0,722,67,120,1988,0,4644,7662,5232.6920552495
15438,2,9197,1714,484,4167,1036,340,402,117,160,413,364,2198,6999,1982.0803239582
15446,3,20637,1336,384,5116,1592,211,823,2185,727,5780,2482,1720,18916,2854.1956664997
15453,2,9710,570,370,2543,5472,0,45,186,150,331,43,940,8770,2061.3635369165
15461,2,21997,3662,1365,3314,1168,1415,3386,1311,809,1740,3828,5027,16971,1982.0803239582
15479,1,5926,761,0,2159,537,44,0,71,946,741,668,761,5166,1189.2481943749
15487,2,10602,999,83,2510,560,2154,1062,537,411,2220,65,1082,9519,2061.3635369165
15495,3,9638,826,130,3072,631,212,693,135,628,3312,0,956,8683,3171.3285183330
15503,1,6086,1240,253,2615,694,0,129,362,285,400,109,1493,4594,1109.9649814166
15511,7,20158,3890,2186,2332,873,1042,1150,810,4610,1690,1575,6076,14082,7056.2059532910
15529,3,9752,132,166,5205,1573,0,0,158,2187,331,0,298,9454,2616.3460276248
15537,1,8955,420,306,6159,1671,0,0,71,201,128,0,726,8230,872.1153425416
15545,6,30723,2010,1007,0,2210,479,0,1539,7462,15672,344,3017,27706,5232.6920552495
15552,2,5065,339,337,3071,481,95,0,130,301,311,0,676,4389,1982.0803239582
15560,3,8521,2545,353,2381,813,285,402,1002,0,510,231,2898,5624,3171.3285183330
15578,2,18995,1328,345,5836,996,88,561,1020,269,8250,300,1673,17320,1982.0803239582
15586,3,26235,3798,1641,5545,2497,1086,2462,132,1072,7216,786,5439,20796,3012.7620924164
15594,2,8346,786,145,3865,614,129,549,0,1622,284,351,931,7414,1427.0978332499
15602,1,7376,800,192,3758,917,0,271,495,251,693,0,992,6385,872.1153425416
15610,2,17000,2971,1557,4407,1623,199,201,533,1105,1674,2728,4528,12470,2299.2131757915
15628,3,23858,1232,695,4854,2404,482,547,693,3881,8720,351,1927,21932,2933.4788794581
15636,2,8139,323,227,3514,597,669,1044,261,1291,214,0,550,7590,2140.6467498748
15644,7,18893,6994,443,3691,1399,221,481,4018,460,463,725,7437,11458,6263.3738237078
15651,3,11630,2472,399,3691,1275,52,452,512,2225,552,0,2871,8759,2854.1956664997
15669,3,16422,2453,0,3407,881,33,1904,618,4498,1710,918,2453,13969,2378.4963887498
15677,5,26712,1387,518,4750,7439,399,1662,1719,3023,5816,0,1905,24808,4043.4438608746
15685,2,13318,387,526,4332,753,184,211,925,134,4070,1796,913,12405,1982.0803239582
15693,4,17401,2157,538,4379,1689,482,1365,3439,1689,989,674,2695,14706,3329.8949442497
15701,1,7594,1159,322,3741,791,105,351,246,269,513,97,1481,6113,872.1153425416
15719,3,9285,2182,212,2906,444,7,1062,34,655,507,1276,2394,6891,2933.4788794581
15727,2,10975,1075,228,3691,1122,1116,1553,93,351,1544,200,1303,9670,1427.0978332499
15735,1,8279,580,373,3691,798,1760,0,111,546,418,0,953,7324,872.1153425416
15743,4,8208,448,783,4016,1305,0,0,209,0,1447,0,1231,6977,3884.8774349580
15750,2,15738,2084,770,5765,2256,0,0,716,657,3162,327,2854,12883,2299.2131757915
15768,2,20381,2157,1049,4731,1653,903,654,2042,1491,5326,374,3206,17174,1982.0803239582
15776,6,13076,2180,199,3313,1824,146,0,390,989,2117,1918,2379,10697,6580.5066755411
15784,1,4751,789,61,2008,399,109,1213,56,0,57,59,850,3901,1189.2481943749
15792,4,18279,2850,530,3166,1125,234,2008,1269,836,6261,0,3380,14899,4360.5767127079
15800,7,30557,3005,643,3071,896,6239,3713,1214,7788,977,3010,3648,26908,6739.0731014577
15818,2,45317,1474,199,3812,822,0,0,154,33820,5036,0,1673,43644,2299.2131757915
15826,6,12732,1806,929,5630,1716,166,0,221,687,1577,0,2735,9997,5946.2409718745
15834,2,10704,799,204,4432,979,1202,361,142,824,1762,0,1003,9702,1982.0803239582
15842,3,9766,1335,695,4332,849,40,0,280,913,1113,209,2030,7736,3171.3285183330
15859,4,13123,1763,232,4016,1178,0,0,861,1999,2698,375,1995,11127,3726.3110090413
15867,4,22071,3333,351,5881,1425,256,0,3251,703,6733,138,3684,18387,3884.8774349580
15875,5,19373,3661,273,5753,1413,129,349,932,3826,2121,915,3934,15438,4519.1431386246
15883,3,21572,2256,628,6467,1039,241,1276,1912,2825,4174,753,2884,18687,3012.7620924164
15891,1,9819,87,0,7017,1636,0,0,246,633,201,0,87,9733,872.1153425416
15909,2,25268,2671,512,5848,1456,325,0,3074,2891,2642,5849,3183,22085,2061.3635369165
15917,3,26332,1007,673,11311,3677,0,0,2800,410,6249,204,1680,24651,3171.3285183330
15925,2,22936,4616,271,7538,1145,67,1807,148,2690,4652,0,4887,18047,2061.3635369165
15933,1,18793,1433,644,9086,2455,219,251,569,917,1532,1687,2077,16716,872.1153425416
15941,2,14183,2836,183,5145,773,300,0,282,752,1662,2250,3019,11164,2140.6467498748
15958,2,14984,522,250,6267,811,70,475,263,3681,2645,0,772,14212,2061.3635369165
15966,7,13870,4181,816,2720,1668,351,301,463,1137,311,1920,4997,8871,7531.9052310410
15974,2,7470,2549,391,2192,888,211,378,566,0,120,174,2940,4529,1744.2306850832
15982,2,20662,2312,0,11477,1924,61,0,576,3023,1055,235,2312,18351,1982.0803239582
15990,2,12351,1706,0,5823,812,416,0,70,701,2822,0,1706,10644,2140.6467498748
16006,3,11601,2594,210,1305,1082,212,0,2348,507,3074,268,2804,8796,2616.3460276248
16014,1,16229,547,204,5020,3127,426,2440,285,1337,1940,902,751,15477,872.1153425416
16022,3,16325,692,453,1004,986,2104,0,170,7465,1322,2129,1145,15180,2695.6292405831
16030,4,13633,3775,260,4470,1443,144,701,998,451,1367,26,4035,9600,4360.5767127079
16048,4,17846,2088,540,3003,927,50,1111,312,1717,6276,1821,2628,15217,3329.8949442497
16055,2,7781,1474,735,3240,1116,95,0,513,264,345,0,2209,5573,1982.0803239582
16063,2,23108,3345,407,2997,592,3264,625,297,9479,2102,0,3752,19356,2378.4963887498
16071,4,8206,1140,263,1902,758,0,200,1219,1638,1084,0,1403,6801,3647.0277960830
16089,2,7400,810,350,2002,893,445,1071,203,1406,220,0,1160,6240,1982.0803239582
16097,2,7917,968,162,1943,3253,23,60,349,33,942,181,1130,6784,1982.0803239582
16105,2,4163,0,0,2176,499,0,801,403,0,285,0,0,4164,1982.0803239582
16113,2,11243,740,259,4700,1264,1271,0,1351,250,1408,0,999,10244,1982.0803239582
16121,4,14409,2249,43,2248,2357,469,0,309,2384,4250,100,2292,12117,3647.0277960830
16139,4,12977,3985,1129,2248,1286,538,611,949,388,1844,0,5114,7864,3250.6117312914
16147,3,13745,1163,148,2248,1699,435,601,127,418,5429,1477,1311,12434,2695.6292405831
16154,4,24708,4265,102,3301,2231,83,500,267,1812,6441,5706,4367,20341,3964.1606479163
16162,2,10002,2263,1290,1767,1680,869,251,586,0,1092,204,3553,6449,1982.0803239582
16170,2,7607,2249,421,2247,1401,137,131,355,60,519,87,2670,4937,1744.2306850832
16188,2,9320,2488,1130,1767,2290,0,0,107,0,1538,0,3618,5702,1744.2306850832
16196,3,22527,3071,109,1767,4930,1176,1054,1050,1759,3006,4604,3180,19346,2695.6292405831
16204,2,16291,1485,577,2248,2216,2451,1401,659,418,3663,1172,2062,14228,1982.0803239582
16212,6,20202,1441,662,3361,2293,174,1201,3217,3182,4668,2,2103,18098,5708.3913329995
16220,4,13616,2691,629,3301,872,498,1255,148,781,1920,1521,3320,10296,3250.6117312914
16238,2,13994,2153,889,2499,1037,577,1079,2348,2431,726,256,3042,10953,1982.0803239582
16246,2,7504,1221,220,3302,726,0,0,413,305,997,320,1441,6063,1982.0803239582
16253,1,9857,1515,687,4245,1066,58,0,1760,253,51,223,2202,7656,872.1153425416
16261,10,11747,1400,98,2997,1045,426,1469,7,3935,130,241,1498,10250,7690.4716569576
16279,3,20967,4327,1022,4136,1531,1573,935,487,2429,3967,561,5349,15619,2695.6292405831
16287,3,14511,1944,515,5612,1312,0,0,2794,997,803,534,2459,12052,2854.1956664997
16295,3,23987,3169,1377,6624,3686,3377,0,1335,1557,1190,1673,4546,19442,2854.1956664997
16303,2,6549,384,153,3302,693,0,0,1437,368,70,142,537,6012,1823.5138980415
16311,12,23007,2460,2221,6259,2198,212,603,726,5784,574,1970,4681,18326,10703.2337493740
16329,3,19447,5018,2347,3849,1739,190,981,1331,1655,2210,127,7365,12082,3250.6117312914
16337,6,10093,1825,480,3804,613,161,139,107,2055,266,645,2305,7790,4836.2759904579
16345,1,18495,434,1233,5000,3370,949,440,468,1690,2218,2691,1667,16826,872.1153425416
16352,4,22854,2794,832,8724,1581,0,0,1082,1153,4758,1931,3626,19229,4122.7270738330
16360,1,5227,0,110,3849,1084,114,0,71,0,0,0,110,5118,872.1153425416
16378,7,14505,847,173,6159,2003,306,217,465,3372,961,0,1020,13483,6580.5066755411
16386,6,22144,5282,1206,6159,3363,613,350,1336,1911,1793,130,6488,15655,6739.0731014577
16394,2,22593,1566,877,6159,1643,1371,0,3182,3512,1861,2423,2443,20151,1982.0803239582
16402,1,9804,420,109,3849,1063,1648,44,222,221,922,1305,529,9274,872.1153425416
16410,4,28417,5928,2020,6351,3324,794,0,3616,1248,2450,2687,7948,20470,4360.5767127079
16428,1,11708,2089,125,5487,1102,84,261,585,568,1409,0,2214,9496,872.1153425416
16436,5,77955,10492,610,15849,8159,634,3604,1,25673,12109,823,11102,66852,4598.4263515829
16444,5,29853,1487,633,6024,1430,164,693,564,2655,15920,284,2120,27734,5311.9752682078
16451,3,23576,1928,1006,6651,3444,130,502,3955,932,4531,496,2934,20641,3171.3285183330
16469,5,22950,4065,519,6367,2328,38,519,765,5183,2476,690,4584,18366,4360.5767127079
16477,3,23319,3347,893,6367,3996,1637,1038,1014,2960,1587,479,4240,19078,3171.3285183330
16485,3,33849,4555,757,6367,2540,236,2200,936,3008,10232,3017,5312,28536,2616.3460276248
16493,2,5900,1503,546,37,1765,0,181,917,702,249,0,2049,3851,1744.2306850832
16501,1,5076,688,608,2449,531,348,0,71,241,140,0,1296,3780,872.1153425416
16519,4,9578,1143,916,3253,1427,256,1152,141,661,331,298,2059,7519,3805.5942219997
16527,3,6701,1193,290,2449,1004,157,0,422,381,805,0,1483,5218,3171.3285183330
16535,2,18743,4226,581,3112,1397,174,783,3478,1401,3128,463,4807,13936,1982.0803239582
16543,5,20947,4524,854,5152,1750,487,478,78,176,7361,86,5378,15568,4915.5592034162
16550,4,10738,2139,853,3112,1583,69,65,835,692,717,673,2992,7746,4122.7270738330
16568,2,26437,3608,559,3112,3174,585,456,6260,5169,703,2811,4167,22270,1982.0803239582
16576,2,7593,1566,255,2603,206,0,0,143,1585,1235,0,1821,5772,1823.5138980415
16584,6,11754,3277,604,3112,1224,308,138,556,420,2010,104,3881,7872,5708.3913329995
16592,2,19106,2148,495,3212,1721,3204,0,1757,591,5628,348,2643,16461,1982.0803239582
16600,6,18142,2128,395,3112,1241,1122,2035,426,3446,2598,1637,2523,15617,6263.3738237078
16618,6,13760,2422,771,2218,1159,117,0,134,738,5350,851,3193,10567,6025.5241848328
16626,3,9832,2232,356,3112,1163,67,0,335,513,1724,329,2588,7243,3171.3285183330
16634,4,8889,908,0,2498,827,0,0,0,2808,1709,139,908,7981,3250.6117312914
16642,2,18947,1852,70,3122,1353,2777,1151,604,2965,4948,106,1922,17026,2061.3635369165
16659,4,8978,1291,220,3103,1295,0,0,239,908,1922,0,1511,7467,4281.2934997496
16667,1,4732,133,212,3112,918,0,0,71,241,46,0,345,4388,872.1153425416
16675,5,10160,785,1629,2218,1255,535,651,738,0,2039,310,2414,7746,4915.5592034162
16683,5,18195,3666,712,2218,1223,1899,611,245,1153,6264,204,4378,13817,5153.4088422912
16691,4,14464,2926,339,2218,1550,84,0,23,1696,5288,340,3265,11199,4122.7270738330
16709,2,16441,0,0,1960,760,0,0,0,1002,10762,1957,0,16441,1823.5138980415
16717,6,12073,623,173,3176,1110,140,500,334,3670,2239,108,796,11277,6104.8073977911
16725,4,15099,1627,313,2870,1217,2496,2480,568,862,1535,1131,1940,13159,4202.0102867913
16733,5,16257,4169,518,1602,1379,713,251,821,258,5224,1323,4687,11571,4598.4263515829
16741,4,11234,2067,678,1960,1206,167,100,1531,996,2338,190,2745,8488,4122.7270738330
16758,3,7326,1233,616,2036,1048,234,0,174,0,547,1438,1849,5477,3092.0453053747
16766,8,11083,1758,191,3176,1208,17,551,273,459,2014,1436,1949,9134,8562.5869994992
16774,5,17579,5568,2064,2036,1964,1165,450,2017,85,2183,47,7632,9947,5074.1256293329
16782,5,12107,2867,1025,2036,1225,492,0,467,1280,1963,752,3892,8215,5311.9752682078
16790,5,13257,3386,130,3176,41,261,0,575,535,5153,0,3516,9741,4122.7270738330
16808,5,20533,2327,812,1501,3005,2711,0,40,2037,3119,4981,3139,17394,4994.8424163745
16816,4,44307,6203,1624,1614,1239,33,0,1740,201,7548,24106,7827,36481,4360.5767127079
16824,5,20370,5461,1051,2036,998,1606,801,519,1166,5358,1375,6512,13859,5153.4088422912
16832,5,16201,1194,629,2599,2234,209,440,213,2260,2663,3760,1823,14378,3726.3110090413
16840,6,23908,4208,1701,1614,2074,159,0,2139,2350,6859,2803,5909,17998,5866.9577589161
16857,2,35368,3839,1353,3176,3818,1297,579,200,1302,14798,5005,5192,30175,1982.0803239582
16865,2,12477,2015,662,2036,833,69,1838,399,0,2922,1704,2677,9801,1982.0803239582
16873,7,13236,2962,506,3176,1254,23,2138,253,197,1772,956,3468,9769,6421.9402496244
16881,6,17733,1404,557,3008,1613,26,612,917,3239,6060,297,1961,15772,5708.3913329995
16899,7,26865,4774,715,5305,1646,401,230,1372,4368,6438,1617,5489,21377,6342.6570366661
16907,5,18408,2174,978,3737,1922,121,1318,914,4211,737,2297,3152,15257,4122.7270738330
16915,2,9746,1285,323,3862,1330,100,904,528,445,969,0,1608,8138,2061.3635369165
16923,4,10312,1580,727,3737,1140,0,786,392,1365,585,0,2307,8005,3805.5942219997
16931,7,26557,3845,1220,5005,2653,429,1988,499,5115,3089,2714,5065,21492,7452.6220180826
16949,4,12938,1333,231,3867,1333,300,212,483,3391,1737,50,1564,11373,3409.1781572080
16956,3,13592,2418,927,3008,1592,408,0,207,2157,1134,1740,3345,10246,2616.3460276248
16964,2,13406,2019,558,3008,1374,0,501,1093,3045,1493,314,2577,10828,1823.5138980415
16972,5,38975,2361,1800,2647,3042,110,497,2739,16698,8309,773,4161,34815,4598.4263515829
16980,7,26904,3294,1078,4903,1203,591,211,229,8947,5399,1049,4372,22532,6421.9402496244
16998,1,2829,0,0,2208,86,0,378,0,120,37,0,0,2829,872.1153425416
17004,3,40515,3927,753,4218,17509,597,1990,820,2507,7527,667,4680,35835,2616.3460276248
17012,4,31772,1762,845,5075,976,286,3542,1718,679,15807,1080,2607,29163,3964.1606479163
17020,1,7434,1368,232,3472,324,1493,0,223,230,70,22,1600,5834,1109.9649814166
17038,2,19504,3613,837,3472,1130,609,950,815,379,1526,6173,4450,15054,1982.0803239582
17046,2,11649,3267,242,3206,947,107,0,0,227,3017,636,3509,8140,2061.3635369165
17053,2,3807,1017,188,1224,209,0,119,293,206,550,0,1205,2601,1982.0803239582
17061,3,19499,1228,279,4709,1335,401,0,393,1405,9147,602,1507,17992,3329.8949442497
17079,2,8927,1032,956,2906,547,17,269,615,2038,239,309,1988,6940,2061.3635369165
17087,1,2398,91,151,1614,268,67,104,0,67,37,0,242,2157,872.1153425416
17095,2,14220,2176,911,3176,1353,402,0,142,270,5678,112,3087,11133,1982.0803239582
17103,8,13375,4025,1744,1960,1042,72,0,1020,260,2194,1058,5769,7606,8166.1709347076
17111,5,35944,6127,508,2870,3146,1052,8728,0,1440,6534,5539,6635,29309,5311.9752682078
17129,5,10927,1828,239,1960,1084,0,80,314,1539,1191,2692,2067,8860,4122.7270738330
17137,6,13521,2961,1242,1843,1195,0,2863,0,1463,1352,602,4203,9318,5549.8249070828
17145,4,20726,1586,755,1843,630,7212,858,389,2712,3795,946,2341,18385,3329.8949442497
17152,5,19010,6477,323,2940,2173,100,1259,2069,1307,1444,918,6800,12210,4915.5592034162
17160,5,9608,1465,264,2870,1070,0,1011,535,669,1420,304,1729,7879,5311.9752682078
17178,3,12456,1235,126,2925,726,0,2786,0,3871,500,286,1361,11094,3250.6117312914
17186,3,14002,1876,62,2251,823,281,1074,417,3322,2477,1420,1938,12065,2695.6292405831
17194,1,8446,383,55,6293,651,60,0,300,565,140,0,438,8009,872.1153425416
17202,5,14951,2782,1349,3619,1503,388,0,0,2334,2703,271,4131,10818,4836.2759904579
17210,2,24621,2406,1391,9101,2655,1125,139,1737,1044,3738,1284,3797,20823,1982.0803239582
17228,2,18757,2291,659,5596,2993,0,0,3470,948,2799,0,2950,15806,1982.0803239582
17236,2,15176,1055,866,7017,1336,1061,0,1748,289,1481,322,1921,13254,1982.0803239582
17244,4,25007,3332,917,8902,4346,198,282,568,3518,1396,1549,4249,20759,3567.7445831247
17251,2,21023,1163,357,9485,2303,0,0,1538,3076,3052,50,1520,19504,1982.0803239582
17269,3,20159,290,499,7017,1368,0,1199,283,1554,7754,195,789,19370,2774.9124535414
17277,2,34455,4574,1069,9152,2983,1220,647,3635,3185,7693,300,5643,28815,1982.0803239582
17285,4,29208,1373,329,9018,3335,100,52,2684,5136,6270,910,1702,27505,3726.3110090413
17293,1,16644,585,299,7265,2172,194,238,1557,2779,1405,150,884,15760,872.1153425416
17301,5,27326,5981,968,8902,2175,227,0,4323,1991,2194,566,6949,20378,5074.1256293329
17319,2,12981,378,220,7017,4168,10,0,399,275,280,234,598,12383,1982.0803239582
17327,4,25272,1760,0,7416,2668,133,995,3333,695,4739,3534,1760,23513,3805.5942219997
17335,4,20677,716,182,6040,1678,200,1303,954,1845,6502,1256,898,19778,4439.8599256663
17343,5,27657,2196,107,6424,2612,88,0,620,7347,6082,2180,2303,25353,4122.7270738330
17350,5,8647,678,414,3203,841,467,203,238,1366,1237,0,1092,7555,4994.8424163745
17368,2,9807,1762,570,5101,454,0,0,140,1,1583,195,2332,7474,1982.0803239582
17376,4,34070,1646,105,6417,1854,560,3503,1904,13269,3612,1200,1751,32319,3964.1606479163
17384,2,13782,1966,466,4419,1927,237,0,852,859,2059,999,2432,11352,1982.0803239582
17392,3,25655,3056,564,6015,1937,457,367,490,2558,10073,138,3620,22035,2933.4788794581
17400,2,11751,856,238,4810,4859,0,0,623,228,138,0,1094,10658,2061.3635369165
17418,3,27896,2833,264,8902,2784,0,2189,1290,7873,1754,7,3097,24799,2854.1956664997
17426,5,34064,0,254,7363,1534,0,0,1869,8211,1513,13320,254,33810,3884.8774349580
17434,4,9336,1580,700,1916,1108,0,0,142,0,3728,162,2280,7056,4360.5767127079
17442,5,12706,2035,0,4366,906,60,231,867,2558,1057,626,2035,10671,4756.9927774996
17459,1,8673,1732,231,3230,587,0,141,1,0,2228,524,1963,6711,1189.2481943749
17467,2,12381,2976,1089,5387,1151,25,0,678,281,603,192,4065,8317,1982.0803239582
17475,1,5724,276,204,2803,259,0,301,100,1305,110,365,480,5243,872.1153425416
17483,2,15010,754,1137,3606,600,334,361,1185,1020,4224,1789,1891,13119,1982.0803239582
17491,6,36652,4075,729,5886,3392,4108,4115,5088,6146,2412,702,4804,31849,6104.8073977911
17509,4,24191,1803,743,5335,1553,5652,1088,961,3468,2362,1226,2546,21645,3726.3110090413
17517,7,13000,1045,1521,3176,1895,1339,0,301,2326,1396,0,2566,10433,5708.3913329995
17525,3,11832,1980,1108,2036,488,22,470,1177,2610,1147,796,3088,8746,3171.3285183330
17533,5,26320,3044,1297,2036,1057,170,2068,1988,7937,6464,259,4341,21979,5311.9752682078
17541,6,17054,2148,1224,3175,779,0,1598,605,2119,5404,0,3372,13680,5708.3913329995
17558,5,15953,1692,410,4445,1177,222,139,1709,3071,2556,532,2102,13851,3964.1606479163
17566,1,3486,112,300,2251,315,0,0,110,150,249,0,412,3075,872.1153425416
17574,5,4792,71,0,2090,1374,0,0,226,401,625,5,71,4721,5311.9752682078
17582,3,11964,2360,405,2267,649,166,239,944,3060,1529,346,2765,9200,2695.6292405831
17590,5,15200,6277,407,2208,1453,0,533,296,299,2334,1392,6684,8515,4598.4263515829
17608,3,37597,2434,910,4333,2308,10463,3841,1364,5246,6608,90,3344,34253,3171.3285183330
17616,3,15286,3146,410,2797,1111,325,308,1132,3815,2192,50,3556,11730,2616.3460276248
17624,5,24396,5331,1119,3639,2450,988,567,1000,5248,3162,893,6450,17947,4836.2759904579
17632,4,14068,2602,791,1614,765,3980,1015,47,462,2574,218,3393,10675,3409.1781572080
17640,1,4205,1541,109,1614,323,25,0,117,0,267,209,1650,2555,872.1153425416
17657,5,11489,1574,596,2036,1341,1232,1483,714,116,2397,0,2170,9319,5311.9752682078
17665,4,8267,1646,805,2035,912,1302,0,267,128,932,239,2451,5815,3409.1781572080
17673,1,5572,1985,657,1454,454,331,90,26,0,0,575,2642,2930,872.1153425416
17681,1,1769,358,207,107,174,66,75,472,100,189,22,565,1205,872.1153425416
17699,6,9597,1935,420,2036,894,0,119,107,43,3965,77,2355,7241,4915.5592034162
17707,2,6912,1080,414,1614,639,0,0,2465,0,701,0,1494,5419,1982.0803239582
17715,5,32037,1258,243,7017,1038,0,0,529,6491,15462,0,1501,30537,3726.3110090413
17723,2,13941,2781,430,5311,845,120,601,579,1725,1087,462,3211,10730,2378.4963887498
17731,2,16146,4250,476,2808,487,22,0,280,280,6712,832,4726,11421,1744.2306850832
17749,4,14611,972,454,5387,1413,170,1819,555,2044,1696,100,1426,13184,4122.7270738330
17756,4,16299,2669,1044,4082,1733,259,392,2156,449,3499,15,3713,12585,4439.8599256663
17764,1,1497,174,0,0,3,0,0,234,1026,60,0,174,1323,951.3985554999
17772,1,3185,386,26,0,3,27,422,22,1923,377,0,412,2774,951.3985554999
17780,1,2873,541,0,0,3,0,0,0,1476,854,0,541,2333,1189.2481943749
17798,4,9714,3372,0,3781,3,0,160,41,0,1276,1081,3372,6342,4756.9927774996
17806,2,13474,524,0,0,3,242,0,84,6681,5740,201,524,12951,2140.6467498748
17814,2,1851,0,0,0,3,0,0,44,1802,2,0,0,1851,2378.4963887498
17822,1,2266,536,189,0,4,17,100,87,1301,31,0,725,1540,951.3985554999
17830,4,14193,1429,451,0,163,70,130,603,9182,1517,649,1880,12314,3171.3285183330
17848,4,4324,183,0,0,3,0,50,2,3887,199,0,183,4141,4756.9927774996
17855,5,10368,2372,452,149,1151,146,1319,485,1026,2879,389,2824,7544,4281.2934997496
17863,3,11745,1741,620,2466,1302,251,679,773,1728,1753,432,2361,9384,2933.4788794581
17871,5,36480,3431,984,6344,2102,103,7857,912,11197,3060,489,4415,32064,5549.8249070828
17889,3,7977,1040,292,1124,1151,342,1511,365,0,1102,1049,1332,6644,2695.6292405831
17897,3,8116,832,200,1124,980,567,0,401,2094,1695,224,1032,7085,2695.6292405831
17905,3,15724,1142,393,1149,834,70,0,1591,5336,4749,459,1535,14188,2695.6292405831
17913,1,3103,633,315,551,585,346,200,217,0,257,0,948,2156,1109.9649814166
17921,3,7822,1088,48,1119,771,0,0,61,2941,1536,257,1136,6685,2695.6292405831
17939,1,4462,537,106,2498,375,60,0,434,217,233,0,643,3817,1109.9649814166
17947,2,12351,1108,365,3328,6582,134,0,557,182,96,0,1473,10879,1744.2306850832
17954,1,3168,304,300,2011,45,22,79,0,286,69,52,604,2564,872.1153425416
17962,2,7012,846,347,3225,393,20,0,149,0,1043,988,1193,5818,2219.9299628331
17970,2,9323,1869,1831,2498,513,217,0,502,408,1485,0,3700,5623,2061.3635369165
17988,3,11120,1593,429,2925,892,174,0,958,647,2084,1418,2022,9098,3171.3285183330
17996,5,12187,2687,771,2925,2003,201,0,346,1380,566,1309,3458,8730,4756.9927774996
18002,1,23364,3108,564,8459,4293,0,0,1094,461,5384,0,3672,19691,1109.9649814166
18010,2,24608,1278,538,2800,719,5078,2066,1169,2809,3486,4665,1816,22792,1823.5138980415
18028,1,33425,6273,1218,9950,907,0,0,69,254,14753,0,7491,25933,1109.9649814166
18036,2,14054,1318,59,5572,874,333,785,197,2966,1328,622,1377,12677,1902.7971109998
18044,1,24867,1498,201,5175,482,117,0,1474,5808,9928,184,1699,23168,872.1153425416
18051,4,14577,0,0,5387,1105,62,380,1103,5722,818,0,0,14577,3884.8774349580
18069,2,19292,26,0,5447,1601,0,119,2448,935,8715,0,26,19265,1982.0803239582
18077,1,8665,889,125,5487,1280,0,0,199,290,313,82,1014,7651,872.1153425416
18085,1,4802,1036,43,2997,250,100,0,60,195,121,0,1079,3723,951.3985554999
18093,1,6466,620,93,4225,428,0,0,844,180,77,0,713,5754,872.1153425416
18101,2,24834,2788,1764,5387,1191,198,0,4344,441,320,8401,4552,20282,1982.0803239582
18119,6,18560,1135,521,7930,1135,133,597,475,4438,942,1254,1656,16904,5946.2409718745
18127,4,11474,2167,729,2615,1302,340,0,361,872,2493,595,2896,8578,3805.5942219997
18135,2,9537,947,36,2615,619,0,90,1,445,4349,435,983,8554,2061.3635369165
18143,4,9509,1811,52,2780,772,382,1179,460,853,1220,0,1863,7646,4281.2934997496
18150,2,8172,707,207,3109,535,0,563,165,331,1917,639,914,7259,2061.3635369165
18168,2,13152,910,408,4910,812,152,605,48,1109,4111,87,1318,11834,2061.3635369165
18176,4,23988,4554,1003,6600,2177,1977,0,3056,1802,1870,949,5557,18431,3964.1606479163
18184,5,15609,832,610,4095,758,117,0,581,4722,2217,1676,1442,14166,4519.1431386246
18192,2,19020,771,1402,4272,1138,0,90,324,9412,1540,72,2173,16848,1982.0803239582
18200,2,10814,3184,132,3925,324,106,709,282,1282,586,285,3316,7499,2140.6467498748
18218,4,18365,348,118,11051,816,746,601,146,3764,775,0,466,17899,3171.3285183330
18226,4,14020,760,515,3482,485,533,1071,3266,2039,1510,359,1275,12745,3250.6117312914
18234,5,11684,1195,320,3532,754,160,796,1652,2753,133,388,1515,10168,3805.5942219997
18242,2,18492,2822,494,5020,1650,917,1008,466,1922,2729,1464,3316,15176,2061.3635369165
18259,5,25816,4289,1517,5386,1077,1731,234,235,7220,3783,343,5806,20009,4519.1431386246
18267,2,16698,5452,868,4547,254,829,404,457,496,3169,224,6320,10380,2061.3635369165
18275,4,24199,5583,362,4459,1838,1379,1284,2082,1331,3640,2241,5945,18254,3647.0277960830
18283,5,24417,6951,339,7096,2123,146,649,638,3740,2031,702,7290,17125,4915.5592034162
18291,4,25714,1912,1232,7063,4226,0,0,239,9317,1224,500,3144,22569,3488.4613701663
18309,5,10941,1716,245,5020,695,0,679,766,962,858,0,1961,8980,4756.9927774996
18317,1,3668,0,196,2553,219,0,0,244,261,196,0,196,3473,872.1153425416
18325,1,4880,348,0,3507,151,0,0,154,0,50,671,348,4533,872.1153425416
18333,1,8738,2016,500,4219,868,0,0,329,219,338,249,2516,6222,1109.9649814166
18341,4,23865,7237,1801,5819,1562,132,0,435,206,5785,889,9038,14828,4360.5767127079
18358,3,22007,2816,673,5944,3333,0,119,200,2795,5768,358,3489,18517,2616.3460276248
18366,3,20958,2221,263,7385,4239,30,0,600,4363,1341,516,2484,18474,2933.4788794581
18374,3,30532,2518,1053,7468,1475,8193,1451,5435,1965,451,523,3571,26961,2774.9124535414
18382,2,13693,1845,368,7113,1073,48,0,1161,181,1552,352,2213,11480,1982.0803239582
18390,4,22792,2306,1014,10293,1701,2088,0,723,3110,621,937,3320,19473,3171.3285183330
18408,5,29788,7580,288,7222,1384,501,1001,1928,3681,4537,1666,7868,21920,5311.9752682078
18416,4,53231,0,0,42207,1307,366,1343,554,5188,1906,359,0,53230,3567.7445831247
18424,5,50311,5194,679,2047,13838,1408,1397,4747,16880,2816,1306,5873,44439,4043.4438608746
18432,1,4267,0,0,3472,276,0,0,0,399,120,0,0,4267,951.3985554999
18440,3,12108,2173,918,7109,705,0,0,325,405,472,0,3091,9016,2854.1956664997
18457,4,13421,2152,602,5387,1191,60,471,234,2299,657,369,2754,10668,3409.1781572080
18465,1,18980,2014,676,4202,450,0,0,635,1732,9124,148,2690,16291,1109.9649814166
18473,2,22613,1846,101,7226,1747,0,0,926,2162,8170,435,1947,20666,1982.0803239582
18481,1,9160,542,315,5457,555,282,80,522,901,506,0,857,8303,872.1153425416
18499,3,21063,1382,94,5500,1301,560,324,815,5179,5457,451,1476,19587,2616.3460276248
18507,1,6074,0,0,4136,935,0,0,203,200,601,0,0,6075,1109.9649814166
18515,6,6954,0,0,3758,2196,0,0,0,647,354,0,0,6955,4677.7095645412
18523,3,14066,1450,181,3611,859,493,566,326,2536,3068,979,1631,12438,2774.9124535414
18531,4,27922,3428,1493,4136,1403,370,3798,2420,3749,6965,160,4921,23001,3884.8774349580
18549,2,11519,784,592,5487,1627,0,1095,1069,526,318,22,1376,10144,1982.0803239582
18556,5,13853,1103,137,5487,1640,191,581,1310,2124,953,327,1240,12613,4202.0102867913
18564,2,20251,6608,1317,4218,1170,1078,1507,963,1176,734,1482,7925,12328,1982.0803239582
18572,3,16086,4087,1553,5571,1880,189,0,1503,140,374,790,5640,10447,2616.3460276248
18580,5,17937,5289,1001,236,907,1035,44,575,5877,1033,1941,6290,11648,4043.4438608746
18598,4,10946,1033,354,5161,1643,0,0,0,2437,305,13,1387,9559,3329.8949442497
18606,4,24071,3554,930,5550,2257,256,641,954,3398,6030,500,4484,19586,3647.0277960830
18614,3,6445,553,289,3302,440,835,0,117,0,713,196,842,5603,2616.3460276248
18622,2,4934,1117,215,1503,511,27,185,284,240,719,134,1332,3603,1823.5138980415
18630,3,14805,1855,481,4279,1377,200,498,2510,888,2545,174,2336,12471,2933.4788794581
18648,5,50110,2473,760,5933,3443,1312,448,1270,25573,8571,326,3233,46876,5153.4088422912
18655,4,23354,3076,543,6123,1951,356,778,835,2213,6519,960,3619,19735,4122.7270738330
18663,8,13741,3716,577,1863,1804,1085,716,712,625,2430,213,4293,9448,7214.7723792077
18671,3,5358,816,1111,1863,669,0,0,0,0,899,0,1927,3431,3171.3285183330
18689,4,21077,4693,1289,1968,1690,0,200,3516,1069,4464,2188,5982,15095,4122.7270738330
18697,3,5715,1715,313,1863,793,22,0,0,0,645,365,2028,3688,3329.8949442497
18705,2,4181,786,43,1863,544,134,0,0,0,659,152,829,3352,1982.0803239582
18713,6,20921,7773,287,1968,1463,837,300,2140,835,4674,644,8060,12861,4677.7095645412
18721,2,5836,2804,629,1761,546,0,0,0,0,95,0,3433,2402,1982.0803239582
18739,5,13724,4992,399,1968,925,585,1141,372,40,1844,1458,5391,8333,5232.6920552495
18747,2,5398,1945,109,1761,462,134,0,729,150,0,109,2054,3345,1982.0803239582
18754,2,6046,1910,977,1761,410,0,521,469,0,0,0,2887,3161,1982.0803239582
18762,8,23748,6898,2109,3725,1176,217,914,2129,4165,2306,109,9007,14741,7928.3212958326
18770,5,14381,3001,698,3725,1422,284,853,193,0,2288,1916,3699,10681,5311.9752682078
18788,1,5808,605,248,1562,754,1633,0,903,0,50,52,853,4954,872.1153425416
18796,1,7944,2301,924,2192,1030,197,0,652,0,495,152,3225,4718,872.1153425416
18804,4,10785,3602,465,2720,771,886,402,167,0,1114,657,4067,6717,3805.5942219997
18812,2,8209,1536,469,4201,264,0,0,874,268,144,452,2005,6203,1982.0803239582
18820,2,18098,1030,515,5670,4551,241,351,1554,2358,696,1130,1545,16551,1744.2306850832
18838,2,19201,993,716,5545,1340,0,3178,4181,186,3062,0,1709,17492,1982.0803239582
18846,2,8021,1685,89,4201,584,0,0,1071,251,141,0,1774,6248,1982.0803239582
18853,1,8728,1649,654,3012,755,94,0,559,441,513,1051,2303,6425,872.1153425416
18861,2,12943,166,1055,7084,1463,98,231,809,235,1759,44,1221,11723,1982.0803239582
18879,4,27507,7952,520,6900,2668,151,310,1079,2390,5192,346,8472,19036,3488.4613701663
18887,2,18823,1060,266,10164,1523,1010,110,2057,133,2484,15,1326,17496,2061.3635369165
18895,6,14758,2755,843,2036,1545,4081,808,322,182,1699,486,3598,11159,4915.5592034162
18903,2,30000,5285,893,1018,1328,7498,954,1733,0,5857,5434,6178,23822,1982.0803239582
18911,3,10620,1983,1740,1076,795,539,151,3519,0,578,239,3723,6897,2616.3460276248
18929,7,38509,3992,837,1614,20064,0,0,1182,2566,6387,1867,4829,33680,7056.2059532910
18937,3,28864,1223,2379,1614,3935,10197,4009,1355,1070,3032,49,3602,25261,2854.1956664997
18945,3,14199,2784,651,1614,1705,722,1386,338,0,3594,1405,3435,10764,2854.1956664997
18952,6,21170,4502,1337,2647,1855,1804,1416,0,1146,4150,2314,5839,15332,6501.2234625827
18960,5,11526,4832,261,1454,1286,100,602,0,1448,954,587,5093,6431,4836.2759904579
18978,2,9630,734,322,4666,1984,50,0,713,90,211,859,1056,8573,1982.0803239582
18986,3,12091,35,174,5127,2895,268,0,2598,368,392,234,209,11882,2933.4788794581
18994,2,10311,2531,493,2241,1583,251,0,1039,1654,419,100,3024,7287,1982.0803239582
19000,6,14521,1830,497,6219,1833,52,0,261,1324,662,1843,2327,12194,5946.2409718745
19018,4,12070,2804,35,4632,1506,39,0,238,2145,613,59,2839,9232,3884.8774349580
19026,1,9732,1307,32,4284,697,130,0,161,441,928,1753,1339,8394,1189.2481943749
19034,1,7117,1681,268,3003,695,0,0,344,201,664,261,1949,5168,1189.2481943749
19042,6,8642,2235,334,4283,761,0,0,304,0,509,217,2569,6074,6104.8073977911
19059,3,8729,443,263,5611,1087,0,0,160,554,504,108,706,8024,3171.3285183330
19067,5,28351,6288,2659,3994,3026,1620,1449,1637,1947,5478,252,8947,19403,5391.2584811662
19075,3,14439,959,66,6763,2633,0,0,1006,261,750,2001,1025,13414,3012.7620924164
19083,2,12192,1223,621,5709,1133,964,0,2197,138,123,84,1844,10348,1982.0803239582
19091,3,27435,4630,1049,2834,1269,499,150,433,908,13177,2485,5679,21755,3092.0453053747
19109,2,23041,3750,579,3120,679,1171,1690,263,6635,4040,1115,4329,18713,2140.6467498748
19117,1,6453,576,487,1560,656,86,400,250,1104,1334,0,1063,5390,1109.9649814166
19125,5,21426,9615,2215,3456,1721,125,0,1181,1236,530,1348,11830,9597,4519.1431386246
19133,2,2049,619,457,368,397,0,0,1,172,35,0,1076,973,1982.0803239582
19141,1,3033,977,38,1194,198,0,0,0,0,73,553,1015,2018,1189.2481943749
19158,4,17172,2567,907,2925,1266,1269,739,326,4370,1266,1537,3474,13698,3409.1781572080
19166,2,28794,3184,1570,2728,2134,929,3494,368,7043,6067,1277,4754,24040,1982.0803239582
19174,5,12751,1128,610,1960,971,0,50,111,983,4856,2082,1738,11013,5311.9752682078
19182,5,6144,305,52,1960,1126,0,733,0,488,261,1219,357,5787,4519.1431386246
19190,6,7732,225,473,3769,1671,59,211,165,402,407,351,698,7035,5470.5416941245
19208,6,16609,2377,757,1462,3511,267,1637,119,2000,3604,875,3134,13475,6421.9402496244
19216,4,25213,2422,3512,3441,1924,457,0,2511,6251,2347,2349,5934,19280,4281.2934997496
19224,3,17124,2884,113,2248,1184,1982,2610,439,1231,3086,1347,2997,14127,2695.6292405831
19232,6,37251,8072,748,4439,3248,4668,89,3863,5078,6405,639,8820,28429,6501.2234625827
19240,4,15868,2669,844,5559,1572,0,0,206,1306,3662,52,3513,12357,3805.5942219997
19257,5,24326,5915,1483,3301,2510,1516,518,708,442,5769,2164,7398,16928,5311.9752682078
19265,5,11294,633,388,2248,2178,0,251,428,2830,1853,485,1021,10273,4360.5767127079
19273,2,10870,2936,1322,1767,877,251,221,805,0,1018,1673,4258,6612,1982.0803239582
19281,2,9132,1586,0,2248,861,97,418,1446,120,2024,331,1586,7545,2061.3635369165
19299,6,21824,9204,768,2248,1292,718,1206,0,1152,4879,357,9972,11852,5708.3913329995
19307,5,28465,4780,783,3301,1849,602,452,2810,4366,8638,884,5563,22902,5153.4088422912
19315,5,34578,7309,1071,2248,2144,10129,1908,1833,2399,4760,777,8380,26198,4677.7095645412
19323,5,19185,3390,794,1934,1780,6994,597,536,1231,1410,517,4184,14999,5311.9752682078
19331,1,3021,0,0,1606,622,335,0,182,48,177,50,0,3020,1189.2481943749
19349,2,6562,796,1098,967,1713,50,100,0,0,1837,0,1894,4667,1982.0803239582
19356,2,13009,2083,422,1934,2480,239,0,1957,0,3631,261,2505,10502,1982.0803239582
19364,1,7520,672,351,3120,599,159,0,306,2195,85,33,1023,6497,1109.9649814166
19372,5,10656,1366,1066,2211,1882,83,873,724,33,1974,444,2432,8224,4598.4263515829
19380,4,12933,1109,280,2670,602,478,1335,498,1612,2914,1435,1389,11544,3171.3285183330
19398,5,12269,612,404,4231,1579,952,0,153,1201,1484,1655,1016,11255,3964.1606479163
19406,3,8371,1481,370,4582,337,48,151,321,276,807,0,1851,6522,3092.0453053747
19414,4,16444,2055,59,5483,1417,27,0,3046,2853,1215,288,2114,14329,4439.8599256663
19422,1,7324,3385,754,1960,590,0,0,0,40,160,435,4139,3185,872.1153425416
19430,3,25640,3284,711,1960,560,0,0,1263,150,5064,12647,3995,21644,3488.4613701663
19448,4,5480,1135,361,1960,726,0,0,0,100,811,387,1496,3984,4122.7270738330
19455,6,9384,1749,426,1960,1467,90,321,62,204,2802,304,2175,7210,6659.7898884994
19463,5,29731,3371,387,1960,1887,435,1034,4406,932,14471,848,3758,25973,4519.1431386246
19471,6,9352,2801,1105,1843,1203,0,0,161,0,430,1809,3906,5446,6739.0731014577
19489,3,6947,1248,596,1289,2034,334,0,709,617,119,0,1844,5102,2695.6292405831
19497,6,19011,2988,820,1934,2827,402,1953,327,1220,4342,2197,3808,15202,5787.6745459578
19505,4,29154,3758,152,4594,1808,201,552,1263,6318,9555,954,3910,25245,4202.0102867913
19513,5,24745,7531,1780,3104,1537,174,482,84,2783,6786,483,9311,15433,5232.6920552495
19521,2,5343,117,0,2565,802,0,0,107,0,817,934,117,5225,2140.6467498748
19539,5,20925,1356,1383,2565,1156,100,701,2353,140,10806,365,2739,18186,4994.8424163745
19547,5,15832,2982,1492,1924,1457,87,420,313,184,3931,3042,4474,11358,5311.9752682078
19554,8,20107,2691,525,3104,3379,117,0,1498,428,8365,0,3216,16891,6818.3563144160
19562,2,25337,3566,621,7034,4886,489,1142,1805,1786,2966,1040,4187,21148,1982.0803239582
19570,2,51363,2254,421,5306,1805,1176,0,1511,762,2289,35840,2675,48689,1982.0803239582
19588,5,21876,3947,617,6442,1586,67,603,998,6086,1353,177,4564,17312,4122.7270738330
19596,6,39912,6337,1700,6375,3103,17,633,3579,7332,9135,1702,8037,31876,4836.2759904579
19604,1,9675,1018,914,3012,1258,117,351,420,636,1849,100,1932,7743,1189.2481943749
19612,4,15941,1359,691,7188,1174,663,0,389,3564,792,120,2050,13890,3409.1781572080
19620,2,15847,1359,172,5638,988,254,113,3890,1598,1834,0,1531,14315,1982.0803239582
19638,4,18251,999,240,9028,1578,67,0,261,4688,1348,43,1239,17013,3409.1781572080
19646,5,23420,2557,1460,9069,2259,50,141,917,1748,5218,0,4017,19402,5153.4088422912
19653,1,10923,1940,95,5387,1497,0,0,221,281,1303,200,2035,8889,1189.2481943749
19661,2,17182,2358,848,4844,1547,0,545,1303,784,1786,3167,3206,13976,1982.0803239582
19679,4,24439,903,55,6510,2490,668,151,617,2269,9893,884,958,23482,4122.7270738330
19687,1,16215,781,1062,5445,3539,965,0,2889,1033,499,0,1843,14370,872.1153425416
19695,4,30779,2230,420,8953,4662,301,200,777,9487,2601,1148,2650,28129,3171.3285183330
19703,4,37568,4924,503,7101,3478,1095,1403,402,6187,12343,133,5427,32142,3171.3285183330
19711,4,52641,4359,318,7017,6581,7166,565,111,23905,1267,1352,4677,47964,3171.3285183330
19729,3,16522,1790,233,8902,2124,60,0,704,259,2101,349,2023,14499,3012.7620924164
19737,2,21796,4548,1641,7067,2709,0,0,1646,703,3438,43,6189,15606,1982.0803239582
19745,5,41397,4732,433,7227,5900,51,2229,858,8861,11055,50,5165,36231,4677.7095645412
19752,2,9847,1803,305,5884,693,120,0,314,140,437,151,2108,7739,1982.0803239582
19760,6,6878,1087,293,3213,836,30,0,302,897,40,180,1380,5498,4756.9927774996
19778,4,23069,1477,818,4760,2170,1367,944,601,2148,8182,603,2295,20775,4202.0102867913
19786,2,15597,1743,56,3904,1062,3667,241,168,3466,1290,0,1799,13798,1427.0978332499
19794,2,11431,455,633,6159,1266,189,0,233,662,1766,67,1088,10342,1982.0803239582
19802,11,20607,2659,833,4217,1246,1342,650,899,6314,470,1976,3492,17114,10227.5344716241
19810,5,26799,8057,1393,4000,1362,513,271,1043,3268,2997,3897,9450,17351,4281.2934997496
19828,4,7479,578,402,3233,835,193,853,169,286,242,689,980,6500,3488.4613701663
19836,2,15696,2079,557,4847,634,877,532,3382,1238,1551,0,2636,13061,1982.0803239582
19844,4,25541,2244,89,5201,1132,1391,1675,1375,2025,9394,1015,2333,23208,3647.0277960830
19851,2,23997,812,452,6741,2382,479,501,2340,1370,8419,500,1264,22732,1982.0803239582
19869,4,15255,87,31,5188,1474,323,853,1533,4356,869,541,118,15137,3171.3285183330
19877,5,15268,336,20,5144,1112,0,361,347,4076,3872,0,356,14912,4281.2934997496
19885,2,14472,1116,257,4553,5833,381,701,757,739,132,0,1373,13096,1823.5138980415
19893,6,47367,8530,1560,8547,3383,873,3117,1827,14566,4715,250,10090,37278,5787.6745459578
19901,2,23571,4994,747,8937,2011,0,0,818,703,5295,67,5741,17831,1982.0803239582
19919,2,28649,3366,715,8692,3484,279,0,3807,1591,5314,1400,4081,24567,1982.0803239582
19927,3,35900,227,0,8870,4054,1514,4166,2473,3503,8205,2889,227,35674,2854.1956664997
19935,1,6736,788,145,4262,410,117,0,297,514,203,0,933,5803,872.1153425416
19943,3,22459,2452,441,6869,2424,1954,562,168,5556,1903,130,2893,19566,2616.3460276248
19950,4,29615,5034,1277,7014,1780,413,667,327,6480,4905,1718,6311,23304,3409.1781572080
19968,5,24956,1297,295,7076,4699,464,1077,1087,5451,3511,0,1592,23365,4598.4263515829
19976,5,49917,2710,882,11854,8407,1995,1104,1625,10731,10211,398,3592,46325,4756.9927774996
19984,1,12089,2511,302,4309,444,17,0,1382,824,269,2032,2813,9277,872.1153425416
19992,1,18654,1390,356,6351,2210,666,3457,1015,286,2706,217,1746,16908,872.1153425416
20008,3,5636,1180,311,2120,556,67,0,342,0,519,542,1491,4146,2695.6292405831
20016,5,17232,2998,1141,4093,2288,644,597,738,1148,2003,1582,4139,13093,5391.2584811662
20024,6,20907,4269,1080,2382,1678,2699,846,1180,612,4726,1436,5349,15559,6263.3738237078
20032,2,18717,1915,769,4182,1908,2756,846,671,1564,3719,388,2684,16034,2140.6467498748
20040,2,7293,275,0,4666,742,110,0,140,511,848,0,275,7017,2378.4963887498
20057,1,7762,1561,525,3203,416,234,0,207,1270,339,7,2086,5676,1109.9649814166
20065,2,20189,5586,1223,5661,727,1737,231,1043,1160,2822,0,6809,13381,1982.0803239582
20073,4,14262,582,87,4004,1197,0,948,75,4947,2118,303,669,13592,3329.8949442497
20081,1,6231,239,43,3011,798,0,0,549,261,1134,195,282,5948,872.1153425416
20099,1,10882,1091,173,3751,1510,502,349,1587,777,1142,0,1264,9618,1109.9649814166
20107,2,16130,1823,361,5995,828,0,1004,469,1543,3620,486,2184,13945,1982.0803239582
20115,3,28381,2208,549,5001,4142,5299,301,955,1141,8580,205,2757,25624,3171.3285183330
20123,1,7073,1904,0,3614,546,39,126,0,0,210,634,1904,5169,1189.2481943749
20131,1,25782,2305,226,3689,766,75,0,11268,449,6386,617,2531,23250,872.1153425416
20149,2,12215,1232,1158,2797,1105,1213,901,1057,520,2164,68,2390,9825,2061.3635369165
20156,2,18284,2070,270,2002,1618,1367,651,1601,1430,6859,418,2340,15946,1982.0803239582
20164,4,27687,4535,2376,3769,1665,4362,628,7093,1315,1944,0,6911,20776,4122.7270738330
20172,4,25790,4036,850,2857,2415,461,961,1199,1941,10533,536,4886,20903,3171.3285183330
20180,2,10735,1315,232,4634,1982,1872,0,134,209,197,160,1547,9188,2140.6467498748
20198,1,8007,0,0,4591,1008,0,50,239,171,1948,0,0,8007,1109.9649814166
20206,5,11955,1692,594,4176,1464,0,150,433,2250,979,217,2286,9669,4439.8599256663
20214,3,14540,918,364,4913,1131,180,0,881,3736,2397,18,1282,13256,3250.6117312914
20222,5,26662,2715,214,5327,3472,99,710,2006,4175,7659,284,2929,23732,3964.1606479163
20230,5,13955,1744,273,3161,5424,0,10,413,1568,1109,254,2017,11939,4915.5592034162
20248,2,22294,2797,451,3796,818,1734,5473,827,1002,5089,306,3248,19045,2140.6467498748
20255,1,8822,476,0,4345,617,0,0,639,2058,160,528,476,8347,1109.9649814166
20263,3,25855,4602,64,4952,1637,1248,0,303,5006,6337,1704,4666,21187,2616.3460276248
20271,1,5390,447,291,2308,455,170,673,270,650,126,0,738,4652,872.1153425416
20289,3,12269,3863,531,2208,797,101,0,183,113,3434,1040,4394,7876,3171.3285183330
20297,3,14768,1597,331,3769,1087,1591,516,3575,319,1453,529,1928,12839,2854.1956664997
20305,1,14263,2509,890,6617,817,50,278,673,942,1424,64,3399,10865,872.1153425416
20313,2,15569,2270,376,5298,5968,87,0,1124,271,176,0,2646,12924,1744.2306850832
20321,5,32169,4293,1114,8357,1558,380,240,908,3422,11680,216,5407,26761,5153.4088422912
20339,2,13569,540,184,5379,1502,969,901,2153,618,933,391,724,12846,1982.0803239582
20347,1,24756,2392,366,5423,1628,4476,1199,1632,5144,1727,767,2758,21996,872.1153425416
20354,2,39180,2008,533,26090,1296,2317,200,1528,3959,954,295,2541,36639,1902.7971109998
20362,2,14277,1569,509,4557,2279,253,200,1212,714,2984,0,2078,12199,1982.0803239582
20370,5,11186,2329,219,1902,581,158,221,403,1793,2553,1029,2548,8640,3884.8774349580
20388,12,18806,4619,1187,2402,1145,43,429,0,4568,142,4270,5806,12999,10227.5344716241
20396,5,26921,2348,1065,4672,1071,212,1379,7083,5060,3007,1023,3413,23507,3964.1606479163
20404,2,27425,1676,922,8238,1711,47,250,527,1350,8705,4000,2598,24828,1982.0803239582
20412,9,28786,2643,829,5176,1926,1779,870,1440,3892,8214,2018,3472,25315,7611.1884439993
20420,4,25892,942,0,3568,1735,11425,0,1656,1037,4877,652,942,24950,3250.6117312914
20438,3,12694,1352,547,5176,1809,287,99,473,912,1635,404,1899,10795,2854.1956664997
20446,4,25109,948,666,5254,1968,1233,0,1749,6672,5806,813,1614,23495,3171.3285183330
20453,2,17649,4834,1221,4219,944,445,0,99,3512,625,1749,6055,11593,2061.3635369165
20461,4,14466,1095,852,2218,1580,417,511,422,3065,3892,414,1947,12519,3567.7445831247
20479,4,25962,1337,521,1096,1619,617,866,935,6214,11450,1305,1858,24102,4439.8599256663
20487,6,14095,1745,224,2565,446,495,1351,1493,2008,2217,1551,1969,12126,5629.1081200412
20495,3,7373,1797,1815,2218,43,351,0,260,50,751,87,3612,3760,3092.0453053747
20503,4,10450,4202,1739,2218,1154,837,0,162,0,0,139,5941,4510,3726.3110090413
20511,4,21626,2270,1641,2565,1394,0,3492,0,946,5828,3489,3911,17714,3726.3110090413
20529,6,16615,1116,22,2727,2084,870,367,150,4496,3471,1314,1138,15479,4994.8424163745
20537,6,18564,3872,1057,3669,1538,599,536,300,4761,792,1439,4929,13634,5629.1081200412
20545,6,14325,1976,571,3234,1368,1316,899,498,889,547,3027,2547,11778,5153.4088422912
20552,3,24258,1056,26,1244,1071,127,0,173,19381,228,953,1082,23177,3012.7620924164
20560,5,15319,577,67,2727,1007,1586,0,1788,1560,5524,485,644,14677,5074.1256293329
20578,1,13498,1853,99,2786,1308,50,999,478,391,5534,0,1952,11546,1189.2481943749
20586,2,23811,3436,1424,3956,2009,172,2463,6143,735,1582,1890,4860,18950,1982.0803239582
20594,4,11798,220,0,4372,897,0,670,3220,1471,948,0,220,11578,3329.8949442497
20602,2,12557,48,0,3776,690,117,0,357,2241,5328,0,48,12509,2140.6467498748
20610,2,5367,65,0,2388,871,0,0,94,196,1716,36,65,5301,2061.3635369165
20628,2,8351,1929,687,3691,915,147,0,142,239,547,54,2616,5735,1982.0803239582
20636,4,11107,2665,1233,3731,764,60,260,125,878,1081,311,3898,7210,3884.8774349580
20644,3,11218,2538,996,3232,1342,324,0,1242,644,900,0,3534,7684,3171.3285183330
20651,1,2239,387,79,1399,322,52,0,0,0,1,0,466,1774,872.1153425416
20669,2,6113,342,649,3498,897,50,0,326,210,140,0,991,5121,1982.0803239582
20677,1,4555,137,0,2392,586,0,1009,170,260,1,0,137,4418,872.1153425416
20685,2,10400,1412,728,3165,634,170,999,858,288,2030,117,2140,8261,1982.0803239582
20693,5,19092,3169,308,5461,1625,1102,1567,345,2624,2048,843,3477,15615,4677.7095645412
20701,5,24662,2801,312,12891,1072,843,110,975,688,2921,2049,3113,21549,4677.7095645412
20719,4,13144,2369,502,4332,1194,0,0,778,492,623,2854,2871,10273,4043.4438608746
20727,6,20299,1387,497,4332,651,374,1548,864,2312,5811,2523,1884,18415,4994.8424163745
20735,5,19442,2215,600,5714,1728,2833,0,1390,1352,3579,32,2815,16628,4677.7095645412
20743,1,20299,1397,794,5936,2968,102,425,2665,1688,4110,214,2191,18108,872.1153425416
20750,2,7945,1498,0,3253,811,266,0,1565,0,112,440,1498,6447,1982.0803239582
20768,4,16242,2611,834,3852,1386,139,749,352,4064,2255,0,3445,12797,3409.1781572080
20776,4,15453,1721,256,3956,1025,0,480,2678,2774,2563,0,1977,13476,3805.5942219997
20784,3,7565,1538,520,4080,576,0,0,150,67,634,0,2058,5507,2854.1956664997
20792,5,14253,2365,602,3814,1286,8,1299,715,1335,1942,886,2967,11285,4677.7095645412
20800,3,14398,2584,372,3316,1708,86,250,1015,2567,2356,143,2956,11441,3171.3285183330
20818,3,7459,449,25,3731,791,98,150,751,300,1163,0,474,6984,2854.1956664997
20826,2,11981,999,802,2176,660,101,1059,464,60,4608,1052,1801,10180,1982.0803239582
20834,2,11151,979,1032,2255,671,1166,527,1373,1632,1206,310,2011,9140,1982.0803239582
20842,2,5875,626,0,2176,436,65,0,2183,192,198,0,626,5250,1982.0803239582
20859,2,10341,260,146,2595,1096,0,0,1784,377,4082,0,406,9934,1982.0803239582
20867,2,6995,717,503,2271,603,257,493,314,383,1267,189,1220,5777,1982.0803239582
20875,4,4727,737,278,1811,487,0,0,84,166,1048,115,1015,3711,3488.4613701663
20883,4,8706,1114,383,2026,1033,7,0,199,1856,2001,88,1497,7210,3250.6117312914
20891,4,13259,3488,223,2204,770,674,935,629,1246,2360,731,3711,9549,3488.4613701663
20909,2,12522,2763,744,4509,1062,225,767,612,332,936,571,3507,9014,1982.0803239582
20917,2,5497,1771,334,461,783,56,0,882,213,511,488,2105,3394,1982.0803239582
20925,1,3429,384,43,1202,172,253,297,528,389,160,0,427,3001,872.1153425416
20933,1,4911,972,96,2502,259,0,0,0,51,1,1030,1068,3843,872.1153425416
20941,1,1311,87,52,498,403,0,0,0,1,157,113,139,1172,872.1153425416
20958,3,10152,1443,950,4352,835,0,20,1915,200,438,0,2393,7760,3250.6117312914
20966,2,15674,7750,566,2622,1616,87,199,547,353,1638,295,8316,7357,1982.0803239582
20974,3,7445,1001,277,1804,919,54,151,217,478,1970,574,1278,6167,2378.4963887498
20982,2,1304,350,81,153,305,0,0,0,257,158,0,431,873,1982.0803239582
20990,1,5281,1368,836,1746,709,0,30,71,215,184,122,2204,3077,872.1153425416
21006,4,24955,2482,421,4055,3326,246,929,213,4354,6319,2610,2903,22052,3409.1781572080
21014,1,4324,483,30,1481,104,30,0,489,0,1708,0,513,3812,872.1153425416
21022,1,5258,933,111,1531,1239,0,0,1091,204,147,0,1044,4212,872.1153425416
21030,6,25356,2299,542,3773,1601,3797,1303,899,2806,8028,306,2841,22513,6580.5066755411
21048,1,10219,1317,1864,3668,789,1392,0,149,343,655,43,3181,7039,872.1153425416
21055,4,22115,3736,365,3014,1392,207,4001,673,2667,5348,713,4101,18015,3171.3285183330
21063,1,11244,912,581,4905,585,93,251,948,706,2248,17,1493,9753,1109.9649814166
21071,3,14629,3532,1315,3667,1818,323,448,822,1375,1240,89,4847,9782,3171.3285183330
21089,2,10881,1342,455,3567,737,608,0,0,1766,2386,20,1797,9084,1982.0803239582
21097,4,22002,3914,721,5126,1074,612,0,422,3765,5186,1182,4635,17367,3884.8774349580
21105,5,21082,4434,1840,4990,1168,120,647,357,1797,5433,296,6274,14808,5629.1081200411
21113,1,7460,549,1332,3649,1086,0,179,221,150,165,131,1881,5581,872.1153425416
21121,3,19594,2256,616,3729,1918,399,47,534,581,9013,499,2872,16720,3012.7620924164
21139,4,16804,2938,744,2637,1668,461,289,552,3724,3692,100,3682,13123,3250.6117312914
21147,5,16717,993,105,5109,1338,60,358,1168,4636,2948,0,1098,15617,4281.2934997496
21154,5,23842,3156,1539,5110,1825,70,219,940,3799,7145,39,4695,19147,4122.7270738330
21162,4,21663,1269,302,4960,978,196,467,1085,789,8361,3256,1571,20092,4360.5767127079
21170,5,20691,3137,283,5317,1496,163,448,1132,4281,2727,1706,3420,17270,4439.8599256663
21188,1,8625,244,107,3939,1147,0,0,243,270,2458,218,351,8275,1109.9649814166
21196,4,19340,1178,368,2876,2425,818,0,2604,7770,1172,129,1546,17794,3409.1781572080
21204,2,30295,3267,3989,7177,3068,1120,721,2304,2198,6175,275,7256,23038,1982.0803239582
21212,5,25093,2386,859,4388,2775,197,2924,933,6800,3515,315,3245,21847,4202.0102867913
21220,2,30283,4876,691,4354,2008,307,2267,186,1476,13681,435,5567,24714,1982.0803239582
21238,4,26699,2313,525,2876,1090,76,0,1081,17099,1639,0,2838,23861,3726.3110090413
21246,1,9824,0,0,5266,1370,510,0,113,1581,751,234,0,9825,872.1153425416
21253,5,24979,3599,1234,5449,2986,0,0,1388,186,9115,1023,4833,20147,5232.6920552495
21261,5,22243,2560,1248,5511,1376,586,1222,1101,5551,2793,294,3808,18434,4677.7095645412
21279,2,8806,1310,662,3834,975,85,0,73,0,1701,165,1972,6833,2061.3635369165
21287,5,21535,4117,192,3834,1046,26,0,1189,9151,1830,150,4309,17226,4519.1431386246
21295,1,4860,0,174,1513,185,27,104,100,48,2709,0,174,4686,872.1153425416
21303,5,28085,2656,97,5690,1986,2455,1503,571,4314,5355,3459,2753,25333,4519.1431386246
21311,5,14102,2123,942,5630,1686,0,0,412,200,3044,65,3065,11037,5074.1256293329
21329,4,22529,5382,2145,4772,3727,182,346,356,2654,1521,1444,7527,15002,3567.7445831247
21337,6,24844,1515,1271,6238,5305,96,0,3312,2371,4143,593,2786,22058,5866.9577589161
21345,4,34038,6067,813,8517,3394,1577,507,687,2935,9063,478,6880,27158,3805.5942219997
21352,2,11602,2852,412,2510,2123,32,940,601,1430,638,63,3264,8337,1982.0803239582
21360,4,24276,4733,317,4043,3874,2023,537,1504,4340,2658,247,5050,19226,3964.1606479163
21378,5,20749,1581,597,4359,3132,160,2368,1934,4107,2513,0,2178,18573,4519.1431386246
21386,5,44158,5477,1104,5614,5265,667,2219,2017,18412,3127,257,6581,37578,5153.4088422912
21394,7,21503,2415,774,5614,3298,389,249,587,5625,2327,224,3189,18313,6263.3738237078
21402,2,18724,2083,762,4911,2273,1927,289,758,2225,2006,1490,2845,15879,1982.0803239582
21410,4,9046,673,0,2615,700,72,348,368,343,2457,1469,673,8372,3250.6117312914
21428,2,16269,566,647,4695,2495,0,965,2082,3509,975,335,1213,15056,1982.0803239582
21436,4,14448,1414,93,4196,1295,1228,761,859,1454,1446,1702,1507,12941,3805.5942219997
21444,4,11565,1051,86,2856,1652,999,249,236,2386,2038,13,1137,10429,3171.3285183330
21451,6,12843,2335,760,1614,1346,297,149,2366,1088,758,2129,3095,9747,5866.9577589161
21469,5,13879,1755,1081,1927,1043,465,1349,755,2210,2548,747,2836,11044,5074.1256293329
21477,6,21083,1946,1527,2150,2336,1120,1548,505,1166,7591,1193,3473,17609,6104.8073977911
21485,6,20746,3286,2421,1927,1079,151,40,1270,1675,8897,0,5707,15039,4677.7095645412
21493,4,15586,4389,2854,2298,502,233,999,878,1126,2308,0,7243,8344,4281.2934997496
21501,6,41517,5219,3502,2270,12370,1147,1149,1982,2711,7757,3409,8721,32795,6184.0906107494
21519,4,31972,5680,1454,2150,714,0,450,7138,0,8504,5884,7134,24840,4360.5767127079
21527,5,19913,2722,646,5416,2344,1314,368,425,2148,4185,344,3368,16544,4519.1431386246
21535,5,13317,3557,828,3307,1133,727,0,264,2262,149,1091,4385,8933,3805.5942219997
21543,2,24318,3328,1653,8687,1883,87,0,448,519,7151,562,4981,19337,1982.0803239582
21550,4,30973,3489,294,12525,2286,1199,1079,667,7474,1044,914,3783,27188,3329.8949442497
21568,2,7261,0,260,3343,622,0,149,1183,347,1355,0,260,6999,1982.0803239582
21576,1,8876,0,0,4265,3330,0,0,282,548,451,0,0,8876,1109.9649814166
21584,4,28157,5071,562,5819,3221,2646,519,1550,2330,6154,285,5633,22524,3647.0277960830
21592,4,9717,128,0,3732,1273,0,1493,677,399,1380,635,128,9589,3567.7445831247
21600,3,14374,3981,311,2637,1224,316,2521,335,1164,575,1309,4292,10081,2695.6292405831
21618,11,18846,3572,461,4079,2464,0,0,1102,3998,1672,1498,4033,14813,9513.9855549991
21626,7,13981,3618,589,4136,1529,146,220,261,2224,1131,128,4207,9775,6659.7898884994
21634,2,29633,737,819,4801,1947,122,1791,4899,2309,4486,7721,1556,28076,1982.0803239582
21642,4,21564,692,0,7131,3411,699,1159,1786,3302,3385,0,692,20873,3567.7445831247
21659,5,22399,2587,0,7148,1791,226,0,3395,1484,5681,86,2587,19811,5549.8249070828
21667,6,26956,5618,1638,6989,2438,33,300,2479,4869,2062,529,7256,19699,6580.5066755411
21675,2,17052,798,1201,5522,1330,435,0,3515,1503,2726,21,1999,15052,1823.5138980415
21683,2,47382,3621,979,6159,7215,1679,2460,21408,1955,1714,191,4600,42781,1982.0803239582
21691,2,9600,1070,702,4819,854,0,0,169,90,1763,132,1772,7827,2140.6467498748
21709,2,17762,2454,944,5459,1712,44,0,1563,3607,1781,198,3398,14364,1982.0803239582
21717,1,5393,615,241,3849,442,0,0,80,0,165,0,856,4536,872.1153425416
21725,1,7609,246,199,4003,1051,55,0,48,539,1269,199,445,7164,1189.2481943749
21733,2,21066,3358,947,4996,1626,1546,303,2025,365,5640,259,4305,16760,1982.0803239582
21741,1,6975,1628,405,3211,1082,63,0,100,180,207,100,2033,4943,872.1153425416
21758,5,16218,1000,34,6075,1249,5087,99,491,1478,471,236,1034,15186,4043.4438608746
21766,1,7448,213,95,3933,1654,932,0,269,0,100,251,308,7139,872.1153425416
21774,3,14684,1293,155,3211,1018,1076,1891,320,1375,1769,2578,1448,13238,2616.3460276248
21782,4,16347,1039,321,3996,3568,151,366,311,4186,2324,87,1360,14989,3171.3285183330
21790,1,7266,1219,0,4013,1255,0,0,50,220,382,126,1219,6046,1189.2481943749
21808,1,7222,772,44,1990,1379,0,507,73,29,1312,1115,816,6405,1189.2481943749
21816,5,9015,2032,757,2002,811,65,999,214,392,1467,277,2789,6227,3884.8774349580
21824,5,15441,4206,335,1649,658,3581,935,0,560,2133,1384,4541,10900,4519.1431386246
21832,6,7663,1531,569,1649,1216,117,0,215,244,1539,584,2100,5564,4677.7095645412
21840,7,9004,3347,674,1649,933,558,0,0,63,1503,277,4021,4983,5946.2409718745
21857,2,4428,1760,540,1742,386,0,0,0,0,0,0,2300,2128,1982.0803239582
21865,5,11819,3398,368,2002,923,550,1218,432,177,1194,1557,3766,8053,4043.4438608746
21873,1,2797,653,195,1742,208,0,0,0,0,0,0,848,1950,872.1153425416
21881,2,6326,2214,1297,1742,707,86,0,0,47,60,173,3511,2815,1982.0803239582
21899,4,17885,5539,2655,1742,1841,52,0,188,0,5281,588,8194,9692,4043.4438608746
21907,2,6946,1716,1077,1649,842,693,0,152,0,514,303,2793,4153,2061.3635369165
21915,2,4112,631,917,1649,522,121,0,67,0,0,205,1548,2564,1982.0803239582
21923,5,36028,5889,1307,3534,3287,6371,3294,1371,3942,6548,484,7196,28831,4439.8599256663
21931,2,9850,1902,491,3611,1156,212,0,918,543,803,215,2393,7458,1982.0803239582
21949,5,14478,3582,329,2129,1204,332,0,689,3650,2196,367,3911,10567,3964.1606479163
21956,1,6482,0,130,3564,1294,100,0,808,140,447,0,130,6353,872.1153425416
21964,5,24495,2045,311,3557,2091,444,2218,2739,2629,8073,387,2356,22138,4202.0102867913
21972,4,26366,2879,351,3385,1423,0,70,310,1009,16727,211,3230,23135,3726.3110090413
21980,6,34207,1316,688,3385,3546,615,3130,955,4146,15840,587,2004,32204,5866.9577589161
21998,1,4058,1424,801,259,691,100,79,171,222,182,129,2225,1833,872.1153425416
22004,6,13048,2686,943,4722,768,60,2048,1139,180,502,0,3629,9419,4756.9927774996
22012,2,8336,2134,761,2587,151,414,299,0,314,392,1286,2895,5443,2061.3635369165
22020,1,3363,718,144,1840,141,0,418,0,17,85,0,862,2501,872.1153425416
22038,1,4784,815,564,1641,908,53,239,188,0,77,300,1379,3406,872.1153425416
22046,2,12723,2602,1611,2188,1867,2324,0,150,1201,297,483,4213,8510,1982.0803239582
22053,2,10823,758,827,3471,1775,123,498,612,144,1202,1415,1585,9240,1982.0803239582
22061,3,24814,2951,452,2091,763,343,3781,270,1458,11296,1411,3403,21413,2854.1956664997
22079,2,8114,3723,819,1840,663,119,348,435,0,80,87,4542,3572,1982.0803239582
22087,5,18388,5591,207,2188,1813,100,0,499,500,7039,452,5798,12591,5311.9752682078
22095,3,17543,4665,1998,2218,1122,0,1167,12,94,5014,1253,6663,10880,2616.3460276248
22103,5,14896,2857,960,2565,1658,318,649,422,1541,2427,1500,3817,11080,5470.5416941245
22111,5,19468,923,2166,2565,494,0,0,2748,2693,4337,3541,3089,16378,5311.9752682078
22129,4,20446,3896,1941,3104,905,1717,380,3394,0,5108,0,5837,14608,3884.8774349580
22137,2,10356,899,0,1924,577,2258,865,2110,476,1248,0,899,9458,2061.3635369165
22145,6,19309,4034,1358,3311,2465,570,400,280,2999,3419,473,5392,13917,5708.3913329995
22152,3,22044,424,692,2218,442,333,2098,7770,4643,3079,346,1116,20929,3329.8949442497
22160,3,12244,406,1339,2565,1646,1442,121,202,701,3755,67,1745,10499,3171.3285183330
22178,6,11787,2252,1400,3104,2261,444,0,141,894,353,938,3652,8135,4756.9927774996
22186,4,13256,4669,804,2565,1780,43,604,117,868,1417,389,5473,7783,3250.6117312914
22194,5,24844,1532,12,3811,2862,1261,696,1797,8047,4629,198,1544,23301,4360.5767127079
22202,5,30720,3694,924,3735,1579,455,312,1588,3049,11209,4175,4618,26102,4439.8599256663
22210,6,19024,6585,450,1981,1908,0,0,2013,3026,2970,90,7035,11988,6263.3738237078
22228,7,16885,3954,1278,2480,2179,1552,1019,465,400,2225,1332,5232,11652,6818.3563144160
22236,7,48885,5248,699,2480,3174,1883,1020,647,2426,28532,2777,5947,42939,6104.8073977911
22244,1,7783,1203,637,2549,667,912,208,1042,95,469,0,1840,5942,1189.2481943749
22251,5,16128,809,259,4579,1110,391,212,213,1222,5533,1800,1068,15060,4043.4438608746
22269,4,19995,4492,2622,3955,1316,83,948,398,1206,3866,1109,7114,12881,4439.8599256663
22277,3,14680,3954,1498,2563,1169,77,201,232,850,2332,1805,5452,9229,2774.9124535414
22285,6,9002,2711,519,602,1392,183,0,201,326,2314,754,3230,5772,4915.5592034162
22293,5,17771,5052,770,1981,1483,1053,2018,1259,1991,1549,616,5822,11950,5074.1256293329
22301,5,9740,883,347,1984,893,0,500,433,551,4150,0,1230,8511,4122.7270738330
22319,6,20918,9330,1168,1981,1334,1019,0,157,2493,2516,921,10498,10421,4994.8424163745
22327,2,6873,564,36,2320,491,332,0,793,1185,1153,0,600,6274,1982.0803239582
22335,2,5034,279,257,2338,184,200,478,591,180,226,301,536,4498,1823.5138980415
22343,4,17123,3098,487,1574,2459,2887,677,779,155,4457,552,3585,13540,4360.5767127079
22350,6,12156,2440,897,3301,2462,120,0,212,0,2598,126,3337,8819,5946.2409718745
22368,4,22682,1049,270,3301,959,70,0,2282,1198,13553,0,1319,21363,3409.1781572080
22376,1,6370,1476,522,1686,828,781,149,141,458,196,133,1998,4372,872.1153425416
22384,3,19391,3204,1088,2248,1434,0,438,413,372,10133,61,4292,15099,3171.3285183330
22392,2,8102,1983,1194,2248,924,464,0,250,75,529,435,3177,4925,1982.0803239582
22400,5,17745,2744,1014,3301,1852,4104,776,133,60,3262,499,3758,13987,5232.6920552495
22418,3,12815,3275,357,2248,2070,282,249,190,1827,1240,1078,3632,9184,2695.6292405831
22426,2,16049,3113,91,1960,633,3413,1095,701,1168,3178,697,3204,12845,2140.6467498748
22434,5,20190,1717,244,4563,2389,349,893,874,3909,4890,362,1961,18229,4439.8599256663
22442,2,11722,2066,506,3298,1959,0,0,497,1023,2246,126,2572,9149,2061.3635369165
22459,3,11807,1081,303,1987,2443,667,0,1643,230,2675,778,1384,10423,3171.3285183330
22467,5,35632,5937,1530,3781,2856,494,1578,2766,2692,7899,6098,7467,28164,4122.7270738330
22475,4,32695,9985,1411,2956,1240,525,796,553,1302,12847,1079,11396,21298,4360.5767127079
22483,3,23630,7825,871,4554,1887,2131,1692,94,423,1038,3117,8696,14936,3171.3285183330
22491,3,17076,1376,645,4596,1526,70,947,551,612,6541,213,2021,15056,3250.6117312914
22509,4,13294,1412,854,3769,1786,334,100,1324,1955,1463,297,2266,11028,3488.4613701663
22517,4,33451,5567,1618,6900,1151,7041,1609,1909,3886,3427,345,7185,26268,3964.1606479163
22525,6,14022,406,105,5668,1249,50,0,394,2291,3588,269,511,13509,5629.1081200412
22533,2,7622,528,290,3456,549,251,0,244,280,1991,33,818,6804,2061.3635369165
22541,1,10067,645,510,4744,2452,57,0,1255,286,119,0,1155,8913,872.1153425416
22558,2,10537,434,327,4392,1250,0,199,512,189,3233,0,761,9775,1982.0803239582
22566,4,53238,6690,950,12310,2297,2005,922,661,5636,14451,7314,7640,45596,3171.3285183330
22574,4,20367,1221,707,4701,1388,323,218,422,10156,735,496,1928,18439,3171.3285183330
22582,1,6069,627,324,3670,396,0,0,109,350,592,0,951,5117,872.1153425416
22590,4,18972,3418,454,7000,2675,100,0,288,3496,1476,64,3872,15099,3964.1606479163
22608,5,10217,1060,435,3908,411,100,43,210,3085,293,673,1495,8723,4360.5767127079
22616,3,8232,1731,181,3003,580,206,90,140,1073,1228,0,1912,6320,2933.4788794581
22624,2,6414,1947,187,3183,430,0,0,243,0,330,94,2134,4280,2061.3635369165
22632,2,10264,106,0,3183,693,150,160,1077,260,4462,173,106,10158,1982.0803239582
22640,3,13327,2175,432,2189,785,451,849,3157,250,1871,1167,2607,10719,3171.3285183330
22657,3,7534,288,173,4219,500,0,0,0,240,2113,0,461,7072,3171.3285183330
22665,3,5020,342,112,3183,512,0,60,0,517,295,0,454,4567,2537.0628146664
22673,3,10019,1927,333,3183,1763,61,0,1808,310,597,36,2260,7758,2933.4788794581
22681,2,39900,2716,4665,5176,6136,366,1820,5084,3878,10059,0,7381,32519,1982.0803239582
22699,3,7958,1854,754,3206,390,200,100,982,248,224,0,2608,5350,2854.1956664997
22707,2,17926,1242,129,3507,487,116,498,2220,212,9516,0,1371,16556,1982.0803239582
22715,5,12064,1303,329,3492,1364,1981,995,171,974,45,1409,1632,10431,4043.4438608746
22723,5,13203,1428,24,3657,847,315,886,44,3853,1483,664,1452,11749,4836.2759904579
22731,2,5369,1207,445,2543,669,19,0,122,212,151,0,1652,3716,1982.0803239582
22749,2,9931,1338,772,3554,505,155,0,1318,43,2094,152,2110,7821,1982.0803239582
22756,6,13617,1712,447,3459,733,1665,2045,383,1702,869,604,2159,11460,4598.4263515829
22764,9,7751,636,198,4145,414,65,866,300,998,80,47,834,6915,6739.0731014577
22772,3,13046,2634,432,3472,1051,99,448,1238,501,1212,1959,3066,9980,3250.6117312914
22780,2,13029,1676,313,4356,1391,904,836,629,228,2478,218,1989,11040,1982.0803239582
22798,2,7046,715,727,3472,913,57,0,519,225,235,183,1442,5604,1982.0803239582
22806,2,13742,2105,212,4296,1377,880,318,1377,0,2902,274,2317,11424,1982.0803239582
22814,3,12689,2422,502,4437,1826,43,0,1154,527,1348,429,2924,9764,2933.4788794581
22822,3,12587,1343,56,3849,923,867,0,2485,401,1783,880,1399,11188,3171.3285183330
22830,1,6210,205,620,3196,672,0,217,121,497,681,0,825,5384,1109.9649814166
22848,5,11332,2733,345,3296,634,43,183,1748,671,1175,503,3078,8253,4994.8424163745
22855,2,14844,734,142,3321,504,152,692,712,82,7565,940,876,13968,1982.0803239582
22863,2,9620,1617,527,3347,1187,327,0,948,768,426,473,2144,7476,1982.0803239582
22871,2,5516,913,78,3377,329,17,0,1,237,566,0,991,4527,1982.0803239582
22889,2,7205,466,348,3054,1075,120,351,671,0,966,153,814,6390,1982.0803239582
22897,2,24195,2438,240,4783,1572,0,131,753,1386,10080,2813,2678,21518,1982.0803239582
22905,5,9363,1175,44,1811,815,0,0,874,1522,2860,262,1219,8144,3884.8774349580
22913,2,9525,1367,262,1955,4297,0,0,202,135,85,1222,1629,7896,1744.2306850832
22921,1,6277,1630,124,2068,1028,0,0,505,719,159,43,1754,4522,872.1153425416
22939,1,5896,995,335,2635,692,0,0,294,647,299,0,1330,4567,872.1153425416
22947,2,5939,434,0,2527,952,534,0,582,144,420,344,434,5503,1982.0803239582
22954,4,8741,1029,0,2209,945,257,0,352,3247,200,501,1029,7711,3250.6117312914
22962,2,16125,985,848,2610,530,47,1132,665,67,8083,1158,1833,14292,1982.0803239582
22970,1,7299,925,885,2527,823,100,0,322,1200,517,0,1810,5489,872.1153425416
22988,1,5220,410,322,2307,340,0,0,906,305,630,0,732,4488,872.1153425416
22996,2,10535,1296,655,4040,1289,44,0,1519,550,1011,131,1951,8584,1982.0803239582
23002,1,2142,323,0,602,689,0,0,0,0,109,418,323,1818,872.1153425416
23010,3,7574,391,40,2043,914,34,452,1024,1973,669,34,431,7143,3171.3285183330
23028,5,4195,2264,420,141,502,0,311,97,331,129,0,2684,1511,4202.0102867913
23036,2,12788,0,0,3873,1371,2659,0,2407,253,2225,0,0,12788,1982.0803239582
23044,6,7192,661,416,2176,1344,67,0,351,74,1495,609,1077,6116,6342.6570366661
23051,4,5551,348,160,2176,993,0,240,548,169,918,0,508,5044,3805.5942219997
23069,2,10859,1091,109,2693,858,2139,100,99,1530,2075,164,1200,9658,1823.5138980415
23077,1,13828,948,325,2590,689,4883,402,301,0,3690,0,1273,12555,872.1153425416
23085,1,6633,712,224,2144,656,84,601,251,241,1591,129,936,5697,872.1153425416
23093,2,11914,863,534,2502,1002,2636,0,1339,1460,1185,393,1397,10517,1982.0803239582
23101,4,18847,2746,348,4352,2609,409,382,2834,2502,1961,703,3094,15752,4439.8599256663
23119,2,6841,1195,242,2367,1065,0,0,1462,168,133,210,1437,5405,1982.0803239582
23127,6,24993,2719,1527,4704,2177,0,3665,2281,1023,4752,2145,4246,20747,5470.5416941245
23135,6,7509,304,0,2402,1604,652,0,713,292,1540,0,304,7203,5391.2584811662
23143,1,5489,865,54,2818,422,0,0,160,0,1018,152,919,4570,1109.9649814166
23150,3,19513,4313,353,3417,1432,279,0,955,986,7777,0,4666,14846,2854.1956664997
23168,1,5110,0,0,3417,927,167,0,71,221,307,0,0,5110,872.1153425416
23176,2,24701,6388,1346,6017,2384,2395,500,583,2197,2790,100,7734,16966,2140.6467498748
23184,4,16872,2767,1718,3585,1331,274,832,177,2819,2987,381,4485,12386,3409.1781572080
23192,2,7185,391,429,3503,841,100,0,507,301,1112,0,820,6364,1982.0803239582
23200,5,28371,3716,1296,3585,2291,232,602,2101,2009,12539,0,5012,23359,4994.8424163745
23218,2,9991,974,630,1693,5949,0,99,48,0,80,518,1604,8387,1744.2306850832
23226,6,5894,1220,0,502,1070,186,0,1422,1334,161,0,1220,4675,4756.9927774996
23234,5,8860,1922,899,2123,849,165,0,152,753,1937,60,2821,6039,4915.5592034162
23242,1,11467,792,600,2251,568,1216,330,381,284,4700,347,1392,10077,872.1153425416
23259,4,15821,1782,336,4127,1756,1254,359,830,3494,1734,148,2118,13702,4122.7270738330
23267,4,26683,3377,456,2925,843,100,3489,1047,2910,9825,1711,3833,22850,4043.4438608746
23275,1,11115,2120,563,2884,967,0,35,487,1044,2902,113,2683,8432,1189.2481943749
23283,4,34851,6359,964,6793,6340,67,781,1525,1308,10716,0,7323,27530,3884.8774349580
23291,4,11210,608,304,5005,864,120,70,710,1252,2277,0,912,10298,3409.1781572080
23309,3,29152,4394,367,6220,2508,4826,756,452,5509,1972,2148,4761,24391,2616.3460276248
23317,5,19996,3916,418,8621,3044,291,100,462,801,2312,30,4334,15661,5470.5416941245
23325,1,9338,357,129,6241,881,0,0,239,672,820,0,486,8853,1189.2481943749
23333,2,38407,4516,342,8732,2976,167,512,1534,1504,16041,2082,4858,33548,1982.0803239582
23341,3,24393,1001,971,6351,1390,0,686,10353,1908,1088,646,1972,22422,2854.1956664997
23358,3,47847,4827,227,9322,2961,868,0,1721,2273,25519,129,5054,42793,3092.0453053747
23366,5,85956,5828,2175,9565,15105,18720,877,2253,17364,12241,1829,8003,77954,4836.2759904579
23374,4,39034,4289,1258,8610,4970,691,728,544,9406,2559,5981,5547,33489,3250.6117312914
23382,5,53297,10150,1342,8621,6756,1774,2919,1956,9695,7457,2626,11492,41804,4281.2934997496
23390,4,20145,3604,2417,3930,2197,348,500,510,4252,2294,95,6021,14126,3409.1781572080
23408,2,9393,1006,592,3930,2452,26,0,722,430,210,23,1598,7793,1982.0803239582
23416,5,20540,4720,1177,5032,1287,492,818,1831,1265,3919,0,5897,14644,5629.1081200412
23424,2,24423,2985,682,4699,2622,873,0,621,5481,6272,188,3667,20756,1982.0803239582
23432,4,13174,4233,432,4201,1475,193,599,222,388,1171,259,4665,8508,3884.8774349580
23440,2,8901,656,504,4401,1214,153,170,741,482,499,81,1160,7741,1982.0803239582
23457,1,3946,974,12,1811,122,335,0,274,132,285,0,986,2959,872.1153425416
23465,2,6219,1914,1464,1811,327,243,108,68,138,145,0,3378,2840,1982.0803239582
23473,4,9281,1891,588,2662,926,908,0,0,489,867,950,2479,6802,3884.8774349580
23481,3,13473,2916,830,1493,658,1793,903,1612,954,1548,767,3746,9728,2616.3460276248
23499,4,14085,1275,214,3240,211,157,2140,416,3187,2398,847,1489,12596,3171.3285183330
23507,3,9259,2565,86,2697,582,139,490,50,600,2042,7,2651,6607,3092.0453053747
23515,1,4952,360,0,2440,781,382,0,59,134,780,15,360,4591,872.1153425416
23523,4,12714,3269,733,3704,971,0,422,301,2876,439,0,4002,8713,3329.8949442497
23531,2,8544,1243,353,3637,992,0,0,1922,221,176,0,1596,6948,1982.0803239582
23549,2,6759,561,284,4283,889,109,0,548,0,85,0,845,5914,1982.0803239582
23556,2,7040,1923,99,3456,532,0,0,138,301,547,43,2022,5017,2299.2131757915
23564,1,8023,543,58,3507,556,1320,499,210,33,1266,30,601,7421,872.1153425416
23572,3,15484,2816,481,4379,1262,1950,799,396,578,2815,7,3297,12186,2854.1956664997
23580,4,12545,4577,1282,3472,811,77,110,385,498,1334,0,5859,6687,4360.5767127079
23598,1,2638,804,95,1157,101,0,80,0,0,401,0,899,1739,1189.2481943749
23606,1,7166,627,65,3512,541,65,0,100,209,1696,350,692,6473,1109.9649814166
23614,2,8054,2217,26,3985,665,109,300,256,301,195,0,2243,5811,2061.3635369165
23622,3,18343,3500,244,3552,927,677,969,419,2606,3362,2087,3744,14599,3171.3285183330
23630,1,14006,1551,0,2480,753,1969,80,73,2509,4591,0,1551,12455,1189.2481943749
23648,2,9562,827,1633,4277,1699,0,0,540,100,487,0,2460,7103,1982.0803239582
23655,4,13392,2315,161,3240,630,566,260,790,2700,1980,750,2476,10916,4281.2934997496
23663,2,9633,195,72,2930,5390,48,0,700,110,188,0,267,9366,1744.2306850832
23671,1,3566,215,194,2133,304,0,0,411,155,154,0,409,3157,1109.9649814166
23689,1,6230,522,360,3870,572,0,0,746,0,160,0,882,5348,872.1153425416
23697,1,4378,841,216,2298,415,0,0,278,114,86,130,1057,3321,872.1153425416
23705,1,9402,1167,0,3013,564,0,0,2504,321,662,1172,1167,8236,872.1153425416
23713,3,21415,3347,871,5695,3383,749,200,2332,1931,2605,300,4218,17195,2933.4788794581
23721,2,23321,4247,266,4057,592,685,582,74,478,10879,1461,4513,18808,2061.3635369165
23739,4,11189,1283,240,3988,1318,251,251,468,1118,2271,0,1523,9665,3171.3285183330
23747,3,35959,7103,571,2703,1341,4555,3921,421,8733,2688,3925,7674,28287,2695.6292405831
23754,6,10790,1805,1137,3852,1565,0,0,1023,40,1173,195,2942,7848,6184.0906107494
23762,7,26915,7057,2350,5719,2602,651,1150,1085,2848,1758,1696,9407,17509,6818.3563144160
23770,2,10651,1472,452,3206,1421,1215,0,838,601,1445,0,1924,8726,1982.0803239582
23788,2,14654,2384,531,3319,1676,4156,129,715,822,663,259,2915,11739,1982.0803239582
23796,3,8941,1806,343,2689,811,0,40,403,529,1450,870,2149,6792,2933.4788794581
23804,2,16444,3192,983,2474,2068,851,402,1943,2139,2049,344,4175,12270,1982.0803239582
23812,2,26312,911,278,3192,2519,50,140,10803,2191,5956,271,1189,25122,1982.0803239582
23820,3,10817,571,0,2474,1432,1237,1412,509,986,1701,496,571,10247,3092.0453053747
23838,2,28520,1693,799,2869,916,3925,1044,562,6709,10002,0,2492,26027,1982.0803239582
23846,3,7226,715,380,3940,664,0,1144,199,0,148,37,1095,6132,3250.6117312914
23853,6,12275,1013,576,5397,1012,568,1399,243,1708,2,358,1589,10687,4598.4263515829
23861,2,9713,1433,214,3940,830,142,1349,972,187,120,526,1647,8066,1982.0803239582
23879,8,45874,3962,2889,5715,2753,7335,1567,3762,10830,5358,1703,6851,39023,7373.3388051243
23887,2,13161,3442,408,3940,972,918,0,858,522,758,1342,3850,9310,1982.0803239582
23895,7,27147,7193,2247,3940,1824,1176,897,1171,3173,5055,471,9440,17707,5470.5416941245
23903,1,6360,587,71,3097,898,200,0,561,260,686,0,658,5702,1109.9649814166
23911,4,17674,3723,833,3940,2145,121,0,1745,1370,3719,77,4556,13117,4281.2934997496
23929,6,33880,8676,865,5481,1677,2174,5405,1407,2657,4589,949,9541,24339,6104.8073977911
23937,5,34044,6897,1103,5748,3076,1907,126,1867,2794,9505,1021,8000,26044,5153.4088422912
23945,4,35531,433,0,5395,1139,1850,420,2,2207,21732,2353,433,35098,3250.6117312914
23952,2,13872,1426,231,3940,1368,784,1133,212,430,4349,0,1657,12216,1823.5138980415
23960,4,11235,0,0,4975,1499,235,849,175,2019,1483,0,0,11235,3488.4613701663
23978,4,13761,2069,546,6223,1918,33,0,538,315,1632,488,2615,11147,4360.5767127079
23986,4,11180,1809,1013,4409,1615,93,405,209,665,298,664,2822,8358,3409.1781572080
23994,2,22007,3741,601,4355,1758,724,479,2576,2456,3994,1323,4342,17665,1982.0803239582
24000,2,14030,3721,1231,2512,5381,0,255,347,218,348,17,4952,9078,1744.2306850832
24018,5,36615,8979,1575,5706,1922,2689,0,672,4124,10252,695,10554,26060,5391.2584811662
24026,2,27957,4077,1371,4716,3619,87,860,2595,3095,5231,2306,5448,22509,1982.0803239582
24034,2,8048,1038,418,4666,1102,17,0,317,0,298,191,1456,6591,1982.0803239582
24042,8,14843,1595,591,6159,1882,376,0,1,3226,714,300,2186,12658,6739.0731014577
24059,7,11588,1769,348,3600,1373,192,8,34,1253,2078,931,2117,9469,5946.2409718745
24067,5,20145,2884,1222,2004,1950,76,602,2418,3883,2174,2932,4106,16039,5470.5416941245
24075,8,13231,345,186,5515,1525,0,914,99,2387,680,1577,531,12697,6739.0731014577
24083,3,10796,1212,681,2889,2139,67,229,256,459,1199,1664,1893,8902,3171.3285183330
24091,2,4203,139,348,2687,259,0,279,142,230,120,0,487,3717,1982.0803239582
24109,2,14906,3159,1270,5093,2049,287,299,565,469,1359,357,4429,10478,1982.0803239582
24117,2,4497,462,617,2004,553,27,0,113,0,635,86,1079,3418,1982.0803239582
24125,2,13060,1916,921,3994,4108,40,30,355,767,399,529,2837,10222,1982.0803239582
24133,2,10592,2594,1326,2887,837,82,70,534,350,1342,570,3920,6672,1982.0803239582
24141,3,21884,4508,1310,6694,1979,0,1283,593,1826,1879,1812,5818,16066,3250.6117312914
24158,1,10073,490,173,2827,889,54,251,830,659,3061,839,663,9410,872.1153425416
24166,3,8322,2345,350,3835,869,239,0,71,200,245,168,2695,5627,2854.1956664997
24174,6,20105,3573,577,4993,1134,568,1400,705,2999,3958,199,4150,15956,5549.8249070828
24182,5,19407,3343,435,3605,1313,1019,1592,1282,3138,1746,1934,3778,15629,4677.7095645412
24190,2,13003,2239,1011,4666,526,2677,0,489,350,637,408,3250,9753,1982.0803239582
24208,2,7690,861,430,2786,523,175,0,272,1466,1042,134,1291,6398,2140.6467498748
24216,1,5261,341,0,2488,205,0,0,121,270,583,1254,341,4921,1109.9649814166
24224,1,3978,607,0,2388,204,22,0,64,0,693,0,607,3371,1189.2481943749
24232,1,12232,3255,879,3135,1147,43,0,1206,1437,812,317,4134,8097,872.1153425416
24240,3,14842,2508,476,4975,1597,130,432,848,1938,1290,649,2984,11859,2695.6292405831
24257,3,17043,620,222,5160,1863,0,170,448,3674,4885,0,842,16200,2616.3460276248
24265,1,9755,1386,98,2956,909,176,274,2047,707,1008,195,1484,8272,1189.2481943749
24273,5,24403,683,28,6159,1527,481,893,563,947,11812,1309,711,23691,5074.1256293329
24281,2,7005,944,413,3849,758,0,0,143,260,399,238,1357,5647,1982.0803239582
24299,1,6728,1271,131,4666,265,0,0,245,0,150,0,1402,5326,872.1153425416
24307,3,17125,2596,416,3926,1046,0,0,1149,2548,1380,4063,3012,14112,2616.3460276248
24315,4,9653,2886,615,2402,667,274,0,191,1150,407,1062,3501,6153,3409.1781572080
24323,5,5813,732,214,3003,594,0,0,410,294,31,536,946,4868,3805.5942219997
24331,3,23280,2133,218,4518,947,892,199,682,3452,10206,33,2351,20929,2695.6292405831
24349,4,8892,571,368,4666,591,23,365,117,1820,276,95,939,7953,3488.4613701663
24356,4,21121,339,23,4008,763,221,307,465,4733,10261,0,362,20758,3250.6117312914
24364,3,14831,1617,198,3507,1055,0,0,2400,1839,4149,66,1815,13016,2695.6292405831
24372,3,29479,3046,347,4917,5460,166,796,3039,4890,6819,0,3393,26087,2854.1956664997
24380,3,12001,2329,575,5381,1494,860,180,182,517,310,173,2904,9097,3171.3285183330
24398,6,12973,2615,911,3485,611,2473,0,840,987,626,426,3526,9448,5311.9752682078
24406,6,11612,3431,286,3165,900,108,562,561,1371,498,730,3717,7895,5866.9577589161
24414,3,12233,1990,0,2261,680,20,896,850,975,3459,1101,1990,10242,2616.3460276248
24422,6,15802,587,0,3165,622,0,1052,242,2955,2205,4973,587,15214,5074.1256293329
24430,4,13261,1576,648,1736,916,302,511,388,2275,4271,637,2224,11036,3409.1781572080
24448,3,23318,3180,724,2909,1503,1572,1112,2211,8030,1640,437,3904,19414,2854.1956664997
24455,5,22698,2811,1383,7071,2967,160,0,2273,2736,2705,592,4194,18504,4439.8599256663
24463,2,28518,1048,318,7017,2214,143,299,4010,2127,9819,1524,1366,27153,1982.0803239582
24471,3,34380,2980,1514,8994,2723,1263,0,4225,1015,11396,271,4494,29887,2933.4788794581
24489,6,54780,1695,215,12583,7611,243,159,4180,7069,9167,11856,1910,52868,6263.3738237078
24497,5,33010,1839,101,7339,1508,0,1478,3001,5368,4846,7532,1940,31072,5074.1256293329
24505,5,34889,0,0,12929,2033,897,0,3067,5100,8550,2314,0,34890,4439.8599256663
24513,2,6237,786,58,4136,526,40,26,112,150,317,86,844,5393,2061.3635369165
24521,2,35210,2087,1306,5487,1081,40,1533,715,13446,9257,258,3393,31817,1982.0803239582
24539,2,6679,818,94,2054,418,475,353,145,2046,208,69,912,5768,2061.3635369165
24547,1,4014,560,0,1194,1,1433,0,449,0,2,374,560,3453,872.1153425416
24554,1,10853,1180,370,2489,1045,0,617,2729,1215,1185,25,1550,9305,1109.9649814166
24562,1,2747,89,0,1896,183,0,0,58,270,251,0,89,2658,1109.9649814166
24570,1,10023,1908,0,1743,695,3159,279,141,488,643,965,1908,8113,1109.9649814166
24588,5,20957,2885,109,5689,1052,330,287,287,5808,1307,3204,2994,17964,4122.7270738330
24596,4,13356,238,210,4283,953,67,1240,168,2287,2370,1542,448,12910,3488.4613701663
24604,5,22726,1253,510,5927,1179,188,187,2281,350,10722,130,1763,20964,4994.8424163745
24612,5,16261,1672,324,5668,2223,250,902,2515,594,1852,261,1996,14265,5232.6920552495
24620,4,13245,1713,430,4012,1103,78,0,169,1208,4438,95,2143,11103,3329.8949442497
24638,1,9245,805,87,5454,648,427,0,1422,216,55,131,892,8353,1109.9649814166
24646,2,4223,398,304,1493,410,0,10,98,913,56,540,702,3520,2061.3635369165
24653,2,9038,956,492,5387,819,180,0,142,0,88,976,1448,7592,1982.0803239582
24661,3,12014,2184,63,5387,708,225,491,159,509,2135,152,2247,9766,3092.0453053747
24679,5,6895,2696,543,2498,563,46,0,286,43,221,0,3239,3657,5311.9752682078
24687,3,10618,2059,757,3006,1015,0,0,384,1310,1885,203,2816,7803,2774.9124535414
24695,2,13048,702,690,5751,4348,140,80,316,836,184,0,1392,11655,1982.0803239582
24703,3,21567,1199,293,8833,2103,0,0,2122,1797,5221,0,1492,20076,2854.1956664997
24711,2,13264,2698,20,4593,2713,0,0,351,2102,746,40,2718,10545,1982.0803239582
24729,1,16562,1553,854,6402,855,376,0,59,1552,3510,1401,2407,14155,1109.9649814166
24737,3,11028,1592,847,4593,2348,77,0,249,183,845,295,2439,8590,2933.4788794581
24745,2,17844,1217,234,4978,2824,1126,0,520,1649,4963,333,1451,16393,1982.0803239582
24752,3,31888,1290,540,6363,1965,0,1296,1431,5148,13069,787,1830,30059,3012.7620924164
24760,2,11186,303,196,6413,1538,0,0,1541,302,763,130,499,10687,1982.0803239582
24778,2,14975,1476,922,4760,2838,107,109,926,760,2339,737,2398,12576,1982.0803239582
24786,5,26916,2215,373,3488,1975,230,1104,658,7081,9329,465,2588,24330,3964.1606479163
24794,6,36217,6389,1137,10409,2642,1403,1451,2074,4328,6027,357,7526,28691,5866.9577589161
24802,2,20964,8952,1067,5425,903,164,0,3514,0,101,839,10019,10946,1982.0803239582
24810,11,23438,1978,768,4145,2995,287,3217,1159,4767,3395,728,2746,20693,10623.9505364157
24828,1,6528,238,0,3302,389,0,0,463,101,340,1695,238,6290,1109.9649814166
24836,6,13542,1378,251,3085,1063,25,0,756,2123,2911,1951,1629,11914,4439.8599256663
24844,12,22954,2526,562,3981,1950,3294,1273,593,5168,2151,1455,3088,19865,11337.4994530406
24851,2,6648,927,227,2678,308,65,466,754,45,924,255,1154,5495,1982.0803239582
24869,2,23799,2598,1545,4253,1016,1003,180,2102,867,9402,834,4143,19657,1982.0803239582
24877,4,7108,261,192,3461,757,336,500,649,474,228,250,453,6655,3488.4613701663
24885,9,18567,2081,702,3979,712,139,5295,84,4789,187,601,2783,15786,8166.1709347076
24893,3,15096,1351,1211,6924,2263,830,506,44,733,233,1001,2562,12534,3171.3285183330
24901,3,10248,1126,367,3284,607,174,130,633,2016,1445,467,1493,8756,2537.0628146664
24919,5,23172,3259,99,5362,2097,1171,80,872,3891,4717,1624,3358,19814,5153.4088422912
24927,6,14328,2809,681,4956,1745,0,120,721,2176,788,332,3490,10838,5866.9577589161
24935,3,17020,2665,630,3742,853,34,412,1535,1819,4370,959,3295,13724,3171.3285183330
24943,2,19652,6313,958,3225,1481,163,2132,887,896,1731,1866,7271,12381,1982.0803239582
24950,3,14429,3190,429,3225,2790,223,701,784,203,2884,0,3619,10810,3171.3285183330
24968,4,18186,5837,376,2963,1765,211,250,552,567,4153,1512,6213,11973,4122.7270738330
24976,5,28964,5512,945,5687,2847,663,0,2587,5732,2614,2375,6457,22505,4122.7270738330
24984,4,10667,1189,457,3183,4923,30,100,1,598,188,0,1646,9023,3964.1606479163
24992,4,10071,694,0,3707,1028,0,0,130,2725,1037,751,694,9378,3250.6117312914
25007,3,14994,2122,642,2985,1129,67,0,154,288,6242,1364,2764,12229,3250.6117312914
25015,15,22611,785,0,5279,3134,0,1702,2359,6372,2584,396,785,21826,14746.6776102486
25023,8,29416,7229,1178,5670,1691,301,571,786,5923,4802,1265,8407,21009,8245.4541476659
25031,2,9459,890,0,4445,1111,50,0,267,432,1991,272,890,8568,2299.2131757915
25049,1,6704,817,203,3284,602,0,0,0,306,1301,190,1020,5683,1189.2481943749
25056,1,14920,490,426,3456,420,0,200,118,293,9517,0,916,14004,1109.9649814166
25064,1,4364,406,95,3456,286,0,0,0,0,121,0,501,3863,872.1153425416
25072,2,6710,467,26,3980,555,0,80,274,168,942,216,493,6215,2061.3635369165
25080,5,31850,2239,1063,5057,1618,510,2009,4776,1853,11628,1098,3302,28549,5074.1256293329
25098,4,34804,2002,1835,5157,1867,0,961,4594,3505,5613,9270,3837,30967,3884.8774349580
25106,5,21703,3975,792,5085,2385,116,414,773,2954,4800,410,4767,16937,5391.2584811662
25114,5,47146,5777,600,6713,2036,234,0,2574,4657,22867,1689,6377,40770,5549.8249070828
25122,5,24884,1585,584,4460,2566,2689,4739,1200,3793,3155,113,2169,22715,5549.8249070828
25130,1,4587,593,68,2251,359,0,171,270,437,57,382,661,3927,872.1153425416
25148,3,19679,3093,55,2925,1058,0,1129,1131,1878,6993,1417,3148,16531,2695.6292405831
25155,4,16881,2260,91,2308,1188,0,1235,117,4378,4095,1209,2351,14530,3171.3285183330
25163,6,17723,2798,266,3035,1279,251,623,758,7277,276,1160,3064,14659,5391.2584811662
25171,5,28476,3274,1680,3872,2017,98,2028,1925,6537,4129,2915,4954,23521,4994.8424163745
25189,4,11509,2548,0,3635,1531,77,351,1239,129,1999,0,2548,8961,4439.8599256663
25197,1,3083,878,0,1301,265,0,0,211,0,237,192,878,2206,1109.9649814166
25205,2,3970,705,426,751,403,50,552,0,1,230,853,1131,2840,1744.2306850832
25213,5,8008,1544,154,3003,1322,216,171,1,835,267,495,1698,6310,4202.0102867913
25221,1,3663,187,109,1902,381,117,0,0,0,50,917,296,3367,1189.2481943749
25239,1,8108,559,530,3485,828,34,0,1959,592,51,69,1089,7018,872.1153425416
25247,3,9649,1945,555,751,674,1708,0,2047,651,531,786,2500,7148,2695.6292405831
25254,5,10580,1976,671,2687,862,390,79,561,2458,227,668,2647,7932,3805.5942219997
25262,3,8375,1433,0,2002,831,1021,1058,288,321,694,728,1433,6943,2695.6292405831
25270,7,12227,1812,325,3485,892,172,0,187,1954,3092,308,2137,10090,5549.8249070828
25288,5,47532,1281,156,5517,1743,926,3003,438,21319,12728,421,1437,46095,4519.1431386246
25296,2,9160,1150,161,3940,1924,508,0,507,366,361,243,1311,7849,1982.0803239582
25304,2,10956,3766,1560,3940,774,250,0,104,216,347,0,5326,5631,1823.5138980415
25312,3,14619,3475,79,3940,1254,100,0,430,3637,1430,273,3554,11064,3012.7620924164
25320,5,18010,3822,83,4041,2111,1952,853,682,2107,2052,307,3905,14105,4439.8599256663
25338,3,9355,420,0,3940,1029,217,319,207,685,2321,217,420,8935,2933.4788794581
25346,4,16569,2860,630,3940,1379,138,150,1578,3705,2027,162,3490,13079,3647.0277960830
25353,2,17366,4227,183,5506,2483,0,100,434,2112,2322,0,4410,12957,1982.0803239582
25361,2,15828,4422,1537,5547,1995,681,0,625,462,261,299,5959,9870,1982.0803239582
25379,3,25263,1117,238,6444,3058,275,322,370,3635,9557,248,1355,23909,3171.3285183330
25387,1,13159,609,293,6309,937,0,100,187,434,4290,0,902,12257,1109.9649814166
25395,3,15225,617,369,8661,1630,790,697,102,347,2013,0,986,14240,2616.3460276248
25403,2,22797,5541,579,6340,874,1812,445,250,1027,4428,1500,6120,16676,2061.3635369165
25411,6,36563,4964,99,6387,1869,218,1493,307,4085,16532,610,5063,31501,5232.6920552495
25429,6,108682,26616,2033,9262,8870,2478,4081,1837,4096,45100,4306,28649,80030,5866.9577589161
25437,5,20831,1184,260,8338,1478,1170,912,699,3242,3244,303,1444,19386,4519.1431386246
25445,2,24306,3852,212,5397,1315,120,435,831,666,11254,223,4064,20241,1982.0803239582
25452,4,30322,6857,973,5397,2824,3951,4895,1466,1072,1123,1764,7830,22492,4122.7270738330
25460,2,14118,2066,1146,2189,785,267,1029,1274,348,2078,2937,3212,10907,2061.3635369165
25478,4,18717,5052,1361,4771,1573,1641,0,667,662,2399,590,6413,12303,4122.7270738330
25486,4,18865,5390,439,3940,842,519,562,3474,284,1610,1806,5829,13037,4043.4438608746
25494,2,17524,2567,1570,5615,1240,2986,200,952,198,1971,224,4137,13386,1982.0803239582
25502,2,12183,1068,212,3940,302,0,200,0,484,5978,0,1280,10904,1744.2306850832
25510,2,9672,1136,557,4043,972,26,0,1785,423,579,151,1693,7979,1982.0803239582
25528,7,9561,2024,240,3472,579,0,0,192,2159,761,133,2264,7296,5311.9752682078
25536,2,11714,968,257,3472,4660,199,0,127,180,1650,200,1225,10488,1982.0803239582
25544,1,7156,1829,687,3582,274,13,0,149,531,90,0,2516,4639,1109.9649814166
25551,5,8255,1411,367,3507,1356,26,0,147,529,490,422,1778,6477,3884.8774349580
25569,5,12615,2531,421,4261,451,98,522,371,811,3023,126,2952,9663,5074.1256293329
25577,4,15099,1730,327,4377,724,186,832,379,4901,1470,174,2057,13043,3726.3110090413
25585,2,23498,3105,512,5408,427,0,251,887,693,11983,231,3617,19880,1982.0803239582
25593,3,19214,563,398,8636,7232,89,0,892,449,841,112,961,18251,3092.0453053747
25601,4,23942,3003,426,4413,1504,326,466,599,3669,5827,3708,3429,20512,3329.8949442497
25619,5,17261,1151,315,8238,1735,616,180,1378,529,2992,127,1466,15795,5311.9752682078
25627,4,32236,3499,323,8630,4066,614,575,1266,4206,6833,2223,3822,28413,3409.1781572080
25635,2,10733,1133,570,5298,641,0,0,350,290,2141,311,1703,9031,1982.0803239582
25643,1,12497,1762,223,4714,429,257,108,198,672,4134,0,1985,10512,872.1153425416
25650,2,21139,549,0,6220,601,0,0,2657,1122,9923,66,549,20589,1982.0803239582
25668,2,4347,1361,374,2002,276,0,119,0,45,170,0,1735,2612,1982.0803239582
25676,2,4422,757,348,2341,314,0,237,140,0,286,0,1105,3318,1982.0803239582
25684,4,14659,2507,304,4008,1094,930,0,206,4489,1121,0,2811,11848,3409.1781572080
25692,2,5620,832,179,3006,281,84,0,480,193,390,174,1011,4608,1982.0803239582
25700,4,34024,6640,1172,5397,2418,152,796,1515,2738,8888,4308,7812,26212,4360.5767127079
25718,2,16347,3665,1189,5397,971,0,0,431,349,2115,2228,4854,11491,1982.0803239582
25726,4,41115,1942,2490,5629,1713,167,398,6138,5572,14133,2933,4432,36683,4122.7270738330
25734,3,9418,383,438,3097,765,4008,0,278,210,240,0,821,8598,2933.4788794581
25742,5,14785,1744,280,3940,1386,1144,361,467,4112,1065,286,2024,12761,3964.1606479163
25759,2,8609,281,694,3097,298,0,413,1896,0,1930,0,975,7634,1982.0803239582
25767,2,10460,1744,797,5397,980,140,251,771,0,380,0,2541,7919,1744.2306850832
25775,3,13128,2706,266,4409,1400,77,959,366,1025,1920,0,2972,10156,2616.3460276248
25783,4,29177,3751,1162,5397,5009,428,701,682,853,8615,2579,4913,24264,3726.3110090413
25791,5,24696,3684,557,5397,2271,470,1816,625,1225,7145,1505,4241,20454,4994.8424163745
25809,2,16712,4330,1443,3940,776,1242,246,1597,173,1657,1307,5773,10938,1982.0803239582
25817,2,10641,1282,907,5659,839,57,0,324,319,1154,100,2189,8452,1982.0803239582
25825,5,11076,129,215,4332,1087,34,1002,1,2677,1563,36,344,10732,3964.1606479163
25833,1,9520,432,0,4332,1414,0,0,325,1561,1413,42,432,9087,872.1153425416
25841,5,29591,3371,762,6989,2888,110,617,1340,6521,6777,218,4133,25460,4360.5767127079
25858,6,43724,10094,1132,7838,2764,966,0,4757,6709,9138,326,11226,32498,5629.1081200412
25866,4,24814,3847,852,7289,3062,317,1254,2461,3495,1009,1230,4699,20117,3647.0277960830
25874,2,10832,344,464,5227,1217,0,0,348,1008,2111,113,808,10024,1982.0803239582
25882,2,16278,2637,407,3081,361,0,421,1484,743,6845,300,3044,13235,2061.3635369165
25890,4,31068,2860,788,8431,3026,500,163,3084,6158,4398,1660,3648,27420,3884.8774349580
25908,4,20704,547,212,7089,2762,22,927,785,997,7362,0,759,19944,4360.5767127079
25916,4,24442,3460,1041,3956,1548,81,60,1637,6951,3915,1795,4501,19943,3409.1781572080
25924,2,23818,2706,1199,7083,3232,152,299,1041,3192,4717,196,3905,19912,1982.0803239582
25932,2,17537,3882,1338,4338,1746,1343,834,1813,1320,487,436,5220,12317,1982.0803239582
25940,3,11602,2043,195,2587,827,1342,0,441,1046,2599,522,2238,9364,2616.3460276248
25957,2,4612,844,216,3085,173,50,0,0,0,80,164,1060,3552,1982.0803239582
25965,1,5615,224,264,3183,1299,0,0,515,81,50,0,488,5128,872.1153425416
25973,1,5942,1469,156,2553,1268,0,0,237,180,80,0,1625,4318,1109.9649814166
25981,5,13295,1161,60,2553,597,1833,400,290,1687,4010,703,1221,12073,4281.2934997496
25999,4,15401,2162,842,4219,1190,419,443,1240,2916,1620,350,3004,12397,3409.1781572080
26005,1,56410,3783,156,15030,7146,2814,0,1,2609,20843,4026,3939,52469,1189.2481943749
26013,1,28955,1336,220,8166,1586,604,0,610,710,15708,15,1556,27399,872.1153425416
26021,2,54201,8553,758,5972,6286,3183,1760,2545,8343,5577,11223,9311,44889,1982.0803239582
26039,2,16340,2575,1103,4454,2837,0,0,1899,1217,1855,399,3678,12661,1744.2306850832
26047,4,26477,1555,228,3353,2342,543,962,502,7829,8306,856,1783,24693,3409.1781572080
26054,5,18352,1460,784,4899,1609,912,0,470,3287,4930,0,2244,16107,4677.7095645412
26062,2,18841,1010,306,4033,1200,0,0,2391,925,7312,1665,1316,17526,1982.0803239582
26070,5,7314,453,116,3210,1227,611,200,129,616,383,370,569,6746,4202.0102867913
26088,2,7944,314,376,3940,1244,0,0,502,385,1183,0,690,7254,1982.0803239582
26096,3,15534,1173,196,5176,1065,0,529,1636,258,5001,501,1369,14166,3171.3285183330
26104,3,12132,3781,402,3407,507,0,0,113,1198,420,2304,4183,7949,2854.1956664997
26112,4,6346,1638,1042,2985,275,72,150,133,3,1,47,2680,3666,3567.7445831247
26120,2,11604,3323,652,3287,796,408,0,1158,573,875,532,3975,7629,2061.3635369165
26138,5,26634,296,0,4207,1985,256,752,1054,13510,2854,1719,296,26337,4519.1431386246
26146,2,7047,893,562,4207,1233,0,0,149,1,1,0,1455,5591,1982.0803239582
26153,4,12849,1845,295,3110,1275,1323,50,700,2775,884,591,2140,10708,3329.8949442497
26161,4,29493,2688,795,4351,1764,1899,1795,4275,662,9830,1433,3483,26009,4360.5767127079
26179,3,9207,1828,313,3097,1489,50,0,364,850,1216,0,2141,7066,3171.3285183330
26187,4,26170,3516,424,4107,2343,1278,488,5320,1558,3978,3158,3940,22230,3171.3285183330
26195,4,17695,2243,676,5075,1310,400,140,687,2303,4659,202,2919,14776,4360.5767127079
26203,4,30897,6293,43,3940,5017,255,1437,1393,4462,6927,1129,6336,24560,3647.0277960830
26211,4,7299,1558,317,3097,784,0,0,640,366,537,0,1875,5424,4043.4438608746
26229,2,8370,1789,145,3097,543,0,299,563,263,1415,256,1934,6436,1744.2306850832
26237,5,10002,2356,785,3097,778,25,338,449,1546,443,184,3141,6860,3884.8774349580
26245,4,24119,0,0,5939,2626,3379,498,2756,3318,5024,579,0,24119,4281.2934997496
26252,6,79489,7559,1266,5639,16296,7615,3742,1683,9599,14734,11355,8825,70663,5311.9752682078
26260,4,20801,1376,0,3806,2161,1595,0,651,1887,9321,5,1376,19426,3805.5942219997
26278,2,28387,4101,1421,5838,1029,2300,835,1551,786,9586,939,5522,22864,1982.0803239582
26286,5,25287,1436,965,5940,1590,100,995,775,4542,8631,313,2401,22886,4519.1431386246
26294,2,7054,834,176,2691,440,60,571,955,90,1237,0,1010,6044,1982.0803239582
26302,1,6091,207,661,2873,1391,0,0,160,300,217,282,868,5223,1109.9649814166
26310,4,39767,218,0,11781,7258,8754,0,857,7030,3870,0,218,39550,3409.1781572080
26328,2,17439,187,199,5614,1674,299,2660,1742,759,3101,1205,386,17054,1982.0803239582
26336,3,17725,2762,1059,5763,1449,514,301,2334,625,2831,87,3821,13904,2854.1956664997
26344,1,10768,100,219,4733,939,210,139,2430,525,1472,0,319,10448,872.1153425416
26351,1,8919,384,438,3803,1058,44,324,1453,400,1016,0,822,8098,872.1153425416
26369,6,39438,8042,2073,5915,6307,5537,260,2498,3177,4836,792,10115,29322,5629.1081200412
26377,2,6003,1146,130,3119,958,87,251,1,150,150,12,1276,4728,1664.9474721248
26385,2,8230,1634,913,4095,932,0,301,1,351,4,0,2547,5684,1823.5138980415
26393,1,14562,5005,811,3360,430,387,0,77,253,4211,26,5816,8744,1189.2481943749
26401,2,20844,1651,787,6600,2045,52,0,7613,510,1586,0,2438,18406,1982.0803239582
26419,3,14473,2221,445,3711,651,0,1373,992,3259,1604,217,2666,11807,2616.3460276248
26427,2,20845,1725,1431,6728,2181,343,469,1403,1096,4504,966,3156,17690,1982.0803239582
26435,2,8318,1118,105,3045,787,0,93,308,0,2861,0,1223,7094,2140.6467498748
26443,2,11238,568,54,5115,1359,0,0,1680,1444,630,387,622,10615,1427.0978332499
26450,6,19209,2211,832,7705,2405,34,60,2465,1466,1924,107,3043,16166,5470.5416941245
26468,4,15789,1939,618,6500,571,0,701,721,4299,173,266,2557,13231,3567.7445831247
26476,1,8324,509,0,4136,875,784,249,470,526,775,0,509,7815,872.1153425416
26484,1,9714,1185,79,6354,946,61,0,429,370,149,142,1264,8451,872.1153425416
26492,1,9035,706,65,6270,1202,0,0,500,290,1,0,771,8263,1189.2481943749
26500,4,31478,4321,1070,8561,2879,22,0,2004,2017,10561,43,5391,26087,4202.0102867913
26518,3,16480,3375,519,6220,1167,0,0,764,1710,2495,230,3894,12586,3171.3285183330
26526,4,19228,5101,0,4860,2403,78,553,560,2900,2773,0,5101,14127,3329.8949442497
26534,4,34160,2166,603,8726,1874,1059,261,789,3243,14045,1395,2769,31392,4122.7270738330
26542,1,2164,443,174,301,268,266,70,590,50,1,0,617,1546,872.1153425416
26559,4,28935,2364,2001,7700,2651,2093,196,1788,4634,4842,666,4365,24570,4043.4438608746
26567,2,24315,3089,720,6540,1605,37,58,1991,928,8056,1292,3809,20507,1982.0803239582
26575,2,19561,3394,116,4181,1929,2795,637,649,863,4914,83,3510,16051,2061.3635369165
26583,2,17821,527,0,5487,988,2889,251,1402,4122,1841,316,527,17296,1982.0803239582
26591,4,11845,1046,321,5617,1094,83,40,292,1717,1614,22,1367,10479,3171.3285183330
26609,4,16437,3467,527,5596,1874,97,0,1137,2102,1505,131,3994,12442,4122.7270738330
26617,5,31817,3489,557,6759,1315,383,4347,2036,3542,2177,7212,4046,27771,4281.2934997496
26625,6,20681,3984,997,4356,1446,199,705,742,6177,2010,65,4981,15700,4677.7095645412
26633,6,15756,1901,669,3302,1450,97,1015,719,3057,3305,241,2570,13186,4677.7095645412
26641,2,22989,4521,833,4286,2202,1044,1146,1960,1758,2811,2428,5354,17635,1982.0803239582
26658,1,7605,32,402,4095,426,0,0,228,260,2095,67,434,7171,872.1153425416
26666,2,19667,2441,1179,5161,1359,2714,74,5070,200,856,613,3620,16047,1982.0803239582
26674,2,11573,1450,629,7017,1077,39,0,218,1,777,365,2079,9494,1982.0803239582
26682,2,11910,2070,916,3511,634,0,180,383,776,1789,1652,2986,8925,1982.0803239582
26690,3,40830,2311,44,9148,4099,104,3300,748,1632,18593,852,2355,38476,3250.6117312914
26708,1,13910,1052,18,8084,823,52,110,1492,1208,417,654,1070,12840,872.1153425416
26716,1,8402,1667,43,502,634,0,230,72,599,4655,0,1710,6692,872.1153425416
26724,5,40150,2623,318,10097,2969,286,80,2314,6170,3921,11372,2941,37209,3884.8774349580
26732,2,12564,1277,1319,7017,753,199,0,1257,0,115,627,2596,9968,1982.0803239582
26740,5,25138,3373,212,9118,1243,0,0,3364,6684,1144,0,3585,21553,4202.0102867913
26757,6,19316,2249,381,9336,3158,0,0,1201,2320,671,0,2630,16686,5629.1081200412
26765,2,10139,1106,0,5132,1064,0,0,200,280,2357,0,1106,9033,1982.0803239582
26773,5,30732,1495,864,5907,1616,0,1003,270,3834,15742,0,2359,28372,4360.5767127079
26781,5,19422,1978,152,4487,1478,176,0,3137,2866,3094,2053,2130,17291,4994.8424163745
26799,3,19699,5256,1067,6015,2772,498,0,1321,492,2168,109,6323,13375,3171.3285183330
26807,7,43076,3736,113,7239,5933,930,173,3575,4354,16717,306,3849,39227,6897.6395273744
26815,3,22316,5207,335,3752,1228,2275,2663,2331,779,3249,496,5542,16773,3171.3285183330
26823,1,5687,1440,531,2351,200,60,588,21,479,18,0,1971,3717,1109.9649814166
26831,5,15812,2226,495,3751,849,287,0,330,1016,6327,531,2721,13091,4756.9927774996
26849,5,18018,1372,656,4062,1056,252,95,609,6047,3832,37,2028,15990,3726.3110090413
26856,9,44423,5576,275,4062,2046,3280,1904,715,4086,18879,3601,5851,38573,8483.3037865409
26864,3,15400,3001,838,2498,1283,1238,711,373,2867,1766,825,3839,11561,2933.4788794581
26872,1,7279,266,0,2498,604,218,0,59,140,2030,1464,266,7013,1109.9649814166
26880,2,10549,305,106,3434,4572,101,0,1915,1,60,56,411,10139,1744.2306850832
26898,4,16047,679,226,4515,873,0,2943,208,4388,1838,376,905,15141,3171.3285183330
26906,4,13873,3688,196,4179,945,0,0,95,3132,1638,0,3884,9989,3409.1781572080
26914,2,12011,3316,1045,4270,1502,65,0,685,797,331,0,4361,7650,1982.0803239582
26922,6,35589,4090,684,4158,1512,196,2468,441,9094,12797,149,4774,30815,6025.5241848328
26930,6,10755,1313,842,4062,1677,33,306,419,66,1809,228,2155,8600,6342.6570366661
26948,3,28492,1060,752,3640,2450,77,0,16070,502,3250,691,1812,26680,3171.3285183330
26955,2,10254,1332,123,4142,1145,273,0,1326,456,1227,230,1455,8799,1982.0803239582
26963,2,19918,4258,131,3301,995,0,601,206,540,9821,64,4389,15528,2140.6467498748
26971,4,21137,2193,1428,4062,1493,878,2040,205,559,7382,897,3621,17516,3884.8774349580
26989,2,13814,1739,624,3507,361,1144,995,0,0,4017,1428,2363,11452,2140.6467498748
26997,4,9317,1565,138,3325,1014,0,0,314,1967,993,0,1703,7613,3488.4613701663
27003,1,14130,0,245,6259,2767,434,1305,458,1533,998,130,245,13884,872.1153425416
27011,2,10382,3636,63,3849,1079,0,0,167,1147,441,0,3699,6683,1902.7971109998
27029,3,12977,1367,276,4666,1797,87,279,258,2196,793,1258,1643,11334,2219.9299628331
27037,5,29573,6404,864,6159,2338,0,0,715,9698,3343,52,7268,22305,4519.1431386246
27045,3,10865,912,288,4927,1728,469,60,435,317,1729,0,1200,9665,2933.4788794581
27052,2,8508,567,273,3313,870,0,286,499,0,2699,0,840,7667,2061.3635369165
27060,1,2016,887,174,0,200,0,0,1,273,416,65,1061,955,951.3985554999
27078,1,315,82,0,0,3,0,96,35,78,1,20,82,233,1189.2481943749
27086,4,13741,2194,1068,0,90,147,626,1679,6541,1017,378,3262,10478,4043.4438608746
27094,4,20119,3604,431,2623,1173,1307,2008,356,816,3689,4108,4035,16080,3250.6117312914
27102,3,23508,7557,2133,2036,3647,1510,1077,2590,0,2564,394,9690,13818,3171.3285183330
27110,4,9796,137,104,5186,906,0,0,327,1243,1894,0,241,9556,3647.0277960830
27128,2,23900,3497,779,6788,10131,0,274,916,539,655,321,4276,19624,2299.2131757915
27136,4,44572,3451,1154,8661,1887,833,0,1129,2436,16163,8857,4605,39966,4360.5767127079
27144,2,33905,2638,987,7702,1291,11782,746,969,2389,5336,65,3625,30280,2061.3635369165
27151,8,9055,1806,450,1863,1064,0,0,283,1691,1899,0,2256,6800,7769.7548699160
27169,5,4764,1192,605,1761,687,0,0,0,33,486,0,1797,2967,5311.9752682078
27177,2,17151,12782,1942,1761,537,0,0,13,17,100,0,14724,2428,1744.2306850832
27185,2,3956,1388,259,1493,403,0,299,0,0,115,0,1647,2310,1744.2306850832
27193,4,5930,1779,657,1863,360,138,0,726,0,70,337,2436,3494,3409.1781572080
27201,3,5214,1112,846,1194,568,0,0,191,410,894,0,1958,3257,2219.9299628331
27219,3,4284,1068,130,1819,666,130,0,0,0,471,0,1198,3086,2695.6292405831
27227,2,7013,2460,1546,1761,435,44,0,610,0,0,159,4006,3009,1982.0803239582
27235,6,7260,1462,529,1968,1062,117,0,67,73,1740,242,1991,5269,5866.9577589161
27243,5,8588,2300,992,1968,1246,43,0,788,233,1018,0,3292,5296,4122.7270738330
27250,4,18853,3003,565,3252,1426,199,601,225,4393,4509,681,3568,15286,3171.3285183330
27268,4,20374,1665,27,4366,678,0,0,0,1675,11963,0,1692,18682,4202.0102867913
27276,6,26870,2403,1586,5030,2409,1638,200,5783,4047,2051,1723,3989,22881,4677.7095645412
27284,8,27457,7799,839,4103,2249,1965,701,1993,3723,2477,1608,8638,18819,6580.5066755411
27292,4,18479,197,1053,5167,2876,136,656,1751,5733,776,133,1250,17228,3329.8949442497
27300,6,19316,278,0,5318,1018,7361,1949,552,1863,789,187,278,19037,5787.6745459578
27318,5,30291,3060,1958,2565,1267,0,629,2326,1124,16513,848,5018,25272,4043.4438608746
27326,2,2566,475,287,1232,130,13,60,142,120,108,0,762,1805,1982.0803239582
27334,5,11646,3464,370,2305,753,383,100,377,0,1494,2401,3834,7813,3805.5942219997
27342,1,8858,1072,0,2288,675,53,498,1041,1579,1602,50,1072,7786,1109.9649814166
27359,1,8554,1733,313,2305,280,196,139,1504,755,191,1137,2046,6507,872.1153425416
27367,7,16581,3605,287,3725,1167,2265,299,0,327,4689,218,3892,12690,6976.9227403327
27375,3,12377,2498,2292,2720,1261,288,0,503,0,2814,0,4790,7586,2774.9124535414
27383,2,7367,670,30,2431,519,0,200,316,484,724,1993,700,6667,1823.5138980415
27391,3,14397,2099,259,2886,398,217,2288,1613,624,1805,2206,2358,12037,2695.6292405831
27409,2,13459,1083,44,2208,407,1232,697,2991,974,2883,940,1127,12332,2061.3635369165
27417,5,33743,3727,943,2405,3072,0,1798,784,8514,11306,1193,4670,29072,5232.6920552495
27425,4,10092,198,1176,1987,1619,43,0,0,4002,1067,0,1374,8718,3884.8774349580
27433,5,19348,2664,1108,4479,1665,2878,55,154,3082,2832,431,3772,15576,4756.9927774996
27441,4,22797,3134,0,2749,1089,8336,914,209,1806,4561,0,3134,19664,3488.4613701663
27458,4,14294,3099,601,2554,1537,67,0,340,2055,3738,303,3700,10594,3647.0277960830
27466,4,9977,1634,540,1916,993,1220,100,717,2118,479,259,2174,7802,3805.5942219997
27474,1,2825,253,173,1194,195,0,370,270,230,140,0,426,2399,872.1153425416
27482,1,6008,1052,57,2347,441,0,0,599,330,921,259,1109,4897,1109.9649814166
27490,1,32289,0,0,12935,2004,0,324,17023,1,2,0,0,32289,872.1153425416
27508,5,10066,3212,825,1987,1027,1049,0,300,202,1464,0,4037,6029,4836.2759904579
27516,5,21577,2813,1008,2703,2187,3814,300,580,3605,4329,238,3821,17756,5074.1256293329
27524,2,7905,3225,619,2036,931,166,701,166,0,60,0,3844,4060,1982.0803239582
27532,1,8306,1935,275,1454,455,3340,301,0,431,45,70,2210,6096,872.1153425416
27540,5,11235,2686,642,2036,768,735,1283,130,0,1523,1432,3328,7907,5391.2584811662
27557,4,19110,2770,1444,3176,1412,641,201,0,2002,7346,117,4214,14895,3409.1781572080
27565,2,12007,3231,384,2036,1134,896,1954,999,0,1264,109,3615,8392,1982.0803239582
27573,4,12000,1992,78,3176,953,1809,1113,0,1226,1652,0,2070,9929,3250.6117312914
27581,1,8380,3164,763,1614,708,492,150,132,0,50,1307,3927,4453,872.1153425416
27599,6,9824,2012,305,3176,1817,50,249,725,0,1343,148,2317,7508,6342.6570366661
27607,6,13945,2214,2464,2035,1591,922,1731,266,921,1800,0,4678,9266,4836.2759904579
27615,8,33712,8498,2711,3176,2346,404,100,598,390,2595,12895,11209,22504,9038.2862772492
27623,4,14667,2886,140,1393,800,871,1097,27,56,6726,671,3026,11641,3409.1781572080
27631,7,33228,3234,1337,3176,1827,367,0,8,9966,10007,3305,4571,28656,7294.0555921660
27649,4,8563,2358,582,1535,944,564,772,404,20,1153,231,2940,5623,4439.8599256663
27656,5,26058,4008,1325,1535,1368,1997,2595,117,3461,4656,4997,5333,20726,5311.9752682078
27664,4,7575,1627,261,1843,378,17,772,23,0,2029,625,1888,5687,4122.7270738330
27672,1,9726,1522,831,2148,793,2788,190,168,691,357,239,2353,7374,872.1153425416
27680,2,5465,786,100,2391,704,0,0,408,370,449,257,886,4579,2140.6467498748
27698,5,12452,708,251,2391,876,1051,321,535,2178,1895,2247,959,11494,5311.9752682078
27706,2,13746,3391,0,421,3732,877,580,30,608,1554,2554,3391,10356,1823.5138980415
27714,4,17159,2624,260,3545,1348,700,917,1197,1257,3203,2108,2884,14275,4519.1431386246
27722,4,15796,2142,757,3147,986,486,2160,92,2781,1528,1715,2899,12895,3250.6117312914
27730,4,11490,927,62,3112,1118,51,0,503,4826,757,134,989,10501,3329.8949442497
27748,2,4748,1022,253,2498,441,143,0,198,115,77,0,1275,3472,1982.0803239582
27755,1,2811,669,383,250,422,0,0,50,0,302,733,1052,1757,872.1153425416
27763,2,4770,1206,480,1915,476,0,0,321,291,80,0,1686,3083,1744.2306850832
27771,2,6260,736,165,3283,282,0,171,972,206,446,0,901,5360,1982.0803239582
27789,6,15451,4734,1126,2498,1197,957,0,1260,1941,1262,477,5860,9592,5866.9577589161
27797,4,23102,4265,1486,4008,1772,2710,1181,481,3453,3237,508,5751,17350,3409.1781572080
27805,2,6766,467,258,2925,248,283,330,1594,200,245,216,725,6041,1744.2306850832
27813,1,5880,0,0,2925,424,0,105,1886,198,342,0,0,5880,872.1153425416
27821,6,8356,1775,52,2925,895,252,333,53,1671,398,0,1827,6527,6342.6570366661
27839,5,8245,528,285,3006,1476,148,395,151,695,1562,0,813,7433,4677.7095645412
27847,2,9057,1262,443,4442,1431,0,0,315,517,622,24,1705,7351,1982.0803239582
27854,6,15688,3486,994,3514,964,127,506,800,618,4680,0,4480,11209,5629.1081200412
27862,3,30444,4022,1144,7017,1273,2558,3075,419,517,9732,685,5166,25276,3250.6117312914
27870,1,7688,2021,260,2797,657,420,0,216,234,1065,17,2281,5406,1189.2481943749
27888,2,8736,2162,586,4404,1101,0,50,0,181,218,33,2748,5987,2061.3635369165
27896,1,11393,0,836,5504,749,70,450,1981,351,1,1453,836,10559,872.1153425416
27904,2,20119,9509,87,5487,502,0,500,1180,2449,118,287,9596,10523,1744.2306850832
27912,2,4880,196,217,2886,911,0,450,70,0,150,0,413,4467,2378.4963887498
27920,4,16823,4473,426,6159,1639,2257,180,546,0,839,304,4899,11924,4360.5767127079
27938,5,14657,2535,491,4666,2309,143,480,863,1525,1448,197,3026,11631,4519.1431386246
27946,5,18036,2253,934,6159,3725,390,1001,997,483,1999,93,3187,14847,5153.4088422912
27953,5,22173,6916,1957,6159,2587,0,0,2693,562,421,879,8873,13301,5391.2584811662
27961,5,23103,2213,459,4766,1374,187,0,469,3721,9564,350,2672,20431,3964.1606479163
27979,5,22620,4181,414,4496,1226,829,2472,1244,4968,2045,745,4595,18025,4122.7270738330
27987,6,18738,1307,79,6167,1728,745,1811,696,2792,1993,1420,1386,17352,6263.3738237078
27995,1,10027,582,220,4766,1489,287,170,463,995,685,369,802,9224,1109.9649814166
28001,2,10338,2909,251,3804,723,0,60,186,407,1777,222,3160,7179,2140.6467498748
28019,4,14995,4313,873,4666,1403,81,939,547,950,346,878,5186,9810,3329.8949442497
28027,5,14568,2211,807,6159,1653,70,0,102,1346,1558,663,3018,11551,4043.4438608746
28035,7,28187,4615,740,2541,1912,0,697,5744,183,5460,6295,5355,22832,7294.0555921660
28043,7,16742,5878,1359,2541,1320,500,0,406,907,3832,0,7237,9506,7611.1884439993
28050,7,14102,4617,300,2036,968,965,0,11,610,4184,411,4917,9185,6263.3738237078
28068,7,15276,5648,772,2036,1982,198,2295,506,110,761,967,6420,8855,5866.9577589161
28076,6,8961,2499,723,2036,557,87,1443,633,330,1,653,3222,5740,5391.2584811662
28084,2,27986,6379,544,4577,3027,1038,455,3006,2534,4056,2371,6923,21064,2140.6467498748
28092,2,10710,2543,415,5387,961,17,0,286,290,552,259,2958,7752,1982.0803239582
28100,5,9459,704,445,5221,581,57,90,100,630,1615,17,1149,8311,4043.4438608746
28118,4,8222,1628,526,3230,980,0,500,402,417,473,67,2154,6069,4281.2934997496
28126,2,11175,0,0,5387,5020,332,0,130,190,117,0,0,11176,1744.2306850832
28134,1,11972,1770,157,5454,627,419,0,535,269,2677,64,1927,10045,1109.9649814166
28142,3,33696,3657,483,5435,539,651,1378,376,11731,8382,1064,4140,29556,3092.0453053747
28159,1,11746,2852,475,7017,553,45,367,0,0,436,0,3327,8418,1109.9649814166
28167,1,13283,1387,189,4144,700,361,173,0,1269,100,4961,1576,11708,1189.2481943749
28175,1,17229,2552,264,7156,2138,320,649,2207,1316,626,0,2816,14412,872.1153425416
28183,1,7207,1635,208,3483,407,0,0,50,837,280,308,1843,5365,1189.2481943749
28191,2,23989,1238,1252,5062,1384,1409,350,1111,3539,8384,260,2490,21499,1982.0803239582
28209,3,13634,1916,696,7012,698,730,140,379,1196,311,556,2612,11022,2299.2131757915
28217,4,22392,4867,527,7100,1710,419,0,1853,4549,1130,236,5394,16997,3647.0277960830
28225,1,7348,2084,0,3085,689,0,80,291,116,832,173,2084,5266,1189.2481943749
28233,1,16260,2240,1517,5496,754,2208,200,1828,457,1410,150,3757,12503,872.1153425416
28241,2,11194,2594,196,5572,760,108,0,165,581,873,345,2790,8404,2140.6467498748
28258,2,14699,4631,357,5387,761,0,160,627,1492,822,462,4988,9711,2140.6467498748
28266,1,11727,765,0,5361,420,0,1006,147,644,2727,658,765,10963,872.1153425416
28274,1,8943,2186,130,2886,477,0,0,648,639,1458,519,2316,6627,1189.2481943749
28282,5,38081,5169,287,7254,2906,905,5366,928,8467,1122,5677,5456,32625,4598.4263515829
28290,2,9881,2250,179,0,475,2829,1349,411,825,902,659,2429,7450,2061.3635369165
28308,3,17982,4764,741,5461,1626,177,993,1214,261,2517,229,5505,12478,3171.3285183330
28316,3,16016,2898,1214,3225,1671,85,488,1302,1092,1646,2397,4112,11906,2774.9124535414
28324,5,6767,2055,375,2204,754,227,279,168,7,347,352,2430,4338,3726.3110090413
28332,1,2587,1147,535,212,235,162,0,71,1,181,43,1682,905,872.1153425416
28340,1,10085,1206,27,3136,561,0,714,58,936,3389,58,1233,8852,872.1153425416
28357,2,11644,476,223,3261,4999,0,0,1473,311,396,505,699,10945,1744.2306850832
28365,2,13355,849,242,3159,2496,507,995,1436,1157,1618,897,1091,12265,1982.0803239582
28373,1,6569,1240,304,2615,563,0,0,869,0,780,200,1544,5027,1109.9649814166
28381,8,19124,2916,955,4946,3136,951,1015,147,2567,1299,1192,3871,15253,7849.0380828743
28399,3,9812,692,1081,4332,859,0,0,151,280,1032,1384,1773,8038,3092.0453053747
28407,4,23253,603,257,4392,1775,0,398,2454,2558,10469,346,860,22392,4122.7270738330
28415,2,9623,1466,798,3230,756,0,0,2115,0,166,1093,2264,7360,1744.2306850832
28423,1,8052,588,299,3825,1138,33,338,462,318,959,91,887,7164,1109.9649814166
28431,2,17324,2148,85,4884,2643,1037,1055,1428,610,2802,632,2233,15091,1982.0803239582
28449,3,9544,1587,344,3156,1276,836,1468,0,282,499,95,1931,7612,3012.7620924164
28456,6,12978,1431,148,4954,1657,182,849,836,1348,927,645,1579,11398,5311.9752682078
28464,2,13357,1825,0,3607,289,651,597,97,988,5303,0,1825,11532,2140.6467498748
28472,2,16114,2570,0,5219,2347,40,348,1684,830,2405,671,2570,13544,2061.3635369165
28480,5,7745,1715,21,3006,1495,0,0,228,109,201,970,1736,6009,4994.8424163745
28498,1,7289,211,56,3751,333,0,0,59,2623,256,0,267,7022,1109.9649814166
28506,5,18946,2234,195,5630,1571,2355,0,642,4118,2058,143,2429,16517,4677.7095645412
28514,5,18823,1368,679,5989,2111,1387,0,267,3094,2231,1697,2047,16776,4360.5767127079
28522,6,22859,4972,1234,4337,2926,681,299,744,3213,3930,524,6206,16654,5629.1081200411
28530,3,15669,1242,382,5659,1592,135,1386,587,60,3380,1245,1624,14044,3171.3285183330
28548,3,23008,1800,373,8084,2145,870,243,1275,1697,5101,1420,2173,20835,3171.3285183330
28555,4,17169,43,0,5630,1697,117,0,213,1674,7795,0,43,17126,3884.8774349580
28563,5,21780,3003,1199,2808,1763,66,597,844,8415,2735,350,4202,17578,4043.4438608746
28571,6,25600,1553,79,4884,1127,90,271,1182,10453,5799,161,1632,23967,4915.5592034162
28589,5,33524,1859,642,10711,2357,5486,0,6664,2499,3090,216,2501,31023,5549.8249070828
28597,4,22783,2929,698,4884,2090,363,945,647,2485,5116,2625,3627,19155,3329.8949442497
28605,4,25620,4301,1303,5084,1865,142,87,2269,5330,4260,978,5604,20015,3488.4613701663
28613,1,8405,1124,1088,3849,815,100,0,213,653,389,174,2212,6193,872.1153425416
28621,2,7619,112,89,4108,552,0,196,114,207,616,1626,201,7419,2140.6467498748
28639,1,5201,1681,61,2405,335,0,100,248,0,220,152,1742,3460,872.1153425416
28647,1,11620,1653,208,3882,602,195,149,370,0,4560,0,1861,9758,1109.9649814166
28654,3,9876,2204,145,3908,876,341,411,825,192,431,544,2349,7528,2774.9124535414
28662,2,18171,3134,608,4758,1387,649,161,1482,2345,3235,412,3742,14429,1982.0803239582
28670,6,20666,3656,392,5711,1323,1387,398,2383,1997,3160,260,4048,16619,5629.1081200412
28688,7,11295,3756,480,811,744,200,382,0,1384,3451,87,4236,7059,5153.4088422912
28696,8,11963,3228,175,3260,724,267,0,0,2611,691,1008,3403,8561,8245.4541476659
28704,8,22427,5688,2488,3260,2066,167,70,372,2475,3097,2744,8176,14251,7452.6220180827
28712,8,8199,2026,309,2460,1175,71,181,157,1254,366,201,2335,5865,7294.0555921660
28720,6,9822,1447,767,3451,971,95,60,1114,1506,296,114,2214,7607,4677.7095645412
28738,11,13965,2385,612,5560,834,271,0,890,2130,288,995,2997,10968,9196.8527031658
28746,3,11693,375,1058,4666,1974,0,119,452,2156,743,149,1433,10259,3171.3285183330
28753,8,39933,979,456,4632,2110,2198,4755,1936,19493,2935,438,1435,38497,8245.4541476659
28761,3,5924,1053,494,657,584,66,149,206,822,1892,0,1547,4376,2695.6292405831
28779,4,10720,3009,616,696,880,610,975,292,1832,554,1254,3625,7093,3250.6117312914
28787,4,3730,152,0,3294,218,0,29,0,0,1,36,152,3578,3250.6117312914
28795,3,15472,1882,1402,6329,1258,155,0,3144,546,756,0,3284,12188,2854.1956664997
28803,2,13659,1000,386,4030,2500,182,0,1174,2409,1760,217,1386,12272,1823.5138980415
28811,2,7873,1578,160,3503,508,0,87,335,167,1535,0,1738,6135,2140.6467498748
28829,2,23549,2940,1069,4946,2327,850,0,2569,1101,1352,6395,4009,19540,1982.0803239582
28837,4,16264,4658,928,4595,1229,287,0,1973,558,1674,362,5586,10678,4202.0102867913
28845,2,13015,814,1689,4827,951,99,431,939,1173,1801,291,2503,10512,1982.0803239582
28852,2,18004,1153,232,3764,972,87,2212,103,2739,6376,366,1385,16619,2140.6467498748
28860,3,11392,2561,1147,3260,1731,266,468,145,1013,757,44,3708,7684,2854.1956664997
28878,7,43938,4779,2471,4881,1883,66,1672,1639,3528,20505,2516,7250,36690,7769.7548699160
28886,5,12643,1197,182,4733,1054,491,351,1852,1577,1083,123,1379,11264,5153.4088422912
28894,3,38624,3089,920,4666,2108,207,1212,134,11402,14669,217,4009,34615,3250.6117312914
28902,3,13522,1289,348,4004,2450,86,351,445,2184,1658,707,1637,11885,2933.4788794581
28910,2,12460,902,791,4666,1911,82,532,1568,217,1487,304,1693,10767,1982.0803239582
28928,4,10356,1372,297,3514,1891,22,0,381,2255,221,403,1669,8687,3171.3285183330
28936,7,20284,3166,1118,3260,1223,702,233,501,2360,6334,1388,4284,16001,6739.0731014577
28944,4,10982,2776,326,2609,394,175,220,731,266,1852,1633,3102,7880,3409.1781572080
28951,9,14276,1642,683,6159,2763,274,119,383,1571,451,231,2325,11951,7531.9052310410
28969,3,13294,686,253,3975,1076,129,199,2421,444,3240,872,939,12356,3171.3285183330
28977,5,21381,5325,85,3908,900,460,25,405,2970,1668,5635,5410,15971,3964.1606479163
28985,5,10543,814,332,3864,874,0,0,566,1752,2041,300,1146,9397,4836.2759904579
28993,6,9560,879,385,5425,797,110,350,503,855,251,7,1264,8298,4915.5592034162
29009,3,13597,519,1643,6417,2060,65,0,422,1468,805,199,2162,11436,3012.7620924164
29017,2,46923,6275,1531,6367,3753,906,3423,6041,5989,7765,4873,7806,39117,1982.0803239582
29025,6,41446,3971,104,6450,4848,516,1698,1997,12294,9393,174,4075,37370,4756.9927774996
29033,4,37830,6431,1460,6498,3885,53,749,10548,3198,1570,3438,7891,29939,4122.7270738330
29041,5,20067,334,1485,6550,1574,1166,999,767,2151,5042,0,1819,18249,5153.4088422912
29058,1,5150,1467,171,2791,307,0,0,246,2,2,163,1638,3511,872.1153425416
29066,2,11682,2624,526,3383,1014,339,400,402,733,827,1434,3150,8532,2140.6467498748
29074,5,17308,2066,681,4663,1523,137,0,790,3509,1685,2253,2747,14560,4598.4263515829
29082,4,8856,919,169,2171,952,671,720,294,518,2442,0,1088,7768,4439.8599256663
29090,6,16978,2571,909,4352,1429,595,274,1659,1825,2612,751,3480,13497,5629.1081200412
29108,4,7883,1596,384,2502,983,241,0,182,291,1614,90,1980,5903,3726.3110090413
29116,5,22533,3332,725,3417,3405,378,0,488,3557,6890,341,4057,18476,5074.1256293329
29124,8,23868,670,631,5034,3414,352,543,3457,5543,3597,627,1301,22567,6580.5066755411
29132,5,12567,1758,434,2388,1075,1113,528,182,1683,3354,51,2192,10374,4360.5767127079
29140,6,15943,3772,370,4732,1493,222,200,218,2872,2063,0,4142,11800,5391.2584811662
29157,4,11836,1049,559,2906,1046,17,0,1074,474,4538,173,1608,10228,4360.5767127079
29165,6,31374,6442,487,4722,2967,2595,1938,948,5049,2489,3736,6929,24444,4994.8424163745
29173,8,14886,1346,0,4632,3019,140,137,1134,2592,1792,93,1346,13539,6659.7898884994
29181,4,20028,2679,1377,3860,2401,201,699,471,2926,5258,156,4056,15972,3964.1606479163
29199,8,22092,3822,887,5813,1730,350,939,1525,1890,4675,461,4709,17383,7690.4716569576
29207,7,26633,2226,581,4632,2042,1004,89,1503,5266,8749,542,2807,23827,6421.9402496244
29215,4,11697,1247,378,1899,1096,40,152,0,2037,4668,180,1625,10072,3488.4613701663
29223,7,9210,149,159,3979,551,0,571,294,979,1171,1358,308,8903,5470.5416941245
29231,7,10729,1494,301,3210,1060,1259,0,440,989,559,1418,1795,8935,6263.3738237078
29249,10,17129,3278,1480,5048,837,457,311,621,2565,521,2011,4758,12371,8404.0205735826
29256,5,10384,484,358,3006,594,0,740,159,2308,477,2258,842,9542,3805.5942219997
29264,4,7616,738,380,3232,569,497,119,99,1113,336,534,1118,6499,2695.6292405831
29272,6,16472,2613,378,3979,1213,1343,209,769,868,3719,1381,2991,13481,5629.1081200412
29280,8,10552,1695,269,4014,1134,463,0,233,1847,397,501,1964,8589,7294.0555921660
29298,5,9740,1633,417,3006,438,738,392,22,1384,471,1240,2050,7691,3805.5942219997
29306,8,7088,602,526,3232,704,101,431,202,1073,167,50,1128,5960,7214.7723792077
29314,6,8998,793,232,3071,871,722,837,252,1198,40,982,1025,7973,4836.2759904579
29322,6,8644,938,360,3979,536,1069,0,204,1148,210,200,1298,7346,4994.8424163745
29330,2,12368,65,301,5010,694,0,0,306,5351,642,0,366,12003,2061.3635369165
29348,5,32569,10765,864,4645,1418,192,802,842,1956,2666,8419,11629,20940,5232.6920552495
29355,4,24166,5323,748,4637,2632,768,1329,2040,1422,3343,1925,6071,18096,3884.8774349580
29363,1,3639,146,0,2896,162,0,0,0,200,0,235,146,3493,1109.9649814166
29371,2,5071,811,175,3106,360,100,149,0,150,219,0,986,4084,1982.0803239582
29389,3,10022,2481,323,3497,885,0,87,0,1097,250,1404,2804,7220,2933.4788794581
29397,1,9921,320,322,4480,661,61,802,2152,360,764,0,642,9280,872.1153425416
29405,2,19424,4146,1584,4384,1504,66,220,471,1568,1814,3667,5730,13694,1982.0803239582
29413,1,7132,535,0,2251,1114,43,577,625,230,91,1665,535,6596,1109.9649814166
29421,2,27442,7492,821,5696,2837,1395,5283,1634,881,683,721,8313,19130,1982.0803239582
29439,3,16805,2630,1245,4445,967,43,1561,1598,703,1045,2567,3875,12929,2933.4788794581
29447,5,48780,8020,1188,6234,3512,90,1953,3216,3329,17059,4178,9208,39571,4756.9927774996
29454,2,17604,1265,135,6299,1609,2691,0,1401,2598,1433,172,1400,16203,1982.0803239582
29462,1,32416,1563,1052,4219,3354,366,0,8262,573,1648,11379,2615,29801,1109.9649814166
29470,3,16267,4669,57,4217,1593,0,0,992,920,3432,388,4726,11542,2616.3460276248
29488,1,3996,2252,46,1449,178,0,0,0,0,70,0,2298,1697,1109.9649814166
29496,5,28082,1135,156,6791,1079,1626,1177,448,4148,8068,3454,1291,26791,4043.4438608746
29504,2,14745,3314,681,3294,1685,1691,0,166,87,2312,1515,3995,10750,2061.3635369165
29512,1,14168,512,0,4244,350,469,0,204,418,1299,6673,512,13657,872.1153425416
29520,2,36725,6281,1060,4908,1707,469,500,470,2924,15603,2804,7341,29385,1982.0803239582
29538,2,13335,1454,350,4558,2007,1744,0,427,1658,1137,0,1804,11531,1982.0803239582
29546,2,14248,2116,882,4586,1305,133,275,1473,3012,417,50,2998,11251,1982.0803239582
29553,3,21459,2397,726,5813,1844,0,0,218,3886,4315,2260,3123,18336,2616.3460276248
29561,3,13495,1913,209,1493,796,50,849,1489,503,1664,4530,2122,11374,3092.0453053747
29579,2,8700,1410,1219,2512,679,448,0,627,1041,474,290,2629,6071,1982.0803239582
29587,5,5558,1838,281,995,935,0,0,917,0,593,0,2119,3440,4994.8424163745
29595,2,16966,1778,1022,4648,1623,56,1337,1526,4258,483,235,2800,14166,1982.0803239582
29603,1,7946,795,916,5250,1,234,0,111,219,290,130,1711,6235,872.1153425416
29611,1,3902,116,170,3278,1,197,0,34,21,3,82,286,3616,872.1153425416
29629,2,8999,248,355,5425,1847,305,120,222,0,278,199,603,8396,1982.0803239582
29637,2,12708,759,909,4145,1233,47,430,2137,2964,84,0,1668,11040,1982.0803239582
29645,2,20446,8620,2071,3459,1782,731,200,1402,1599,357,225,10691,9755,1982.0803239582
29652,2,12900,1004,225,4145,1532,836,1842,1105,342,459,1411,1229,11672,2061.3635369165
29660,7,13194,2989,902,4145,925,277,782,141,1725,110,1197,3891,9302,5629.1081200411
29678,2,14950,1631,792,3974,1342,218,299,2187,1450,3058,0,2423,12528,1982.0803239582
29686,3,20321,4358,575,8397,2478,0,0,1087,1076,2006,344,4933,15388,3171.3285183330
29694,1,16175,3160,77,7139,2139,110,934,159,779,1418,260,3237,12938,872.1153425416
29702,4,18557,3019,1057,4328,998,253,1025,5882,589,1346,60,4076,14481,4360.5767127079
29710,1,16026,1173,253,5530,1706,741,478,2128,1063,2576,377,1426,14599,872.1153425416
29728,1,7792,896,187,5298,621,0,0,622,0,91,78,1083,6710,872.1153425416
29736,4,16095,1575,376,5340,1147,1075,388,1409,850,3654,280,1951,14143,4122.7270738330
29744,5,17315,1902,238,5922,4682,150,265,1341,1404,788,624,2140,15176,4281.2934997496
29751,2,6916,1232,283,1632,693,387,802,719,167,1001,0,1515,5401,1982.0803239582
29769,3,10590,673,727,1943,1564,39,0,1029,1798,2236,581,1400,9190,2695.6292405831
29777,2,40270,3184,1496,11046,3471,784,268,2425,3228,13322,1046,4680,35590,1982.0803239582
29785,5,34021,3053,573,6073,3371,4397,1144,651,9525,5177,56,3626,30394,4756.9927774996
29793,4,21836,854,697,5948,3354,0,972,654,3750,5461,146,1551,20285,3884.8774349580
29801,5,35267,4378,760,6135,4883,2245,2180,366,6925,5080,2315,5138,30129,5470.5416941245
29819,3,12104,999,889,2843,2753,896,119,498,1299,1337,470,1888,10215,2933.4788794581
29827,4,11843,896,355,2714,1593,253,915,384,849,3636,246,1251,10590,4122.7270738330
29835,2,29948,11725,608,6057,3242,1123,896,3461,1082,1676,77,12333,17614,1982.0803239582
29843,5,24599,2241,887,6015,3958,263,1191,946,6162,2088,849,3128,21472,4122.7270738330
29850,4,11370,2380,1458,3302,1192,1332,301,186,0,628,593,3838,7534,3171.3285183330
29868,2,12738,2173,96,4317,1626,122,150,395,1963,1558,339,2269,10470,1744.2306850832
29876,5,17171,2058,0,5629,2878,0,0,931,4784,892,0,2058,15114,5074.1256293329
29884,3,15532,1106,398,5411,1684,0,131,167,96,6419,121,1504,14029,2616.3460276248
29892,3,12006,2814,76,4236,2155,229,0,680,79,1442,294,2890,9115,3171.3285183330
29900,2,12406,950,102,3657,946,531,283,91,0,4932,914,1052,11354,2140.6467498748
29918,2,6534,419,313,3302,474,0,0,1876,0,85,65,732,5802,1982.0803239582
29926,1,9769,1595,642,3206,1,866,378,321,602,919,1239,2237,7532,1189.2481943749
29934,2,6276,164,435,311,489,0,2985,127,435,1330,0,599,5677,2140.6467498748
29942,2,8645,3710,192,3302,705,0,100,0,0,637,0,3902,4744,1744.2306850832
29959,1,6575,1306,596,2896,630,0,0,197,323,628,0,1902,4674,872.1153425416
29967,2,8628,184,24,3651,743,193,365,167,385,2775,140,208,8419,2061.3635369165
29975,5,21657,1030,253,3651,2452,1499,80,226,5721,6247,500,1283,20376,5232.6920552495
29983,4,12740,1637,527,3711,1616,208,0,559,3055,1199,228,2164,10576,3329.8949442497
29991,5,12001,3153,327,4533,552,233,1393,376,305,1129,0,3480,8521,5311.9752682078
30007,1,7310,2678,0,2502,205,0,301,174,331,989,130,2678,4632,1189.2481943749
30015,3,17109,2523,0,9009,1176,0,0,121,1355,2924,0,2523,14585,3250.6117312914
30023,1,13329,435,0,7076,3096,67,0,1512,796,264,83,435,12894,1109.9649814166
30031,2,11973,0,0,3689,719,0,1121,249,1901,4294,0,0,11973,2140.6467498748
30049,5,18386,25,0,4353,1570,0,300,2262,6795,2499,582,25,18361,3884.8774349580
30056,3,9042,251,96,4294,1337,775,899,148,588,611,43,347,8695,2854.1956664997
30064,4,53946,5903,1208,6141,1028,1888,799,1290,5703,29690,296,7111,46835,4360.5767127079
30072,3,16397,1726,1061,4116,913,822,0,448,1069,6059,183,2787,13610,2774.9124535414
30080,5,22226,0,0,6425,2340,799,699,895,5215,5539,313,0,22225,4202.0102867913
30098,2,9832,1563,811,3332,1226,0,0,192,283,2425,0,2374,7458,2061.3635369165
30106,2,6861,455,221,3354,624,0,0,0,142,1947,118,676,6185,1982.0803239582
30114,2,11864,483,187,2980,6781,250,0,323,614,194,52,670,11194,1744.2306850832
30122,2,15958,856,281,3112,1103,812,502,248,4706,3173,1164,1137,14820,2140.6467498748
30130,1,16311,6144,2267,2512,740,809,131,535,1145,1761,267,8411,7900,872.1153425416
30148,2,11210,3013,178,1456,892,195,2038,100,1430,1572,336,3191,8019,2140.6467498748
30155,1,21979,2915,681,3238,844,1944,541,10110,520,605,580,3596,18382,872.1153425416
30163,1,5897,2139,811,863,131,907,0,136,115,794,0,2950,2946,872.1153425416
30171,1,23297,4035,805,6391,1614,156,0,411,1043,8375,468,4840,18458,1109.9649814166
30189,3,20015,455,0,5208,4224,1131,1595,948,4135,1603,715,455,19559,1982.0803239582
30197,3,41538,6165,2157,5208,2424,1066,0,1044,2929,18801,1746,8322,33218,2616.3460276248
30205,5,29082,6034,871,5457,2821,1526,396,1834,3859,1927,4356,6905,22176,5549.8249070828
30213,4,10692,78,0,2917,1774,0,229,143,2089,2698,765,78,10615,3488.4613701663
30221,5,39946,7239,2616,5208,2639,2849,1194,2855,2793,12454,100,9855,30092,4598.4263515829
30239,2,12788,1346,311,4416,1404,0,228,1244,600,3145,95,1657,11132,1982.0803239582
30247,6,27250,8441,1187,2752,1742,4296,290,1645,709,4880,1308,9628,17622,5866.9577589161
30254,8,12193,1924,532,2752,639,544,1493,1276,1344,1048,642,2456,9738,6025.5241848328
30262,4,11565,3606,26,2608,516,0,2321,151,0,605,1732,3632,7933,3250.6117312914
30270,11,20941,2561,1531,4608,1195,0,588,963,5890,1606,2000,4092,16850,10068.9680457074
30288,1,7631,1954,291,3485,1440,51,0,260,20,129,0,2245,5385,872.1153425416
30296,2,11923,1333,56,3582,547,20,0,0,0,4867,1518,1389,10534,2061.3635369165
30304,3,13740,890,195,4666,1533,0,100,200,180,5908,69,1085,12656,3171.3285183330
30312,3,34246,4399,1332,11919,1597,191,0,934,4795,8407,671,5731,28514,3171.3285183330
30320,3,27053,1006,521,6065,3124,366,662,1495,553,11344,1915,1527,25524,3250.6117312914
30338,2,18065,782,715,6014,3379,1235,2010,209,826,2763,133,1497,16569,1982.0803239582
30346,6,16150,4262,1506,1614,528,580,1383,241,768,3742,1524,5768,10380,6501.2234625827
30353,1,3500,393,118,2004,96,0,0,210,269,410,0,511,2989,872.1153425416
30361,6,22194,2416,324,2687,1735,185,3102,845,5333,4026,1540,2740,19453,4677.7095645412
30379,8,12647,1942,0,4993,332,500,1704,496,1707,972,0,1942,10704,6263.3738237078
30387,7,8184,1004,290,2687,761,130,495,181,1933,73,631,1294,6891,5787.6745459578
30395,4,17254,2162,613,2687,1021,1535,1495,1157,1449,2500,2636,2775,14480,3250.6117312914
30403,6,27486,4800,1161,3485,1559,4571,8611,510,931,947,911,5961,21525,5153.4088422912
30411,9,17507,1575,489,3796,990,461,4001,425,2216,3226,327,2064,15442,7769.7548699160
30429,5,10643,616,440,3374,745,153,1104,0,1607,2367,237,1056,9587,4281.2934997496
30437,3,9223,2656,985,3085,617,0,250,712,120,182,617,3641,5583,2854.1956664997
30445,4,15813,432,122,5661,1825,874,220,2395,1724,2259,301,554,15259,3884.8774349580
30452,5,14856,2688,1096,3485,1188,1249,26,544,3251,1133,196,3784,11072,4994.8424163745
30460,3,12471,3012,1078,2614,1055,244,2499,223,1028,542,178,4090,8383,2616.3460276248
30478,5,28058,2540,590,5093,4145,1082,290,610,5782,7439,487,3130,24928,5232.6920552495
30486,3,34383,4627,1954,4162,2372,1245,350,6050,2227,9388,2007,6581,27801,2933.4788794581
30494,1,4308,24,0,3225,327,0,0,296,301,135,0,24,4284,872.1153425416
30502,2,21599,2958,949,4062,1138,885,1901,878,869,7304,655,3907,17692,1982.0803239582
30510,4,18804,1940,0,3085,906,1673,2498,707,4097,2576,1323,1940,16865,3250.6117312914
30528,4,9760,2816,516,3295,1342,0,0,294,728,771,0,3332,6430,3964.1606479163
30536,4,25078,3225,1260,3383,859,0,1279,338,1257,12642,835,4485,20593,3409.1781572080
30544,1,8393,1153,65,2791,250,70,0,249,2520,1296,0,1218,7176,1189.2481943749
30551,7,17514,3181,1896,2289,1047,0,0,1260,170,6175,1497,5077,12438,7056.2059532910
30569,4,4935,247,390,2587,668,0,368,0,0,384,290,637,4297,3567.7445831247
30577,5,17505,4391,2261,3198,1122,212,433,133,3554,1229,972,6652,10853,4043.4438608746
30585,2,5214,460,44,3314,915,0,0,1,1,480,0,504,4711,1982.0803239582
30593,4,14347,4464,1273,3279,819,203,1163,598,1162,1286,100,5737,8610,3488.4613701663
30601,2,8585,780,226,4239,1404,30,0,335,256,1265,50,1006,7579,1982.0803239582
30619,2,17872,2988,472,3385,1963,342,300,1067,2699,4388,269,3460,14413,1982.0803239582
30627,3,12264,1871,645,3314,1014,67,0,168,450,2620,2115,2516,9748,2933.4788794581
30635,2,5844,834,239,2997,141,0,100,0,0,371,1161,1073,4770,1982.0803239582
30643,3,10080,775,0,1493,718,29,2016,164,2383,1950,551,775,9304,2695.6292405831
30650,6,17068,1890,2273,3431,743,195,500,248,3489,1823,2476,4163,12905,4598.4263515829
30668,3,11366,1288,303,3314,915,30,100,407,436,3764,809,1591,9775,3171.3285183330
30676,1,6827,896,834,2615,1080,506,0,610,0,199,87,1730,5097,872.1153425416
30684,1,3140,0,0,121,144,1271,0,79,1227,226,72,0,3140,1109.9649814166
30692,1,7137,1043,104,2615,579,39,2298,0,0,408,50,1147,5989,1109.9649814166
30700,2,9983,843,418,5116,727,187,376,397,200,1285,433,1261,8721,1982.0803239582
30718,4,9174,633,246,5116,1209,0,0,159,1398,234,180,879,8296,4439.8599256663
30726,4,19104,1629,451,6670,2435,77,0,2303,1762,928,2850,2080,17025,3171.3285183330
30734,6,14176,1801,836,5344,2203,100,228,188,935,2540,0,2637,11538,4756.9927774996
30742,5,17311,1936,859,6670,3028,951,103,705,905,2153,0,2795,14515,5311.9752682078
30759,9,13810,1108,590,6670,1624,252,169,288,1336,1772,0,1698,12111,8641.8702124575
30767,8,16816,205,849,6670,2694,1212,40,748,2304,1196,899,1054,15763,6501.2234625827
30775,4,12986,1666,975,3801,1462,50,821,117,717,2709,669,2641,10346,3250.6117312914
30783,4,18450,1553,972,6670,1800,83,80,449,770,5227,847,2525,15926,4122.7270738330
30791,2,13162,889,672,6670,1971,1503,0,0,577,752,129,1561,11602,1982.0803239582
30809,6,18105,3845,686,3383,5032,94,58,916,830,1118,2143,4531,13574,4756.9927774996
30817,4,19733,4027,1059,5570,2048,286,163,662,1698,3724,498,5086,14649,3726.3110090413
30825,6,17892,4283,997,5575,2553,69,0,565,1157,1497,1196,5280,12612,4756.9927774996
30833,5,20372,1748,552,5531,1647,1616,1244,1216,1037,5043,738,2300,18072,5074.1256293329
30841,2,41123,2175,1435,8082,2823,653,357,789,4438,9248,11123,3610,37513,1982.0803239582
30858,2,15673,3957,1340,3485,3002,1157,0,1359,549,690,133,5297,10375,1982.0803239582
30866,3,21082,2886,1157,7163,3665,601,0,3458,1098,461,593,4043,17039,3171.3285183330
30874,7,11085,779,825,5160,814,0,219,472,2396,321,100,1604,9482,6421.9402496244
30882,7,18263,2088,550,3849,1756,982,988,1002,2722,2136,2191,2638,15626,5391.2584811662
30890,5,15081,2631,305,3260,1155,0,0,87,4033,1643,1968,2936,12146,5391.2584811662
30908,2,9436,1972,524,4608,1260,0,0,1,0,1071,0,2496,6940,1982.0803239582
30916,5,20449,4254,1143,3260,1613,1253,1348,161,1372,6045,0,5397,15052,4519.1431386246
30924,1,5957,1427,0,3260,777,17,0,284,0,194,0,1427,4532,1109.9649814166
30932,4,33254,4042,1804,7241,1833,1016,2302,2233,2459,7627,2695,5846,27406,4202.0102867913
30940,7,30246,1904,841,4766,1294,0,0,673,2696,17807,266,2745,27502,5470.5416941245
30957,4,33502,2995,708,5775,3969,50,238,4417,3949,8849,2552,3703,29799,4122.7270738330
30965,5,45052,3268,1083,16682,3535,11713,0,790,3842,3917,223,4351,40702,5470.5416941245
30973,5,27239,2271,971,5659,1479,141,1692,2774,10169,836,1248,3242,23998,4598.4263515829
30981,2,9901,291,83,149,3853,60,0,3292,451,1722,0,374,9527,1982.0803239582
30999,3,8239,1769,482,3184,784,402,52,1466,0,101,0,2251,5989,2616.3460276248
31005,4,23803,1298,961,3155,2418,30,0,499,381,14808,254,2259,21545,3884.8774349580
31013,2,14051,1060,0,3298,2301,0,0,1295,60,5871,167,1060,12992,1982.0803239582
31021,4,10126,1695,259,3943,1867,0,0,323,510,1467,63,1954,8173,3805.5942219997
31039,2,17163,2671,970,3298,2394,3897,1124,1782,656,73,298,3641,13522,1982.0803239582
31047,5,12225,1341,2683,3943,1221,0,0,686,1065,651,636,4024,8202,4519.1431386246
31054,4,21795,1638,274,4040,3157,2945,0,1455,1764,6319,205,1912,19885,4122.7270738330
31062,3,33498,2130,423,3676,2227,526,2597,2108,5767,11018,3024,2553,30943,3171.3285183330
31070,4,33173,5354,744,3356,1671,547,0,1404,3124,16308,665,6098,27075,3805.5942219997
31088,1,7431,0,0,3430,1651,0,0,1839,421,90,0,0,7431,872.1153425416
31096,2,17184,3283,894,4298,2198,1335,448,998,120,3580,30,4177,13007,1982.0803239582
31104,1,18764,1481,406,5976,4659,506,1950,1807,650,580,749,1887,16877,872.1153425416
31112,2,18562,2307,794,3639,1925,1050,0,433,1631,6351,432,3101,15461,1982.0803239582
31120,4,21235,1637,492,6161,2226,3430,0,2991,737,3062,499,2129,19106,3884.8774349580
31138,1,13058,1303,588,4298,2090,295,0,696,954,2774,60,1891,11167,872.1153425416
31146,1,15124,1513,796,3522,2478,38,0,5014,344,1370,50,2309,12816,872.1153425416
31153,3,10504,1879,1070,3315,632,71,485,1917,668,467,0,2949,7555,2933.4788794581
31161,2,3872,698,235,1002,565,86,19,196,409,619,43,933,2939,2061.3635369165
31179,4,6103,2328,253,136,757,361,678,172,522,255,641,2581,3522,3726.3110090413
31187,2,11826,1505,530,5461,1307,0,318,207,1346,1043,108,2035,9790,1982.0803239582
31195,3,6323,805,0,3507,658,0,0,269,250,717,118,805,5519,2854.1956664997
31203,2,9466,754,1328,3227,963,467,1285,292,180,970,0,2082,7384,1982.0803239582
31211,4,10648,1523,218,2505,622,143,498,483,2668,1988,0,1741,8907,3171.3285183330
31229,4,18033,1322,1470,5675,950,150,220,1221,1455,5270,300,2792,15241,3171.3285183330
31237,2,10951,1033,205,5881,1428,112,43,140,762,1346,0,1238,9712,1982.0803239582
31245,2,6847,806,288,3230,335,0,300,163,330,1395,0,1094,5753,2061.3635369165
31252,5,14796,1452,959,3777,1221,266,0,1572,2794,2385,372,2411,12387,3884.8774349580
31260,3,6448,156,130,3230,602,0,0,0,180,742,1410,286,6164,3171.3285183330
31278,3,24393,3483,364,5839,1226,101,195,3153,1553,8248,232,3847,20547,3171.3285183330
31286,5,22769,2608,1008,4432,1409,982,390,332,6081,5428,99,3616,19153,4439.8599256663
31294,3,14775,934,1048,4386,1502,498,1028,1354,2528,1412,85,1982,12793,2774.9124535414
31302,4,7205,863,167,3980,964,0,0,0,280,885,65,1030,6174,4202.0102867913
31310,4,15424,3410,1048,4975,1101,40,400,563,1267,2621,0,4458,10967,4281.2934997496
31328,3,34755,4076,504,5822,2515,2628,3394,1063,3080,10657,1017,4580,30176,3171.3285183330
31336,4,28449,5073,1096,4499,1258,1606,0,530,1304,12152,931,6169,22280,3964.1606479163
31344,2,13051,1154,424,4008,1104,594,0,4024,46,1534,164,1578,11474,2061.3635369165
31351,2,13617,681,232,4257,946,148,539,1558,2136,3039,80,913,12703,1744.2306850832
31369,1,11532,2308,159,3106,919,63,1014,201,408,1142,2212,2467,9065,872.1153425416
31377,2,18283,2159,589,5020,2107,2975,279,22,778,2554,1801,2748,15536,2140.6467498748
31385,3,6806,762,174,3604,756,0,773,296,241,201,0,936,5871,3171.3285183330
31393,4,2394,0,0,0,403,0,0,0,361,47,1583,0,2394,4202.0102867913
31401,1,9134,861,0,2102,407,54,0,1631,858,3221,0,861,8273,872.1153425416
31419,1,8488,1331,79,3591,412,0,90,90,1829,1065,0,1410,7077,1189.2481943749
31427,4,13927,3375,430,4154,1685,50,0,0,482,360,3391,3805,10122,4043.4438608746
31435,3,12912,542,264,5537,366,252,0,3938,580,982,452,806,12107,3092.0453053747
31443,2,5992,1367,248,3230,160,17,0,209,84,155,522,1615,4377,1982.0803239582
31450,3,30092,1349,718,5455,654,864,300,1245,1402,16949,1157,2067,28026,2933.4788794581
31468,2,6076,1725,378,2008,609,324,0,222,0,359,452,2103,3974,2061.3635369165
31476,1,8294,1387,394,5387,478,0,0,219,237,192,0,1781,6513,872.1153425416
31484,2,8486,916,544,5387,576,0,0,421,0,424,217,1460,7025,1982.0803239582
31492,2,10803,1191,152,7166,1164,0,0,663,225,242,0,1343,9460,1982.0803239582
31500,5,8312,292,242,5387,580,402,0,271,219,695,224,534,7778,4043.4438608746
31518,4,6047,835,109,1614,789,0,0,167,802,927,803,944,5102,3250.6117312914
31526,9,17201,2397,1113,5116,1527,217,131,3405,401,2827,68,3510,13692,9355.4191290825
31534,4,20200,3337,730,3314,1145,2462,912,259,4160,1955,1927,4067,16134,3647.0277960830
31542,5,17260,4020,1545,3314,1340,2017,1727,612,1195,1262,228,5565,11695,4915.5592034162
31559,2,7636,2532,422,2615,1403,0,0,100,45,519,0,2954,4682,1982.0803239582
31567,4,11360,138,0,2716,1209,629,436,213,351,4795,873,138,11222,3964.1606479163
31575,1,4570,361,378,2746,369,54,0,177,334,152,0,739,3832,872.1153425416
31583,1,5633,1499,115,2615,572,0,0,117,479,236,0,1614,4019,872.1153425416
31591,1,9288,1889,393,2699,1097,835,1104,80,0,864,328,2282,7007,1189.2481943749
31609,2,8233,1127,76,4975,658,0,0,1006,75,145,171,1203,7030,1982.0803239582
31617,1,22685,2257,0,4584,7329,399,0,5415,755,209,1736,2257,20427,872.1153425416
31625,1,12628,1543,316,1001,426,0,0,637,1500,4909,2296,1859,10769,1189.2481943749
31633,2,10467,2392,99,3407,679,446,333,423,1945,291,451,2491,7975,1982.0803239582
31641,4,22185,4950,1428,7136,2236,0,0,4384,0,312,1739,6378,15807,4043.4438608746
31658,7,11933,1785,1280,7017,488,0,0,1152,100,112,0,3065,8869,6818.3563144160
31666,2,6011,390,0,3456,470,58,119,384,162,208,764,390,5621,1744.2306850832
31674,1,5459,261,0,3566,534,0,0,204,462,432,0,261,5198,872.1153425416
31682,2,20586,4713,754,3980,774,0,0,1511,4544,2353,1958,5467,15120,2061.3635369165
31690,4,24735,4796,1151,4201,3712,2055,500,391,4140,2323,1468,5947,18790,3171.3285183330
31708,5,13923,1659,163,4577,1304,1224,368,96,2171,1126,1235,1822,12101,3884.8774349580
31716,3,14258,2162,1062,5668,2528,138,0,894,282,724,799,3224,11033,2933.4788794581
31724,5,11839,1119,732,5726,1903,90,0,272,741,823,434,1851,9989,4439.8599256663
31732,6,25975,7879,1307,5828,2723,411,952,2640,1669,1059,1507,9186,16789,5549.8249070828
31740,4,12321,1347,217,4396,1215,490,0,315,3501,301,540,1564,10758,3409.1781572080
31757,6,14831,2071,171,4201,455,59,0,397,1240,6023,214,2242,12589,4756.9927774996
31765,2,13700,3235,1049,4201,880,734,0,2751,471,379,0,4284,9416,1982.0803239582
31773,3,10074,1458,129,4296,786,99,0,658,200,2449,0,1587,8488,3171.3285183330
31781,3,9860,901,94,3472,767,0,1939,138,52,2497,0,995,8865,3012.7620924164
31799,2,11653,763,571,5461,828,149,0,910,356,2179,436,1334,10319,1823.5138980415
31807,2,43197,6790,1792,5461,1803,84,0,5265,701,16615,4685,8582,34614,1982.0803239582
31815,4,10421,1022,0,5473,1401,225,504,562,274,616,343,1022,9398,3092.0453053747
31823,4,9888,2141,289,4136,1240,72,65,262,442,1089,152,2430,7458,4122.7270738330
31831,1,14650,3124,2053,3404,803,140,0,186,280,4175,486,5177,9474,872.1153425416
31849,3,12694,2717,1167,4136,1045,230,688,1222,597,593,300,3884,8811,2933.4788794581
31856,2,9068,2156,1184,3383,803,179,448,839,1,2,74,3340,5729,1982.0803239582
31864,4,29444,2689,649,6500,3264,2175,699,9324,3079,1065,0,3338,26106,4122.7270738330
31872,4,21409,2022,1109,6554,1624,168,0,806,4633,4408,84,3131,18277,4281.2934997496
31880,2,19924,1516,388,3908,610,189,522,624,745,9931,1491,1904,18020,2061.3635369165
31898,3,9075,145,143,3980,756,0,969,455,670,1525,432,288,8787,3012.7620924164
31906,1,11047,435,0,3161,1475,100,0,383,837,4657,0,435,10613,872.1153425416
31914,7,16894,3676,664,3240,2569,252,769,839,2729,959,1197,4340,12554,7056.2059532910
31922,2,4737,186,0,2189,575,290,0,194,686,190,427,186,4551,2140.6467498748
31930,2,6275,216,0,2511,1990,0,250,692,0,616,0,216,6059,1982.0803239582
31948,3,17296,1344,616,4120,1079,100,182,621,334,8894,5,1960,15335,3171.3285183330
31955,3,27447,6464,3054,5208,2883,903,514,1923,4301,1482,715,9518,17929,2695.6292405831
31963,4,21424,3834,891,5268,3664,160,481,509,2113,4383,120,4725,16698,4043.4438608746
31971,2,16263,3175,970,1736,1734,2217,726,484,1930,1512,1779,4145,12118,1982.0803239582
31989,5,25584,2297,1073,3839,2090,392,1045,1123,6500,6596,629,3370,22214,4202.0102867913
31997,2,17178,1692,992,2538,2412,0,0,3691,601,3048,2204,2684,14494,1982.0803239582
32003,5,18518,2612,665,3284,1422,531,0,403,784,8282,535,3277,15241,5391.2584811662
32011,6,20423,1428,369,4228,2267,992,540,401,6239,1138,2821,1797,18626,4756.9927774996
32029,4,14547,1347,758,4284,1225,454,0,422,300,5757,0,2105,12442,4360.5767127079
32037,3,7099,533,355,3456,720,231,641,387,298,252,226,888,6211,2695.6292405831
32045,2,10347,628,1377,2276,819,23,500,912,1712,2035,64,2005,8341,1982.0803239582
32052,3,7884,130,0,2347,795,0,220,224,731,1881,1557,130,7755,2537.0628146664
32060,2,33802,2198,997,5387,1435,215,280,1277,2880,18729,404,3195,30607,1982.0803239582
32078,5,23070,4533,1627,5325,2823,0,360,654,3838,1426,2486,6160,16912,4756.9927774996
32086,2,11477,891,567,3307,983,0,0,915,1120,2092,1601,1458,10018,1982.0803239582
32094,1,4614,261,0,2490,451,0,0,117,871,425,0,261,4354,1189.2481943749
32102,3,23022,3863,3187,3240,1707,469,4179,682,1910,2559,1227,7050,15973,3171.3285183330
32110,2,6338,1194,266,2623,601,97,120,267,53,982,136,1460,4879,1982.0803239582
32128,1,6543,1399,710,2623,576,482,0,313,0,339,100,2109,4433,872.1153425416
32136,4,8913,1392,174,2623,657,100,1102,16,519,1279,1050,1566,7346,3964.1606479163
32144,1,5463,676,763,2504,778,147,100,218,0,278,0,1439,4025,872.1153425416
32151,9,37033,12530,2550,2623,1783,2324,4399,2228,1462,4964,2170,15080,21953,8800.4366383742
32169,2,7880,1556,471,2840,808,1962,0,242,0,1,0,2027,5853,1744.2306850832
32177,2,9762,1667,205,2623,1403,0,541,96,0,3140,87,1872,7890,2061.3635369165
32185,6,16509,1896,850,3588,2142,829,1754,213,982,4125,131,2746,13764,5074.1256293329
32193,3,20783,2385,495,5889,1607,230,196,1056,1900,5250,1776,2880,17904,2616.3460276248
32201,1,13866,2700,476,5765,1402,50,119,2338,281,583,152,3176,10690,872.1153425416
32219,3,8691,1454,21,3236,683,0,0,194,571,1456,1076,1475,7216,3567.7445831247
32227,4,11705,1896,0,2685,690,45,501,571,2366,2847,104,1896,9809,3250.6117312914
32235,4,21492,2234,451,3085,1039,1266,286,934,4909,3545,3742,2685,18806,4043.4438608746
32243,3,17716,1873,231,4336,1675,147,229,3327,1021,4454,422,2104,15611,2616.3460276248
32250,2,7141,1884,459,2662,670,73,0,510,458,232,192,2343,4797,1982.0803239582
32268,4,21406,2748,541,2744,915,601,999,3215,4214,4996,433,3289,18117,3805.5942219997
32276,2,18120,3027,336,2662,879,632,1690,1294,2684,1729,3187,3363,14757,1744.2306850832
32284,1,5274,544,44,3483,428,0,0,257,220,200,100,588,4688,872.1153425416
32292,3,10680,1576,454,3356,646,33,539,1250,514,2211,101,2030,8650,2695.6292405831
32300,2,14448,1793,667,3284,1168,568,0,44,0,6923,0,2460,11987,2061.3635369165
32318,4,10453,2975,715,2512,624,33,0,0,1188,2406,0,3690,6763,4360.5767127079
32326,8,12531,2458,374,3240,790,517,589,561,1186,2287,528,2832,9698,7769.7548699160
32334,3,27601,2973,542,3227,1624,47,53,3989,2882,10559,1705,3515,24086,3171.3285183330
32342,3,5728,705,453,3079,628,0,0,549,180,134,0,1158,4570,3171.3285183330
32359,2,24948,3629,1111,3522,1065,407,1937,1428,1361,9836,653,4740,20209,1982.0803239582
32367,4,11313,214,13,3156,806,295,0,8,5310,510,1001,227,11086,3250.6117312914
32375,4,24189,3961,882,4286,1659,542,1415,2506,3469,5403,65,4843,19345,4043.4438608746
32383,2,12607,1487,730,3808,873,167,0,635,818,3505,586,2217,10392,1902.7971109998
32391,5,11687,2974,418,3176,1421,87,50,497,1110,884,1071,3392,8296,5629.1081200411
32409,1,5164,1013,0,3230,1,54,500,3,239,36,88,1013,4151,951.3985554999
32417,1,4335,954,23,3230,1,0,0,9,33,41,43,977,3357,951.3985554999
32425,1,3909,310,0,3230,2,64,0,2,87,214,0,310,3599,951.3985554999
32433,5,22401,2336,1015,4835,2532,434,400,1960,3505,4842,542,3351,19050,4122.7270738330
32441,1,18376,1944,878,6040,1236,55,639,751,915,5743,175,2822,15554,872.1153425416
32458,2,35727,5417,739,5204,5093,2530,865,1473,5049,8059,1297,6156,29570,1982.0803239582
32466,2,21081,2991,798,4367,1349,99,0,3085,1873,6390,130,3789,17293,1982.0803239582
32474,4,36647,8800,2657,4056,4962,1677,0,897,534,9124,3940,11457,25190,4122.7270738330
32482,5,15873,4222,1054,2720,983,271,2756,812,966,1603,488,5276,10599,4915.5592034162
32490,2,12461,930,713,2720,882,100,1784,637,1997,1985,713,1643,10818,2061.3635369165
32508,2,27073,2517,657,3749,2263,7392,1806,2525,2340,3774,50,3174,23899,1982.0803239582
32516,3,20297,2943,735,5467,4023,2267,500,491,877,2599,395,3678,16619,3171.3285183330
32524,1,7829,1233,246,4216,845,0,200,552,278,184,76,1479,6351,872.1153425416
32532,3,13296,277,57,7017,4811,0,0,766,140,229,0,334,12963,2854.1956664997
32540,3,13647,891,451,4409,1265,0,1960,236,1802,1824,809,1342,12305,2616.3460276248
32557,2,11492,1747,581,2527,1899,0,0,2769,180,1789,0,2328,9164,1982.0803239582
32565,2,17993,2657,112,2289,675,50,1329,617,124,9936,205,2769,15225,2140.6467498748
32573,2,19053,4356,251,4188,2117,0,667,4415,197,2814,48,4607,14446,1982.0803239582
32581,7,26199,7331,73,8949,5426,0,219,329,1587,2286,0,7404,18796,7294.0555921660
32599,5,15567,4456,1436,2036,1135,489,0,107,1387,1473,3048,5892,9675,4202.0102867913
32607,6,24564,2948,566,2541,1141,1764,2094,250,952,12063,247,3514,21052,6580.5066755411
32615,4,14663,2377,1128,3176,1406,932,1192,212,2718,1010,511,3505,11157,3488.4613701663
32623,4,25998,7085,1135,1454,2076,22,754,6469,741,5451,810,8220,17777,4122.7270738330
32631,2,5970,130,0,4296,685,0,0,502,170,187,0,130,5840,1982.0803239582
32649,2,12349,1354,650,1914,1494,650,0,758,2283,969,2277,2004,10345,1982.0803239582
32656,2,20840,1565,707,3736,1063,1294,0,1137,1742,8740,856,2272,18568,1982.0803239582
32664,2,11573,1923,594,4461,2349,0,0,241,705,1091,209,2517,9056,1982.0803239582
32672,3,30299,2980,1173,4401,2167,1525,127,5420,829,11594,82,4153,26145,2933.4788794581
32680,5,23251,1063,44,4279,2519,466,270,254,1619,12737,0,1107,22144,3964.1606479163
32698,2,6986,142,31,3049,1298,134,0,833,342,954,203,173,6813,1982.0803239582
32706,3,22595,5118,856,3874,2022,0,0,56,2566,3821,4283,5974,16622,3250.6117312914
32714,5,19137,2272,2437,3915,2294,2213,0,1712,1102,2415,778,4709,14429,3884.8774349580
32722,4,17279,3753,234,3033,1023,2616,0,351,2982,3288,0,3987,13293,3805.5942219997
32730,1,8709,957,338,4293,764,26,251,348,500,1035,199,1295,7416,872.1153425416
32748,2,17920,2804,1179,5994,2324,0,0,1926,254,3026,413,3983,13937,1982.0803239582
32755,2,37012,5544,646,6183,2608,0,2166,2181,1158,16193,333,6190,30822,1982.0803239582
32763,2,13155,1388,364,5738,1554,457,0,1943,339,982,390,1752,11403,1982.0803239582
32771,4,24856,2748,509,8563,2554,1042,945,1288,2173,4117,916,3257,21598,3884.8774349580
32789,4,24125,2915,519,9313,3278,67,201,2132,3914,1635,152,3434,20692,4360.5767127079
32797,2,26873,4369,1457,6026,2484,1117,514,1123,2301,6689,792,5826,21046,1982.0803239582
32805,2,15229,564,447,4558,7446,0,149,1451,200,339,75,1011,14218,1744.2306850832
32813,2,8743,1498,392,4260,1253,8,0,247,370,635,80,1890,6853,1982.0803239582
32821,4,22834,1963,1643,6022,1111,1846,80,2030,513,7318,309,3606,19229,4360.5767127079
32839,2,10909,1054,546,4080,4522,34,0,419,154,100,0,1600,9309,1744.2306850832
32847,2,40605,2396,258,8388,1430,0,2897,595,2584,22036,22,2654,37952,2061.3635369165
32854,4,38173,2387,0,8187,1653,4505,0,2556,11300,7162,423,2387,35786,3884.8774349580
32862,4,37056,4014,1164,7145,2411,176,1967,2832,5640,10627,1080,5178,31878,4122.7270738330
32870,3,16331,2351,835,2527,1561,65,928,261,1257,3620,2927,3186,13146,3250.6117312914
32888,1,8973,232,332,3586,582,110,0,667,297,2950,218,564,8410,872.1153425416
32896,4,12297,658,334,3106,1642,0,0,158,3812,1619,969,992,11306,3250.6117312914
32904,1,6761,1065,90,2375,371,22,0,132,1470,493,742,1155,5605,1189.2481943749
32912,2,21980,1616,0,2719,822,1870,1686,996,1112,10962,197,1616,20364,1982.0803239582
32920,2,16830,377,339,7507,1205,0,0,2456,793,3453,699,716,16113,1982.0803239582
32938,2,52757,2460,526,4638,3177,8214,1087,5551,1460,23586,2057,2986,49770,2061.3635369165
32946,3,15759,2896,1505,4084,1217,484,455,559,2315,1657,588,4401,11359,3171.3285183330
32953,5,21358,2273,387,3927,2106,1228,0,997,9033,1240,167,2660,18698,4202.0102867913
32961,4,13146,2399,420,3515,1553,528,100,1127,468,2961,76,2819,10328,4519.1431386246
32979,2,16287,1779,280,5151,2016,120,340,1312,874,4274,141,2059,14228,1982.0803239582
32987,2,31755,1791,987,7895,3499,177,2496,3610,4094,4744,2463,2778,28978,1982.0803239582
32995,5,7082,1818,93,1705,889,793,174,315,678,410,206,1911,5170,4281.2934997496
33001,2,9000,1257,259,2438,764,257,200,0,0,3825,0,1516,7484,2378.4963887498
33019,4,6382,742,211,2166,681,60,0,324,1419,563,216,953,5429,3805.5942219997
33027,4,14299,1461,417,3980,719,0,999,4521,332,949,922,1878,12422,3329.8949442497
33035,3,10439,2385,329,647,393,1288,1469,0,315,2921,693,2714,7726,2616.3460276248
33043,1,6263,768,241,1891,726,0,796,747,0,616,479,1009,5255,1189.2481943749
33050,1,5458,503,239,2166,430,0,398,1558,0,120,44,742,4716,1109.9649814166
33068,1,6993,1692,105,1791,795,0,0,116,60,2435,0,1797,5197,1109.9649814166
33076,3,10263,2531,121,2762,861,0,280,338,1339,2031,0,2652,7611,3171.3285183330
33084,2,5559,1298,113,2166,233,0,799,539,204,206,0,1411,4147,1982.0803239582
33092,5,14673,912,220,2662,707,2490,0,212,1672,5799,0,1132,13542,4439.8599256663
33100,5,11902,1692,190,3714,1325,1334,114,710,607,1567,649,1882,10020,4360.5767127079
33118,1,13486,344,216,3714,1079,0,2697,63,110,3596,1666,560,12925,872.1153425416
33126,5,15817,4313,1179,2218,2177,174,0,0,0,4473,1283,5492,10325,5470.5416941245
33134,2,6609,865,1189,2565,1194,0,65,408,0,322,0,2054,4554,1744.2306850832
33142,3,6200,1320,500,2218,818,0,201,535,0,607,0,1820,4379,2933.4788794581
33159,3,5626,826,570,2218,603,0,0,217,0,992,200,1396,4230,2854.1956664997
33167,2,11004,2736,957,2218,1616,35,870,2137,0,436,0,3693,7312,1982.0803239582
33175,2,9925,2753,1103,3880,1407,0,351,128,0,301,0,3856,6067,1982.0803239582
33183,4,10694,2588,303,2218,735,962,508,0,2838,542,0,2891,7803,3964.1606479163
33191,4,11281,1163,0,3880,1479,217,1205,1324,748,1264,0,1163,10117,3647.0277960830
33209,5,18689,2997,805,3880,1434,654,2259,593,1453,4505,109,3802,14887,3964.1606479163
33217,3,10224,3734,57,2218,1347,0,0,0,0,1742,1126,3791,6433,3012.7620924164
33225,4,19198,1501,117,2565,1908,1778,2607,123,602,6995,1001,1618,17579,3250.6117312914
33233,5,16781,2176,631,5295,1177,785,862,671,1656,3446,82,2807,13974,4677.7095645412
33241,2,10320,3968,476,2176,495,70,0,2816,0,152,167,4444,5876,1982.0803239582
33258,2,13959,1942,237,2176,973,86,512,439,426,6789,380,2179,11781,1982.0803239582
33266,5,47286,13200,1976,4269,5457,433,1199,557,872,13237,6086,15176,32110,5391.2584811662
33274,1,17529,943,395,2615,1576,1293,330,0,552,9826,0,1338,16192,1109.9649814166
33282,3,10201,1616,413,2864,1760,56,558,1,1318,1529,86,2029,8172,2933.4788794581
33290,2,20988,0,162,7017,8275,0,217,262,968,4088,0,162,20827,1982.0803239582
33308,4,36370,10005,282,9127,6578,307,3266,498,4969,1337,0,10287,26082,4122.7270738330
33316,2,13457,3483,253,3240,1060,78,0,1604,1790,1278,671,3736,9721,1823.5138980415
33324,3,9150,396,435,2612,300,67,0,2622,0,2717,0,831,8318,3171.3285183330
33332,1,6801,1411,459,2704,440,0,0,598,393,796,0,1870,4931,1109.9649814166
33340,4,15250,2984,0,3320,1116,2953,599,549,1421,1933,375,2984,12266,4360.5767127079
33357,7,13128,1432,814,2036,1063,699,2037,266,911,3870,0,2246,10882,7135.4891662493
33365,5,8876,870,176,4219,1178,419,0,210,909,631,265,1046,7831,3884.8774349580
33373,5,11876,767,320,4219,1248,80,498,1152,2207,1058,328,1087,10790,4994.8424163745
33381,4,9152,1205,498,2239,1019,77,0,0,415,2571,1128,1703,7449,3884.8774349580
33399,6,19941,3070,746,3702,1346,100,470,841,5548,3791,327,3816,16125,6025.5241848328
33407,4,16169,2507,1392,2945,1772,43,0,523,3109,2741,1137,3899,12270,3964.1606479163
33415,4,15384,4027,1547,4062,1125,0,659,200,1852,1912,0,5574,9810,3964.1606479163
33423,1,2856,508,0,0,0,0,0,134,1996,218,0,508,2348,951.3985554999
33431,1,3391,1141,124,0,1,0,209,135,1033,292,457,1265,2127,951.3985554999
33449,5,26690,0,0,4632,2109,3770,3420,5058,4173,2995,534,0,26691,4915.5592034162
33456,5,37800,7578,690,5591,2101,876,5375,1915,6236,5919,1520,8268,29533,5074.1256293329
33464,3,26761,3351,1512,5945,2881,1106,0,1228,4610,5726,401,4863,21897,2616.3460276248
33472,3,14084,934,0,4180,2394,76,3204,216,1498,1095,488,934,13151,2695.6292405831
33480,5,60677,1398,156,7131,857,220,0,1294,15834,31101,2687,1554,59124,3964.1606479163
33498,2,8005,1473,599,3808,474,87,0,656,349,1,559,2072,5934,1982.0803239582
33506,7,11695,1004,446,3979,953,320,50,-41,2317,572,2096,1450,10246,6025.5241848328
33514,8,8184,1510,199,3979,514,182,0,154,1098,143,406,1709,6476,5866.9577589161
33522,4,17877,1408,423,4253,2171,493,491,891,5619,1908,221,1831,16047,3171.3285183330
33530,5,12269,5374,506,3183,702,173,0,309,1502,519,0,5880,6388,4677.7095645412
33548,7,18031,2178,216,3996,1169,501,3457,741,3299,2195,280,2394,15638,6897.6395273744
33555,7,10622,2399,134,4219,749,0,180,264,280,899,1497,2533,8088,5787.6745459578
33563,1,4462,778,70,2806,364,0,0,0,207,175,64,848,3616,872.1153425416
33571,2,3989,390,0,2803,544,0,0,0,188,65,0,390,3600,1982.0803239582
33589,2,5154,491,432,3183,580,0,0,127,290,50,0,923,4230,2061.3635369165
33597,2,12336,3135,821,4219,2077,80,0,74,419,1511,0,3956,8380,2299.2131757915
33605,2,26152,7741,610,5110,1944,334,398,2603,2562,2862,1988,8351,17801,2061.3635369165
33613,4,29408,4399,1070,5195,1317,1587,2381,3320,3139,2642,4358,5469,23939,3567.7445831247
33621,8,18140,522,0,8601,1362,624,0,773,3905,2173,180,522,17618,6976.9227403327
33639,5,23603,5281,468,5957,1667,457,109,1298,3373,4905,86,5749,17852,4439.8599256663
33647,4,19573,2736,707,3064,894,238,0,1133,3414,6681,707,3443,16131,3171.3285183330
33654,5,14788,801,408,5176,1825,0,681,4747,429,722,0,1209,13580,5549.8249070828
33662,2,14505,2403,903,5926,2748,160,0,1429,281,656,0,3306,11200,1982.0803239582
33670,3,15720,3366,399,3418,901,30,398,346,3655,1637,1570,3765,11955,2616.3460276248
33688,2,21235,1865,365,6098,1668,1485,1383,5094,1132,1600,544,2230,19004,1982.0803239582
33696,4,36015,2991,898,4790,3090,1412,1294,3271,11593,5793,883,3889,32126,3171.3285183330
33704,6,15153,1115,61,6018,850,1399,193,495,973,4007,41,1176,13976,5311.9752682078
33712,3,18996,727,0,3942,1942,982,0,349,2823,8051,179,727,18268,2616.3460276248
33720,5,13087,2232,1089,3834,1093,187,100,1347,645,2292,267,3321,9765,5153.4088422912
33738,4,38348,3031,488,5552,2786,265,240,791,1512,23582,100,3519,34828,4202.0102867913
33746,4,23508,4291,568,2455,1559,279,5867,631,1031,6214,614,4859,18650,3567.7445831247
33753,1,3699,1375,480,508,550,0,50,272,110,352,2,1855,1844,872.1153425416
33761,3,17684,4050,1032,1851,860,559,1868,525,1114,4858,969,5082,12604,2695.6292405831
33779,2,10568,2549,876,1294,712,17,0,2337,710,1771,301,3425,7142,1982.0803239582
33787,3,18715,1212,313,1851,904,2067,879,984,3482,5076,1945,1525,17188,3250.6117312914
33795,2,5783,1672,160,1851,519,0,0,257,0,1130,194,1832,3951,1982.0803239582
33803,3,18038,1068,607,5840,3722,1575,200,773,2542,1501,209,1675,16362,2933.4788794581
33811,5,22000,4407,418,5782,1780,231,0,1992,3454,3587,348,4825,17174,5232.6920552495
33829,4,12708,4870,289,2916,1183,794,140,580,702,1149,86,5159,7550,4202.0102867913
33837,1,9400,1177,389,3739,899,542,432,743,172,1127,181,1566,7835,1109.9649814166
33845,1,9152,873,131,3117,2007,0,0,1431,261,1333,0,1004,8149,1109.9649814166
33852,8,48059,12022,698,4518,1749,5004,2459,6442,6523,7366,1277,12720,35338,7690.4716569576
33860,1,13109,1920,436,5512,2091,413,0,267,681,1789,0,2356,10753,872.1153425416
33878,2,13227,596,437,5422,1136,2729,402,369,187,1841,109,1033,12195,1982.0803239582
33886,2,23034,7935,218,3739,3772,3261,0,586,555,2718,250,8153,14881,2061.3635369165
33894,5,11550,4242,670,999,418,1302,569,15,167,3169,0,4912,6639,4519.1431386246
33902,3,19838,2655,424,2720,1951,901,1998,6376,0,1906,908,3079,16760,3171.3285183330
33910,3,12228,4175,1275,2720,1664,0,679,102,0,1341,272,5450,6778,2854.1956664997
33928,6,7569,1799,523,2720,708,183,269,416,324,130,497,2322,5247,5708.3913329995
33936,7,11074,2262,1023,3725,969,317,200,0,400,2049,129,3285,7789,6739.0731014577
33944,5,12070,3312,1107,2720,1062,310,250,268,128,1872,1043,4419,7653,3805.5942219997
33951,2,18219,1561,1171,4186,1859,47,0,1905,588,6901,0,2732,15486,1982.0803239582
33969,1,5816,272,122,4913,473,0,0,0,0,35,0,394,5421,872.1153425416
33977,2,9659,1818,801,4145,995,108,955,623,0,175,40,2619,7041,1982.0803239582
33985,2,24818,324,0,4145,3058,102,0,15520,522,1107,40,324,24494,1744.2306850832
33993,4,14988,2088,771,4245,1068,472,0,2901,911,1620,913,2859,12130,3884.8774349580
34009,3,9488,1312,99,4913,919,0,515,648,210,859,14,1411,8078,3171.3285183330
34017,4,28349,4923,296,5035,2508,164,973,728,5611,6504,1607,5219,23130,3409.1781572080
34025,7,12484,998,38,3340,1385,767,501,317,1337,2303,1498,1036,11448,5470.5416941245
34033,2,7417,715,156,3161,557,376,0,651,915,886,0,871,6546,1744.2306850832
34041,2,8220,719,51,3933,612,0,0,2659,160,86,0,770,7450,1982.0803239582
34058,3,12434,2385,586,5013,1594,0,0,706,470,1092,586,2971,9461,2933.4788794581
34066,8,12093,3102,0,4018,652,866,310,646,2108,241,150,3102,8991,8007.6045087909
34074,3,11221,1218,182,4213,767,137,0,100,2597,1862,147,1400,9823,2616.3460276248
34082,6,11765,2384,778,3183,1228,69,0,635,1967,918,603,3162,8603,6104.8073977911
34090,3,33696,4542,1323,4219,2175,11208,178,1011,2102,6858,80,5865,27831,3012.7620924164
34108,2,15799,1532,667,5001,2490,52,0,985,815,3795,462,2199,13600,1982.0803239582
34116,2,7377,221,161,4558,905,0,0,1138,201,194,0,382,6996,1982.0803239582
34124,3,30328,3251,572,5962,1719,174,2479,5024,2584,4508,4054,3823,26504,3092.0453053747
34132,5,22546,2509,380,6516,1171,76,187,918,6651,1462,2677,2889,19658,4043.4438608746
34140,1,30718,1427,0,4666,1290,376,0,17357,170,5288,145,1427,29292,1109.9649814166
34157,4,23314,4314,2075,6149,2774,297,0,928,3038,3439,300,6389,16925,3567.7445831247
34165,4,18946,4244,1110,4369,1965,52,2942,1712,1223,1248,82,5354,13593,4202.0102867913
34173,5,9082,789,0,3203,1059,335,36,378,2437,697,148,789,8293,4122.7270738330
34181,6,17771,2560,1918,4219,1723,95,0,787,668,5005,796,4478,13293,4598.4263515829
34199,1,4057,137,82,3183,404,0,0,0,201,50,0,219,3838,872.1153425416
34207,7,7645,1540,663,3183,807,72,0,299,712,120,248,2203,5441,5153.4088422912
34215,5,22709,2343,684,4219,2088,47,0,5470,1535,4884,1439,3027,19682,4202.0102867913
34223,3,10192,816,142,4196,1462,0,0,683,2376,474,43,958,9234,2299.2131757915
34231,4,25330,870,0,5176,2006,502,0,282,3850,12427,217,870,24460,3409.1781572080
34249,5,7265,1519,647,3183,757,0,0,191,241,728,0,2166,5100,5470.5416941245
34256,7,22808,2591,774,5176,2681,0,2502,1205,2446,5384,47,3365,19441,6501.2234625827
34264,2,6638,1428,658,3183,510,0,0,368,0,348,143,2086,4552,1982.0803239582
34272,2,8968,1876,314,2597,1097,353,465,347,130,1143,646,2190,6778,2140.6467498748
34280,1,5363,1950,38,2298,152,26,0,0,0,900,0,1988,3376,1109.9649814166
34298,4,8009,1146,593,3497,827,65,0,97,553,1149,82,1739,6270,3805.5942219997
34306,4,9374,2136,475,3183,702,0,1603,590,0,420,265,2611,6763,4360.5767127079
34314,2,6582,851,29,3183,603,0,0,508,666,537,205,880,5702,1982.0803239582
34322,2,19039,3527,874,5348,2818,0,0,1581,3299,1351,243,4401,14640,1982.0803239582
34330,2,13542,1603,565,4219,1705,1247,2302,205,540,868,287,2168,11373,1823.5138980415
34348,11,16754,4317,1208,3225,2288,345,250,495,2549,1623,454,5525,11229,11178.9330271240
34355,5,12595,2455,1177,3304,1819,0,0,208,1881,1332,420,3632,8964,5629.1081200412
34363,4,10433,2935,515,3225,1188,0,801,418,251,1013,86,3450,6982,4122.7270738330
34371,1,4099,731,251,2502,300,0,0,129,100,85,0,982,3116,1109.9649814166
34389,1,8612,761,452,2578,307,524,439,221,1039,697,1594,1213,7399,872.1153425416
34397,3,6138,623,274,2498,943,288,174,232,433,674,0,897,5242,2378.4963887498
34405,2,6573,1464,320,2302,373,80,0,0,281,964,789,1784,4789,2219.9299628331
34413,3,10338,1227,750,3348,828,444,0,2534,231,636,340,1977,8361,3092.0453053747
34421,2,11989,1462,484,1998,156,89,791,141,529,3495,2843,1946,10042,2140.6467498748
34439,1,3423,1189,419,959,335,291,149,0,0,25,56,1608,1815,1109.9649814166
34447,3,18507,4167,0,5504,2153,669,899,389,99,4627,0,4167,14340,2933.4788794581
34454,2,24880,4659,2370,5681,1386,4678,1199,3349,789,429,340,7029,17851,1982.0803239582
34462,6,24678,3327,802,5528,3523,2216,500,1457,3758,3567,0,4129,20549,5153.4088422912
34470,5,11635,1200,546,3472,381,666,1147,518,2673,401,631,1746,9889,4281.2934997496
34488,4,24445,4306,575,5387,929,394,1998,2212,3378,5267,0,4881,19565,4122.7270738330
34496,6,10656,1912,596,4116,507,0,300,952,234,2040,0,2508,8149,5787.6745459578
34504,2,7949,490,692,5387,980,0,0,0,0,400,0,1182,6767,1982.0803239582
34512,2,6918,422,196,4217,844,0,0,294,0,945,0,618,6300,1982.0803239582
34520,3,20612,1673,316,4509,1510,448,1070,315,5841,1237,3692,1989,18622,2616.3460276248
34538,2,15800,1047,99,6700,1461,885,1622,109,403,2282,1193,1146,14655,2140.6467498748
34546,1,8055,984,172,3546,195,0,0,651,238,2119,151,1156,6900,1109.9649814166
34553,4,7364,880,246,3020,602,367,0,108,1302,494,345,1126,6238,3171.3285183330
34561,2,14848,1611,507,4409,1472,128,1842,255,2503,1635,486,2118,12730,1902.7971109998
34579,5,26258,7124,545,5738,3002,237,1468,705,2613,2240,2588,7669,18591,5074.1256293329
34587,4,6877,644,74,3456,1183,0,0,464,389,611,56,718,6159,4043.4438608746
34595,8,14345,1495,943,5668,1293,118,609,752,1245,1191,1029,2438,11905,7769.7548699160
34603,3,6818,0,138,4283,1007,0,0,100,200,1089,0,138,6679,2854.1956664997
34611,5,31637,3359,1199,5848,2297,236,1401,2988,2740,11331,238,4558,27079,5470.5416941245
34629,5,27866,4864,945,6099,1660,58,458,1194,3917,8504,168,5809,22058,4439.8599256663
34637,5,19725,794,220,6560,1173,260,148,1975,2671,5924,0,1014,18711,4915.5592034162
34645,5,19744,1705,1259,6026,1749,100,498,811,1636,4878,1083,2964,16781,4439.8599256663
34652,5,25445,2975,492,5876,2334,216,1683,1557,6685,2708,919,3467,21978,4836.2759904579
34660,2,24684,833,557,2745,792,158,0,372,14712,4289,225,1390,23293,1982.0803239582
34678,2,22719,1696,581,4352,1884,39,100,1973,714,11381,0,2277,20443,1982.0803239582
34686,3,18354,654,0,2251,845,222,0,148,9244,731,4260,654,17701,2695.6292405831
34694,2,3128,587,66,1705,305,0,0,65,0,260,139,653,2474,1823.5138980415
34702,4,14900,1193,357,3307,1774,65,0,294,877,6697,337,1550,13351,4122.7270738330
34710,5,17496,2527,720,3307,2091,0,168,426,758,7325,173,3247,14248,4677.7095645412
34728,3,20399,2640,437,6043,2816,106,299,1255,3551,2367,885,3077,17322,3250.6117312914
34736,2,9918,0,0,3307,1743,0,0,641,2004,2180,43,0,9918,1982.0803239582
34744,3,8906,0,1524,2705,919,601,474,433,418,1614,217,1524,7381,2695.6292405831
34751,2,13940,1919,418,2803,1252,2604,1518,315,546,2464,100,2337,11602,1982.0803239582
34769,2,5641,1238,157,2286,760,0,131,536,220,314,0,1395,4247,1982.0803239582
34777,5,16563,3863,1141,3307,1194,641,301,75,2537,2637,867,5004,11559,4360.5767127079
34785,3,11637,2995,1581,2662,2102,78,0,178,1,1767,273,4576,7061,2616.3460276248
34793,2,9739,563,112,2863,983,43,271,861,1978,2036,30,675,9065,1823.5138980415
34801,4,19167,4275,1050,2662,2415,113,0,1625,2616,3713,698,5325,13842,3884.8774349580
34819,2,17917,2648,2518,2886,2120,642,701,1921,1808,2256,418,5166,12752,1982.0803239582
34827,5,25099,9274,741,4201,2328,146,1373,1243,1582,3047,1164,10015,15084,5074.1256293329
34835,4,32756,4934,589,4201,1842,4223,3184,876,1468,9294,2145,5523,27233,3964.1606479163
34843,4,10431,1451,0,4256,1056,66,209,546,767,2079,0,1451,8979,3884.8774349580
34850,2,10991,3117,881,2756,341,379,1544,471,1017,406,80,3998,6994,1902.7971109998
34868,1,6178,899,823,257,394,0,0,2317,958,530,0,1722,4456,872.1153425416
34876,1,9747,70,521,2543,537,537,278,563,2401,2268,30,591,9157,1109.9649814166
34884,6,9456,1798,121,2405,999,110,1664,563,686,1110,0,1919,7537,5153.4088422912
34892,2,38435,1018,999,4108,2779,17,1686,3470,949,22214,1193,2017,36416,1982.0803239582
34900,2,18131,2798,422,2870,1310,1163,2415,997,1982,3779,395,3220,14911,1744.2306850832
34918,2,4225,131,457,1202,707,332,220,175,0,845,156,588,3637,1982.0803239582
34926,6,24404,3480,791,1960,2147,210,1924,175,6469,3107,4142,4271,20134,6580.5066755411
34934,2,21896,6618,900,5611,1343,366,0,1436,2909,1766,946,7518,14377,1982.0803239582
34942,3,12686,2689,1199,2204,800,193,564,521,2051,290,2173,3888,8796,2933.4788794581
34959,2,12917,1004,131,3056,925,70,341,235,914,5213,1028,1135,11782,1585.6642591665
34967,1,14824,3158,1244,3473,1982,1748,0,653,417,852,1297,4402,10422,872.1153425416
34975,3,19186,1152,366,5130,2276,1912,356,1256,3201,3437,100,1518,17668,3171.3285183330
34983,3,16329,856,9,3913,643,281,1082,954,2930,5303,359,865,15465,2616.3460276248
34991,2,13874,3537,1169,4818,1117,434,498,490,409,1069,334,4706,9169,1982.0803239582
35006,7,26853,3845,378,3175,565,119,0,0,1327,17404,40,4223,22630,6184.0906107494
35014,3,4826,1231,494,819,432,286,0,16,304,978,266,1725,3101,2933.4788794581
35022,2,21666,1683,256,2449,837,134,1153,506,908,13684,55,1939,19726,1982.0803239582
35030,5,16142,1077,280,1703,1495,200,701,333,3013,7274,65,1357,14784,3964.1606479163
35048,1,4916,609,212,1403,339,123,671,594,240,30,696,821,4096,872.1153425416
35055,2,6197,1757,208,2505,560,46,0,472,212,255,181,1965,4231,2140.6467498748
35063,2,7514,1533,515,2449,450,0,0,1742,260,565,0,2048,5466,1982.0803239582
35071,1,5700,391,1159,1547,559,109,150,1499,0,286,0,1550,4150,872.1153425416
35089,3,17877,2827,548,1692,1870,44,269,5565,2696,2044,324,3375,14504,2695.6292405831
35097,2,8586,0,0,1966,1161,33,0,132,3948,1346,0,0,8586,1982.0803239582
35105,2,21283,330,697,2517,409,4329,0,275,0,12726,0,1027,20256,1982.0803239582
35113,4,7238,1525,336,2517,837,261,0,143,116,1439,65,1861,5378,4519.1431386246
35121,2,11591,1778,283,1888,803,2331,1002,438,712,2059,296,2061,9529,1982.0803239582
35139,4,6354,2428,1151,1616,591,0,421,10,87,51,0,3579,2776,3567.7445831247
35147,2,12613,2227,270,1258,1945,67,0,282,4051,2514,0,2497,10117,1982.0803239582
35154,7,26425,3833,386,2581,2354,353,200,1301,8789,5747,881,4219,22206,7214.7723792077
35162,5,22605,0,107,1966,2111,4930,591,5668,2844,4234,153,107,22497,5311.9752682078
35170,3,2021,0,0,1692,189,0,0,22,0,118,0,0,2021,2616.3460276248
35188,5,10637,235,218,2517,980,3197,180,126,200,2831,153,453,10184,4756.9927774996
35196,4,8619,1947,684,2307,734,65,261,211,436,1390,584,2631,5988,3567.7445831247
35204,6,7337,977,152,1741,1865,0,0,237,1441,924,0,1129,6208,5470.5416941245
35212,6,67559,8859,552,3436,1787,18595,4279,2697,9739,14719,2895,9411,58147,6263.3738237078
35220,1,1636,637,306,259,124,40,0,33,145,92,0,943,693,872.1153425416
35238,8,11933,2410,911,1960,1386,288,2119,1880,0,913,65,3321,8611,7452.6220180826
35246,3,19366,3659,977,4666,1181,728,1301,3243,2951,514,148,4636,14732,3012.7620924164
35253,3,18283,2723,1298,3849,1549,186,796,693,1454,5736,0,4021,14263,2933.4788794581
35261,7,31569,2135,1030,4666,1953,947,916,728,1614,13828,3752,3165,28404,6580.5066755411
35279,2,10877,2729,549,2475,451,2028,0,394,427,1825,0,3278,7600,2140.6467498748
35287,5,15898,5019,270,3955,726,339,256,387,2122,1925,900,5289,10610,4439.8599256663
35295,3,9415,2114,123,3230,573,0,896,1658,0,713,108,2237,7178,3409.1781572080
35303,4,13646,1597,122,5588,339,3184,199,203,50,140,2224,1719,11927,3488.4613701663
35311,2,9176,356,527,3433,741,0,448,113,569,918,2071,883,8293,1823.5138980415
35329,5,21754,2474,0,8157,956,0,178,602,6424,1581,1381,2474,19279,4756.9927774996
35337,2,7437,1810,341,2985,509,0,0,1545,73,174,0,2151,5286,1982.0803239582
35345,1,4700,828,701,2388,165,0,152,0,99,323,44,1529,3171,872.1153425416
35352,2,11360,1019,0,4399,1615,62,0,315,1678,1714,557,1019,10340,2378.4963887498
35360,4,11492,2203,512,4283,749,0,0,117,2204,1407,17,2715,8777,3409.1781572080
35378,5,14972,4264,551,5668,1568,0,0,462,714,1013,731,4815,10156,4756.9927774996
35386,4,28764,6403,1384,5461,2643,400,1302,2070,7847,1254,0,7787,20977,3805.5942219997
35394,4,14004,5211,1645,1614,577,715,270,648,444,2379,501,6856,7148,4122.7270738330
35402,1,8059,1110,435,5387,659,0,0,117,250,101,0,1545,6514,1189.2481943749
35410,4,12843,1594,1160,4709,2371,534,100,321,499,1516,39,2754,10089,3805.5942219997
35428,1,8905,1592,224,5387,1057,69,0,71,260,82,164,1816,7090,1109.9649814166
35436,1,7540,0,0,5387,627,0,0,1337,189,0,0,0,7540,872.1153425416
35444,2,17863,4619,174,5611,665,56,368,147,1396,1791,3036,4793,13070,2140.6467498748
35451,1,12568,3335,0,7056,577,692,0,97,203,608,0,3335,9233,1189.2481943749
35469,1,11134,1168,47,4609,638,261,0,196,547,1336,2333,1215,9920,872.1153425416
35477,5,43656,8107,1303,9060,5655,100,372,1802,2637,9050,5570,9410,34246,5391.2584811662
35485,4,6971,1472,278,1802,681,23,174,39,0,1366,1137,1750,5222,3250.6117312914
35493,4,6936,903,109,1960,735,167,1487,291,254,1031,0,1012,5925,3964.1606479163
35501,3,11030,616,447,1843,480,1157,1234,176,769,1638,2670,1063,9967,2695.6292405831
35519,4,25153,7370,0,4618,2284,150,301,1089,7040,1795,506,7370,17783,4202.0102867913
35527,3,9068,2017,790,2897,1470,724,0,86,0,801,283,2807,6261,3171.3285183330
35535,4,13483,2074,171,3815,1101,32,734,410,582,4013,552,2245,11239,3726.3110090413
35543,3,17995,1188,995,2996,1332,399,1259,906,2690,666,5564,2183,15812,2616.3460276248
35550,5,28162,4633,1276,4011,2887,1495,731,1818,3881,7000,430,5909,22253,5232.6920552495
35568,4,18426,3220,69,5063,1604,184,80,2825,1741,3540,100,3289,15137,4202.0102867913
35576,5,27306,3392,804,4763,4101,1796,651,2446,3353,5852,148,4196,23110,4915.5592034162
35584,3,19099,1973,592,3497,1865,134,1014,331,3476,6058,159,2565,16534,2774.9124535414
35592,7,63011,905,411,7341,7730,32238,0,343,11721,2173,149,1316,61695,5391.2584811662
35600,2,17517,2486,421,4405,1692,1980,0,2953,851,1292,1435,2907,14608,1982.0803239582
35618,1,11507,2516,0,2786,336,1201,420,0,748,1934,1565,2516,8990,1189.2481943749
35626,2,9916,1241,537,3472,1026,0,220,604,0,771,2045,1778,8138,1982.0803239582
35634,2,10798,731,493,5462,781,33,599,1014,254,1258,173,1224,9574,1982.0803239582
35642,3,6603,1137,220,2985,561,0,0,0,1482,218,0,1357,5246,2616.3460276248
35659,1,10721,1744,0,5489,853,0,448,103,215,976,894,1744,8978,1189.2481943749
35667,2,30214,2912,331,7159,2280,960,547,1770,1411,1479,11366,3243,26972,1982.0803239582
35675,2,11497,1411,726,7017,1104,0,0,425,380,434,0,2137,9360,2061.3635369165
35683,1,10147,2101,605,3541,692,67,418,392,0,2147,185,2706,7442,872.1153425416
35691,3,16169,3252,496,4409,458,116,0,204,4326,2801,108,3748,12422,2616.3460276248
35709,1,8193,543,0,3407,308,39,100,82,1985,1068,662,543,7651,1189.2481943749
35717,2,11913,2919,115,5388,735,158,0,120,2072,406,0,3034,8879,1982.0803239582
35725,1,1622,287,222,237,85,61,35,237,135,324,0,509,1114,872.1153425416
35733,1,8671,767,0,3307,746,0,363,57,1153,2106,174,767,7906,1189.2481943749
35741,4,27565,2482,702,6008,2057,155,159,462,11687,2976,876,3184,24380,4122.7270738330
35758,6,21883,4472,0,4207,2051,80,1805,728,4357,3747,436,4472,17411,4915.5592034162
35766,1,3637,68,97,2605,273,0,0,0,0,593,0,165,3471,1189.2481943749
35774,1,7029,299,0,4283,759,58,886,477,199,68,0,299,6730,872.1153425416
35782,2,1940,0,0,1503,386,0,0,1,0,50,0,0,1940,1982.0803239582
35790,4,20002,2300,863,4569,1890,1548,398,525,4499,2877,534,3163,16840,3171.3285183330
35808,5,23643,3700,1432,4669,3612,1191,0,484,3397,2991,2168,5132,18512,4836.2759904579
35816,5,16801,1872,1364,4569,1979,285,100,1178,2061,2990,403,3236,13565,5153.4088422912
35824,2,14116,537,121,2622,2108,728,0,5100,1208,1692,0,658,13458,1982.0803239582
35832,1,7111,2118,280,2505,786,150,498,0,50,706,20,2398,4715,1189.2481943749
35840,4,23889,6175,1145,5553,6537,0,1149,439,522,2208,160,7320,16568,3805.5942219997
35857,3,12251,2360,724,3903,1124,87,0,865,1256,1416,516,3084,9167,3171.3285183330
35865,5,30420,2869,340,5429,3167,60,0,1364,3975,13216,0,3209,27211,4836.2759904579
35873,1,13551,1323,97,2440,974,86,400,538,1067,6294,331,1420,12130,1109.9649814166
35881,2,3886,0,0,902,620,0,0,1,0,1036,1327,0,3886,2378.4963887498
35899,4,21093,2467,407,4301,1621,3227,1559,651,2436,2311,2113,2874,18219,3805.5942219997
35907,2,9248,664,101,2662,1171,60,239,1390,552,2290,120,765,8484,1982.0803239582
35915,2,6624,1468,472,2355,461,65,801,0,573,296,133,1940,4684,2061.3635369165
35923,2,15714,2973,558,3240,827,520,458,3314,1881,1703,242,3531,12185,1982.0803239582
35931,4,22160,6593,173,2189,1105,3221,660,256,2649,4734,580,6766,15394,3250.6117312914
35949,2,12837,1506,52,3324,767,2886,0,198,1675,2241,189,1558,11280,2061.3635369165
35956,1,2480,531,129,1493,167,43,0,0,17,101,0,660,1821,1109.9649814166
35964,6,10254,1669,361,2786,526,376,0,2186,781,1568,0,2030,8223,4994.8424163745
35972,3,29433,1970,1124,2808,1136,1433,735,281,3625,15667,653,3094,26338,2933.4788794581
35980,2,21334,1286,475,5667,1096,0,757,1156,2859,7126,912,1761,19573,1982.0803239582
35998,4,27440,3180,1023,6367,1562,411,1239,2144,7432,3060,1023,4203,23238,3647.0277960830
36004,2,4367,557,372,2404,459,0,90,1,307,177,0,929,3438,1982.0803239582
36012,3,7565,1747,155,2705,340,30,0,113,497,1681,296,1902,5662,3092.0453053747
36020,2,5886,1425,174,2404,627,0,0,305,835,72,44,1599,4287,1982.0803239582
36038,4,13020,1720,460,2488,1164,0,0,1256,4437,1496,0,2180,10841,3171.3285183330
36046,9,9734,1781,196,3314,927,17,401,499,240,1280,1080,1977,7758,9117.5694902075
36053,1,13256,174,0,2615,598,1002,2715,1665,1895,841,1750,174,13081,1189.2481943749
36061,5,30076,6783,204,5919,1289,2015,1012,3645,3133,5823,253,6987,23089,5311.9752682078
36079,5,16142,231,0,5176,1627,1002,301,183,6331,1291,0,231,15911,3964.1606479163
36087,4,11188,1839,494,2508,750,232,649,2,1295,3046,373,2333,8855,4202.0102867913
36095,4,21800,4723,815,3314,1011,0,200,641,2150,7598,1348,5538,16262,4122.7270738330
36103,2,8589,2052,583,2583,537,166,0,1218,514,936,0,2635,5954,1982.0803239582
36111,3,17064,6219,879,3232,1785,1103,802,160,500,1565,818,7098,9965,3171.3285183330
36129,2,22377,6016,1677,4663,2154,1674,930,3904,201,854,303,7693,14683,1744.2306850832
36137,1,18330,1043,249,4339,1006,2464,501,1591,1872,3805,1460,1292,17038,872.1153425416
36145,4,14247,1460,565,2761,1544,210,1102,409,1260,4134,803,2025,12223,3171.3285183330
36152,3,11485,986,819,2225,987,20,324,1012,3209,990,913,1805,9680,3171.3285183330
36160,6,14629,436,0,8902,776,0,0,875,1814,1653,173,436,14193,5311.9752682078
36178,1,8834,2070,436,5266,344,0,0,141,270,308,0,2506,6329,1109.9649814166
36186,4,15158,2866,261,7348,829,239,0,93,2146,996,379,3127,12030,4519.1431386246
36194,2,17530,3944,1523,4263,2727,569,602,481,100,2317,1003,5467,12062,2140.6467498748
36202,2,11399,1296,0,3872,1160,272,0,3395,40,1233,131,1296,10103,1982.0803239582
36210,4,14000,5048,509,3450,913,0,393,572,2317,799,0,5557,8444,3488.4613701663
36228,2,15957,1344,592,5226,1878,132,291,711,663,4819,300,1936,14020,1982.0803239582
36236,7,7845,968,224,3009,1157,13,0,1731,515,228,0,1192,6653,6897.6395273744
36244,10,16226,2246,542,4099,1104,298,8,296,6956,545,132,2788,13438,8086.8877217493
36251,7,15070,3553,1195,4137,857,783,143,313,1287,2469,332,4748,10321,6104.8073977911
36269,6,27997,4908,0,5587,2459,1816,0,464,7512,4411,839,4908,23088,4994.8424163745
36277,5,14556,2066,1114,5562,1671,609,220,718,243,1934,420,3180,11377,5311.9752682078
36285,2,26458,2974,584,6593,2299,4205,1303,2662,1655,2512,1672,3558,22901,1982.0803239582
36293,2,17336,3455,583,3702,1166,654,1129,295,183,5256,913,4038,13298,2140.6467498748
36301,3,26800,4256,1113,4913,1338,83,692,685,4000,9712,8,5369,21431,2933.4788794581
36319,3,49753,6884,224,6650,8518,930,3084,1560,13154,6263,2484,7108,42643,3171.3285183330
36327,5,32712,6172,0,5738,2102,9888,190,845,5870,1907,0,6172,26540,4519.1431386246
36335,4,36090,7353,609,4702,3266,234,251,736,1383,15909,1646,7962,28127,3726.3110090413
36343,1,7234,1628,0,3696,470,0,351,1,156,933,0,1628,5607,1189.2481943749
36350,2,14554,2717,621,5100,891,1391,1087,285,1020,1441,0,3338,11215,2061.3635369165
36368,1,9425,1076,320,4219,955,43,0,1927,443,442,0,1396,8029,872.1153425416
36376,4,9058,1585,569,4219,974,176,0,561,399,467,108,2154,6904,4360.5767127079
36384,2,10866,736,521,6018,1880,165,0,473,250,823,0,1257,9609,1982.0803239582
36392,4,19957,815,0,5176,2160,80,1393,690,2254,7362,26,815,19141,3884.8774349580
36400,4,17910,2883,878,4814,1502,984,109,600,3803,2026,312,3761,14150,3329.8949442497
36418,1,24136,1513,778,5176,1300,5079,0,304,757,9061,167,2291,21844,872.1153425416
36426,3,20507,3608,959,4514,6643,249,1202,1239,0,1460,632,4567,15939,2616.3460276248
36434,5,15234,1858,460,4213,1189,2513,100,255,2531,1944,173,2318,12918,5311.9752682078
36442,5,30447,1622,713,7164,3125,1978,1202,1375,7413,4403,1451,2335,28111,3884.8774349580
36459,1,12972,3478,0,4241,1003,117,0,1158,713,2045,217,3478,9494,1109.9649814166
36467,2,7676,1239,312,2207,800,0,0,297,1227,935,660,1551,6126,2140.6467498748
36475,4,20183,2526,352,7017,2398,76,701,439,5705,764,204,2878,17304,3488.4613701663
36483,2,35676,2505,317,5683,2612,961,4413,227,4693,14203,62,2822,32854,1982.0803239582
36491,2,15897,1310,74,4116,1027,781,1312,615,352,6256,54,1384,14513,2140.6467498748
36509,1,3900,365,87,2505,310,30,42,109,208,244,0,452,3448,872.1153425416
36517,4,35397,986,1454,7915,1038,696,206,816,4013,18110,162,2440,32956,4122.7270738330
36525,5,27000,927,779,7520,2877,3391,0,750,8024,2246,487,1706,25295,4122.7270738330
36533,5,25654,3203,943,7679,3233,1244,0,418,2333,4589,2013,4146,21509,4994.8424163745
36541,4,16565,3053,1511,2505,2205,70,0,413,4166,2146,495,4564,12000,3171.3285183330
36558,2,10627,1404,556,4955,763,0,0,476,1060,1190,223,1960,8667,1982.0803239582
36566,2,10127,637,172,2006,762,0,196,2539,2257,1162,398,809,9320,2140.6467498748
36574,1,8977,988,340,3814,1456,67,241,1254,718,100,0,1328,7650,872.1153425416
36582,2,6287,0,0,4116,569,0,672,679,110,140,0,0,6286,1744.2306850832
36590,2,10388,2492,1047,1805,688,97,347,1196,2084,284,347,3539,6848,2140.6467498748
36608,6,30874,4922,1635,5999,1923,1152,1073,1107,8038,4825,200,6557,24317,5946.2409718745
36616,4,23008,2671,1553,3976,1605,262,1152,1353,2837,7080,517,4224,18782,4202.0102867913
36624,5,26494,2449,374,5740,1753,998,1013,1540,6757,5211,661,2823,23673,3726.3110090413
36632,4,29239,2944,1063,8776,1506,251,2016,2438,7661,1500,1085,4007,25233,3092.0453053747
36640,4,30844,6900,1319,8776,3734,498,251,1519,1100,3672,3076,8219,22626,4122.7270738330
36657,4,24707,2103,199,3592,2640,464,779,1019,6971,5985,957,2302,22407,3171.3285183330
36665,5,22705,2625,320,8776,3443,48,351,848,4862,1096,336,2945,19760,4598.4263515829
36673,4,21777,1908,799,7572,2878,2508,100,695,2023,2795,498,2707,19069,3171.3285183330
36681,2,7154,1049,95,4012,962,0,0,296,264,477,0,1144,6011,2061.3635369165
36699,2,20963,4876,740,5899,988,182,0,1,1559,6557,161,5616,15347,2140.6467498748
36707,4,16855,221,78,6015,1476,64,0,782,1519,6700,0,299,16556,3884.8774349580
36715,5,31797,3558,778,5848,2608,816,2736,585,9364,4875,628,4336,27460,4202.0102867913
36723,6,7297,3488,925,802,745,203,0,127,353,654,0,4413,2884,5946.2409718745
36731,1,9983,2275,17,1194,390,1820,249,1081,952,437,1569,2292,7692,1109.9649814166
36749,6,18925,3767,1745,2460,2935,170,972,1259,4187,433,997,5512,13413,4756.9927774996
36756,3,14558,4549,292,3633,961,733,200,776,1009,2232,173,4841,9717,2616.3460276248
36764,3,27371,3211,761,1837,713,506,0,1092,797,18454,0,3972,23399,3171.3285183330
36772,2,11292,2297,472,2925,1241,354,0,512,270,1061,2161,2769,8524,1982.0803239582
36780,4,42711,4038,288,4445,3848,11689,0,288,1603,16512,0,4326,38385,4043.4438608746
36798,3,15662,2141,630,2925,842,50,830,705,2845,2247,2448,2771,12892,2854.1956664997
36806,2,5906,894,1326,1705,172,73,30,556,44,1006,100,2220,3686,1982.0803239582
36814,1,5859,1650,509,1763,142,0,0,203,220,477,895,2159,3700,872.1153425416
36822,2,15362,1219,178,6719,1901,0,0,101,240,5003,0,1397,13964,1982.0803239582
36830,2,14917,1891,22,5902,1528,903,0,1837,882,1911,41,1913,13004,1982.0803239582
36848,5,15525,1238,153,4797,1999,2791,0,416,819,2849,462,1391,14133,4677.7095645412
36855,6,25297,1589,218,6652,1860,998,235,1200,3885,6019,2642,1807,23491,6580.5066755411
36863,3,15349,1690,526,4445,1947,1365,1523,939,2484,220,210,2216,13133,2616.3460276248
36871,3,3805,381,0,100,265,90,341,82,0,132,2414,381,3424,2537.0628146664
36889,3,11978,991,108,2925,477,0,0,104,2811,4179,383,1099,10879,3488.4613701663
36897,2,1634,528,239,0,52,0,477,1,90,130,118,767,868,1506.3810462082
36905,3,7998,2470,91,2251,511,106,0,463,488,955,664,2561,5438,2933.4788794581
36913,5,25729,3644,0,2218,1159,3879,6252,143,947,4174,3312,3644,22084,4122.7270738330
36921,1,5974,1218,815,2218,186,1092,0,442,0,2,0,2033,3940,872.1153425416
36939,4,6831,1212,501,2218,1028,50,741,499,0,582,0,1713,5118,4202.0102867913
36947,8,18968,4181,651,2565,2748,1392,3417,366,741,2589,318,4832,14136,7373.3388051243
36954,3,6059,1534,375,2192,811,0,200,260,24,269,394,1909,4150,2933.4788794581
36962,6,15589,3946,1479,2218,1902,550,1663,78,840,238,2675,5425,10164,4836.2759904579
36970,9,13713,3327,1195,4175,2165,287,0,192,1320,518,534,4522,9191,7214.7723792077
36988,9,30954,4495,1277,5425,4142,1450,0,378,5375,7070,1342,5772,25182,8641.8702124575
36996,6,11424,1225,144,4245,1040,147,351,135,1104,2860,173,1369,10055,4756.9927774996
37002,5,6190,1883,244,1968,647,186,421,65,156,206,414,2127,4063,5074.1256293329
37010,4,8142,2476,349,1863,1148,282,301,244,0,1349,131,2825,5318,4122.7270738330
37028,4,2966,554,218,1863,202,0,0,0,0,130,0,772,2195,4360.5767127079
37036,5,14186,1312,414,1968,980,143,681,492,243,7608,344,1726,12459,4836.2759904579
37044,3,7613,1752,479,1863,1152,87,0,442,131,1489,218,2231,5382,2933.4788794581
37051,2,6280,2972,750,1761,536,0,0,131,0,0,131,3722,2559,1982.0803239582
37069,2,7437,1800,828,1761,1208,300,501,0,0,760,279,2628,4809,1744.2306850832
37077,6,12574,4764,1059,1968,1116,0,1112,600,33,1709,214,5823,6752,6184.0906107494
37085,6,7227,2589,641,1968,762,483,0,0,110,674,0,3230,3997,5866.9577589161
37093,5,14559,8356,26,1968,1317,0,0,347,60,2269,217,8382,6178,4994.8424163745
37101,1,2891,641,296,1761,84,0,0,0,0,0,109,937,1954,872.1153425416
37119,5,22834,5923,769,3953,1959,986,802,1664,4853,1860,65,6692,16142,4836.2759904579
37127,3,29451,3656,182,3849,1989,63,3767,1821,4375,8084,1666,3838,25614,3171.3285183330
37135,4,32724,4655,2529,3707,2401,410,5010,2456,649,10549,359,7184,25541,4122.7270738330
37143,6,21592,2165,1702,3008,1983,50,0,421,7247,1847,3170,3867,17726,4756.9927774996
37150,2,22612,4251,557,3139,1227,757,278,6505,2144,1473,2281,4808,17804,1982.0803239582
37168,2,12740,2431,638,2925,1175,679,26,401,1095,1229,2141,3069,9671,1982.0803239582
37176,5,18081,6236,1645,2281,603,287,0,684,849,1972,3524,7881,10200,4915.5592034162
37184,5,30047,4205,843,4666,2203,2042,739,1359,1635,8860,3495,5048,24999,5074.1256293329
37192,3,5710,652,0,3006,847,0,199,287,442,277,0,652,5058,3329.8949442497
37200,2,10232,859,1190,4062,996,487,0,333,0,2166,139,2049,8183,1982.0803239582
37218,3,16033,2286,859,4154,1505,403,1594,1131,856,2112,1133,3145,12888,3012.7620924164
37226,4,12762,982,0,4062,746,1863,820,854,1776,1183,476,982,11780,3567.7445831247
37234,3,16174,1604,176,4112,928,1061,475,1841,1998,3521,459,1780,14395,3171.3285183330
37242,1,3356,104,35,1763,2,0,50,0,1,240,1162,139,3218,951.3985554999
37259,6,18358,2442,761,3951,1072,1758,886,2954,2345,1849,340,3203,15155,5708.3913329995
37267,2,8750,1419,725,3492,572,331,341,2,90,1779,0,2144,6607,2140.6467498748
37275,3,10343,840,519,4211,681,0,0,214,2325,1509,43,1359,8983,2140.6467498748
37283,2,8185,186,248,4913,2221,33,0,377,0,207,0,434,7751,1982.0803239582
37291,2,19939,3137,315,5709,941,691,0,322,233,4893,3698,3452,16487,1823.5138980415
37309,5,35533,3088,967,6626,9083,672,706,598,6128,5401,2266,4055,31480,4994.8424163745
37317,1,5226,0,0,4095,832,0,0,1,60,238,0,0,5226,1109.9649814166
37325,1,12553,1536,125,5007,2053,0,341,400,634,801,1656,1661,10892,872.1153425416
37333,2,10672,2036,507,4095,1632,285,903,101,240,734,139,2543,8129,1982.0803239582
37341,1,7198,993,366,3896,601,567,0,223,0,331,222,1359,5840,872.1153425416
37358,1,8017,77,0,4095,535,0,0,1,2879,380,50,77,7940,1109.9649814166
37366,2,5558,1354,553,420,856,78,0,187,551,985,574,1907,3651,2061.3635369165
37374,1,4822,109,0,3150,383,0,0,1,0,1129,50,109,4713,872.1153425416
37382,4,15934,752,158,5013,1340,277,0,5019,274,2965,136,910,15024,4043.4438608746
37390,2,5760,551,452,4145,334,0,100,0,5,107,66,1003,4757,1982.0803239582
37408,12,10307,1722,891,2336,1292,283,0,1,1558,852,1372,2613,7694,10544.6673234574
37416,5,15276,2492,790,4285,1067,145,1379,611,1540,2774,192,3282,11993,5232.6920552495
37424,6,11374,1997,237,3037,739,30,1280,814,1332,220,1688,2234,9140,4836.2759904579
37432,9,47484,4276,434,7190,6208,1903,1717,487,16199,5860,3209,4710,42773,8245.4541476659
37440,3,11506,309,0,4145,705,0,0,1120,5110,116,0,309,11196,3171.3285183330
37457,2,9962,1953,246,3362,456,863,1053,350,0,1679,0,2199,7763,2061.3635369165
37465,1,5208,760,345,2678,545,0,0,57,0,40,782,1105,4102,1189.2481943749
37473,2,13083,2449,437,4209,868,43,30,3230,1140,314,364,2886,10198,1982.0803239582
37481,4,22777,5109,1096,4991,4017,482,1700,1611,874,2415,482,6205,16572,4202.0102867913
37499,4,15523,2161,206,6159,1825,48,0,542,320,4110,153,2367,13157,3726.3110090413
37507,4,16800,3991,438,7087,1067,959,0,358,750,2031,119,4429,12371,3884.8774349580
37515,5,42886,4337,711,7640,11921,220,1904,1071,5139,7125,2817,5048,37837,4043.4438608746
37523,4,9299,2583,830,2600,683,669,0,677,295,637,326,3413,5887,4122.7270738330
37531,2,7798,944,396,3833,336,0,0,190,1036,143,921,1340,6459,1982.0803239582
37549,3,11386,1966,653,3691,672,428,0,1284,697,1699,295,2619,8766,3171.3285183330
37556,2,14971,4052,2162,4332,1789,577,0,495,360,395,809,6214,8757,1982.0803239582
37564,1,6042,0,163,770,310,0,0,501,1315,2515,468,163,5879,951.3985554999
37572,4,9958,1558,396,4332,896,461,0,607,905,672,130,1954,8003,4360.5767127079
37580,4,18891,1781,160,4608,1389,597,701,1711,4329,3614,0,1941,16949,3329.8949442497
37598,1,3882,242,509,242,412,168,0,1372,10,56,871,751,3131,872.1153425416
37606,4,24108,4192,852,6043,3456,755,420,206,2136,2432,3617,5044,19065,3884.8774349580
37614,2,15132,905,364,6041,1035,105,0,489,1031,5161,0,1269,13862,1982.0803239582
37622,5,29077,4381,1551,5999,2110,250,578,4014,4491,2726,2977,5932,23145,4439.8599256663
37630,5,32272,3637,666,10065,4066,255,1203,1284,5147,2886,3062,4303,27968,4043.4438608746
37648,3,26629,5651,273,5797,3130,833,601,1256,499,4640,3947,5924,20703,3171.3285183330
37663,1,17677,471,126,5520,1168,166,0,505,536,1397,7788,597,17080,872.1153425416
37671,2,7305,1102,710,3691,947,195,0,0,0,269,391,1812,5493,1982.0803239582
37689,2,9612,890,697,3450,638,0,0,791,900,2088,157,1587,8024,1982.0803239582
37697,5,43402,6689,1045,6154,3054,354,2688,3455,6597,12452,913,7734,35667,4360.5767127079
37705,5,33605,2406,863,5783,1572,38,906,895,4349,16454,337,3269,30334,5232.6920552495
37713,6,26514,2818,533,6124,2231,167,0,2219,5297,6871,255,3351,23164,5391.2584811662
37721,1,49430,1867,1471,6303,2987,531,0,150,33795,1153,1173,3338,46092,872.1153425416
37739,2,14046,1304,314,3691,932,0,2361,451,256,1367,3372,1618,12430,1982.0803239582
37747,3,15796,4988,660,4016,775,171,554,126,131,2169,2207,5648,10149,2695.6292405831
37754,5,15555,0,0,5699,2622,247,1043,893,2713,2337,0,0,15554,5470.5416941245
37762,3,24211,1838,421,5831,2463,178,949,1391,2848,8235,58,2259,21953,3250.6117312914
37770,1,7843,855,61,4313,1475,0,0,302,160,634,43,916,6927,872.1153425416
37788,1,26334,1633,1475,6215,2109,1351,2898,1009,2773,6655,217,3108,23227,872.1153425416
37796,2,21102,2062,1493,7097,635,565,0,833,1240,6879,298,3555,17547,1982.0803239582
37804,2,15330,831,882,7264,1262,33,0,1303,1775,1639,341,1713,13617,1982.0803239582
37812,3,13051,2704,321,4614,1667,66,651,91,1926,873,138,3025,10026,3012.7620924164
37820,3,13368,2399,662,301,1080,3330,802,328,154,2300,2013,3061,10308,3012.7620924164
37838,4,24959,2467,937,2490,4378,0,2104,42,1721,3862,6958,3404,21555,3409.1781572080
37846,4,12289,3052,584,2620,753,0,0,718,2743,1653,166,3636,8653,4043.4438608746
37853,1,6155,253,65,1304,83,50,45,297,614,222,3223,318,5838,872.1153425416
37861,1,2370,195,63,1304,243,0,215,79,210,40,20,258,2111,1109.9649814166
37879,2,23077,5280,844,3006,521,296,1824,1705,3343,5019,1239,6124,16953,2061.3635369165
37887,1,5211,1302,606,1603,302,25,0,100,41,1148,83,1908,3302,1109.9649814166
37895,4,14869,3529,1387,5020,1286,84,0,1151,536,1876,0,4916,9953,4281.2934997496
37903,1,15788,689,464,7121,934,0,0,1945,744,3890,0,1153,14634,1109.9649814166
37911,5,35022,4298,791,7079,3085,3509,374,691,7334,5764,2098,5089,29934,4598.4263515829
37929,2,9901,1370,380,4076,1025,189,100,369,1380,934,78,1750,8151,1585.6642591665
37937,2,53377,1742,1761,7013,2560,118,0,1947,2966,35185,86,3503,49875,1982.0803239582
37945,4,20295,1839,536,5765,2801,1647,0,950,1892,3363,1502,2375,17920,4202.0102867913
37952,4,16553,1736,418,5974,2615,0,0,915,234,4608,54,2154,14400,4360.5767127079
37960,4,20951,2712,1626,2922,1170,210,631,2753,1921,2584,4421,4338,16612,3250.6117312914
37978,2,5798,87,0,4230,456,100,0,140,260,525,0,87,5711,1982.0803239582
37986,4,28581,8665,2033,6520,3443,696,601,607,2175,3634,208,10698,17884,3726.3110090413
37994,4,19769,253,578,5824,2205,1837,351,2622,645,3684,1771,831,18939,4360.5767127079
38000,2,13270,1483,584,4332,1487,23,351,543,714,3650,103,2067,11203,1982.0803239582
38018,2,16299,766,553,5630,2039,193,0,4651,388,2080,0,1319,14981,1982.0803239582
38026,3,31831,3186,992,5838,945,196,0,2310,5215,10678,2471,4178,27653,2933.4788794581
38034,2,13096,1245,691,5764,2627,166,0,1339,548,716,0,1936,11160,1982.0803239582
38042,1,4926,462,76,3230,568,0,0,50,187,60,292,538,4387,872.1153425416
38059,2,10277,1082,962,4332,714,49,0,399,467,2271,0,2044,8232,1982.0803239582
38067,3,38474,5321,1691,4332,1246,110,1303,1566,17239,5516,150,7012,31462,3012.7620924164
38075,2,6534,1219,170,3511,561,0,0,160,663,250,0,1389,5145,1982.0803239582
38083,2,12058,2740,30,4332,1192,27,271,0,1460,1428,579,2770,9289,2061.3635369165
38091,6,25634,2637,1002,5630,1729,1176,0,1119,5320,5953,1070,3639,21997,4677.7095645412
38109,4,27053,2506,700,5821,2319,0,0,1376,1392,12940,0,3206,23848,4122.7270738330
38117,6,19344,5391,858,4012,1566,264,0,273,759,4405,1817,6249,13096,6025.5241848328
38125,2,7087,807,259,3691,549,0,802,363,288,330,0,1066,6023,1982.0803239582
38133,7,10529,2063,786,4332,1177,551,0,171,527,314,608,2849,7680,6739.0731014577
38141,1,18523,984,1093,4449,1161,1411,130,808,545,6943,998,2077,16445,872.1153425416
38158,3,11733,2288,597,4147,774,0,1846,397,1144,529,10,2885,8847,2933.4788794581
38166,4,27931,2543,313,4569,1367,14787,0,1312,2240,717,84,2856,25076,3726.3110090413
38174,1,5018,453,414,3230,217,44,0,46,0,66,549,867,4152,1109.9649814166
38182,7,14632,3579,1185,4012,2855,885,126,560,420,788,223,4764,9869,6739.0731014577
38190,7,13197,2491,713,5397,1085,2087,301,494,201,200,228,3204,9993,6897.6395273744
38208,6,11553,1622,442,3940,1444,173,0,988,2284,369,291,2064,9489,5866.9577589161
38216,10,21520,2813,974,3940,1561,389,8036,516,1893,567,830,3787,17732,8404.0205735826
38224,3,11891,1571,734,5131,1102,0,681,413,0,2091,167,2305,9585,2933.4788794581
38232,5,10300,1573,1295,3196,1166,76,21,202,1564,863,343,2868,7431,4202.0102867913
38240,5,19922,1335,317,6008,486,103,0,4972,519,4900,1281,1652,18269,4598.4263515829
38257,4,15545,3969,87,4373,2091,50,652,1278,318,2463,264,4056,11489,3964.1606479163
38265,4,12309,1428,760,6109,1774,34,0,211,688,1117,189,2188,10122,4122.7270738330
38273,5,108249,4771,1183,6008,3766,136,9018,1984,73094,5883,2406,5954,102295,4756.9927774996
38281,2,15445,3492,1217,2615,1636,637,562,739,1045,1751,1750,4709,10735,1982.0803239582
38299,4,16698,2085,523,4695,1774,186,811,507,1759,2796,1561,2608,14089,3884.8774349580
38307,3,15782,2826,1691,4695,5950,0,0,572,1,3,43,4517,11264,2854.1956664997
38315,5,16119,3551,1306,3159,2636,257,451,1123,2259,1293,83,4857,11261,4202.0102867913
38323,10,21887,5318,1629,4903,1421,1237,0,770,3418,2970,219,6947,14938,8562.5869994992
38331,2,25584,7114,2829,2615,2733,543,847,4916,2195,1727,65,9943,15641,1982.0803239582
38349,4,7907,1007,337,3207,773,234,0,385,1506,123,335,1344,6563,3250.6117312914
38356,3,7498,231,263,3124,316,0,0,41,714,2399,410,494,7004,2695.6292405831
38364,4,6811,48,0,3250,825,23,572,250,0,740,1104,48,6764,3250.6117312914
38372,5,14573,3527,198,4000,1196,338,649,3544,760,254,106,3725,10847,4677.7095645412
38380,2,5572,1003,23,3127,668,0,0,230,192,328,0,1026,4545,1823.5138980415
38398,4,17546,1457,618,5359,3964,0,0,929,2260,2799,160,2075,15471,4598.4263515829
38406,8,27750,2032,446,6090,1313,387,2539,867,9862,3773,441,2478,25272,7056.2059532910
38414,5,23445,3178,0,5639,1756,0,451,744,1848,5877,3952,3178,20267,5708.3913329995
38422,4,23622,5205,689,5298,3624,203,722,480,3577,3675,152,5894,17731,3805.5942219997
38430,4,11067,335,0,5517,952,56,0,541,3183,483,0,335,10732,3329.8949442497
38448,7,9749,475,0,3360,908,1547,87,481,1188,861,841,475,9273,5549.8249070828
38455,1,4931,619,392,3230,198,0,0,268,140,85,0,1011,3921,872.1153425416
38463,6,15653,2186,939,5216,1065,95,0,636,3344,1857,315,3125,12528,5708.3913329995
38471,6,13741,3172,676,3611,1891,0,0,1264,1912,1036,179,3848,9893,6025.5241848328
38489,5,16176,2977,393,4219,1582,47,370,326,3935,2249,78,3370,12806,4519.1431386246
38497,2,12320,1440,87,4572,287,0,2104,2,1077,2524,227,1527,10793,2140.6467498748
38505,5,18253,3343,567,5049,1753,347,633,2140,342,1453,2627,3910,14344,5311.9752682078
38513,2,13866,2257,191,3962,1700,560,601,475,2334,398,1389,2448,11419,2140.6467498748
38521,1,4694,1508,932,1195,358,130,0,0,200,160,212,2440,2255,872.1153425416
38539,2,9711,2407,288,2500,549,101,802,122,575,1843,523,2695,7015,2140.6467498748
38547,3,10123,1071,461,2502,1473,293,525,2084,0,1380,333,1532,8590,2933.4788794581
38554,4,18233,1886,193,4569,3410,0,0,2686,4871,617,0,2079,16153,3884.8774349580
38562,3,22951,87,898,4663,2154,33,349,366,3657,10744,0,985,21966,3171.3285183330
38570,3,15957,1086,404,4540,1340,1531,301,483,192,6079,0,1490,14466,2854.1956664997
38588,3,7058,1482,403,2123,2342,0,0,198,379,130,0,1885,5172,3171.3285183330
38596,4,20470,2287,214,4623,4832,1347,509,544,2271,3771,70,2501,17967,3329.8949442497
38604,1,11252,1585,477,5723,898,100,289,1308,19,657,196,2062,9190,872.1153425416
38612,2,21119,5542,82,2906,593,470,0,1423,3379,2859,3866,5624,15496,1823.5138980415
38620,4,10226,1192,281,2893,425,0,0,3617,783,850,185,1473,8753,3488.4613701663
38638,3,6893,1065,500,2388,352,0,995,58,170,209,1155,1565,5327,2695.6292405831
38646,2,16450,3283,65,2893,404,528,368,274,753,2340,5541,3348,13101,2061.3635369165
38653,5,37892,5513,1649,5740,1132,488,5373,1700,7344,6432,2521,7162,30730,5153.4088422912
38661,2,6046,762,109,3006,904,80,0,108,129,943,5,871,5175,1982.0803239582
38679,2,3450,831,12,746,882,0,170,580,86,50,93,843,2607,1982.0803239582
38687,1,15059,1185,0,3980,538,145,2282,515,427,1048,4940,1185,13875,872.1153425416
38695,2,12536,1263,292,2512,546,787,0,759,3683,2660,33,1555,10980,1982.0803239582
38703,2,11943,3981,979,2512,1078,180,1254,1597,0,220,143,4960,6984,1982.0803239582
38711,1,6179,1166,442,3240,445,33,0,192,0,505,156,1608,4571,872.1153425416
38729,4,69930,8370,1021,9401,4006,17889,705,7408,6222,11854,3055,9391,60540,3884.8774349580
38737,4,4718,560,358,2115,619,0,200,0,554,137,175,918,3800,3250.6117312914
38745,1,2602,437,173,1493,372,0,0,92,0,35,0,610,1992,872.1153425416
38752,5,16820,903,1258,3714,1527,485,686,293,1847,5864,242,2161,14658,4439.8599256663
38760,6,7058,484,202,2189,676,368,509,183,1589,703,155,686,6372,4519.1431386246
38778,4,41736,4632,1298,2115,1225,33,599,16985,642,13797,410,5930,35806,4360.5767127079
38786,5,5471,1368,33,100,511,0,762,150,720,715,1111,1401,4069,3647.0277960830
38794,1,2151,876,252,75,210,0,261,109,140,176,52,1128,1023,872.1153425416
38802,3,4005,261,0,1954,549,0,0,585,0,657,0,261,3745,3171.3285183330
38810,5,24557,4107,515,4130,2080,523,1184,512,3213,7676,618,4622,19936,4677.7095645412
38828,9,16898,2465,1200,2401,1330,128,908,547,3358,90,4472,3665,13234,8404.0205735826
38836,4,14543,5244,1182,4020,2169,0,0,301,200,957,470,6426,8117,4202.0102867913
38844,2,10821,1923,1053,4020,1808,897,0,641,150,329,0,2976,7845,1982.0803239582
38851,3,39709,2632,1313,6220,3228,3481,0,2652,7223,12261,698,3945,35763,3012.7620924164
38869,2,31621,3627,320,8508,2616,67,542,5215,2054,267,8406,3947,27675,1982.0803239582
38877,5,18126,1079,799,4514,1199,367,1492,730,830,6853,264,1878,16249,5153.4088422912
38885,5,12968,2412,178,4915,2260,156,0,556,1698,794,0,2590,10379,4122.7270738330
38893,5,19189,1717,952,5176,1627,0,1002,1008,2257,5354,96,2669,16520,4439.8599256663
38901,5,22384,1292,170,5268,1669,1334,5010,1716,3195,2730,0,1462,20922,5232.6920552495
38919,5,16716,3135,487,4219,1216,60,1102,484,1891,3767,355,3622,13094,4677.7095645412
38927,6,20748,2317,516,4514,1369,279,902,642,2487,7481,242,2833,17916,5153.4088422912
38935,1,12775,1417,297,2307,635,2156,461,399,515,4370,218,1714,11061,1189.2481943749
38943,2,9486,0,0,2797,6328,0,0,1,43,317,0,0,9486,1982.0803239582
38950,1,5186,684,388,261,180,701,731,332,1426,484,0,1072,4115,1109.9649814166
38968,4,29585,2900,1149,5601,1289,85,0,644,350,17567,0,4049,25536,4122.7270738330
38976,4,26551,10252,951,3176,1264,267,165,541,2143,5964,1826,11203,15346,4122.7270738330
38984,2,15804,2991,538,3310,640,0,0,290,3026,5009,0,3529,12275,2378.4963887498
38992,4,17127,1966,286,5411,3564,0,314,844,1834,2500,407,2252,14874,4122.7270738330
39008,1,6249,588,119,3651,564,34,0,1,250,1042,0,707,5542,1189.2481943749
39016,2,8646,1782,728,3725,888,995,0,108,150,209,61,2510,6136,1982.0803239582
39024,2,6121,1167,100,3651,520,0,284,130,132,138,0,1267,4855,1982.0803239582
39032,4,15464,2124,0,3691,822,30,318,1016,6954,509,0,2124,13340,3171.3285183330
39040,8,12686,3121,1427,4145,842,289,251,359,844,261,1147,4548,8138,6897.6395273744
39057,5,13874,3239,580,3502,769,100,0,116,2037,443,3088,3819,10055,4043.4438608746
39065,2,60448,1193,535,5534,6325,255,0,22919,697,9207,13784,1728,58721,1744.2306850832
39073,2,10001,670,626,4299,645,44,0,89,500,2128,1000,1296,8705,2140.6467498748
39081,3,5998,294,45,3481,448,304,325,0,594,50,457,339,5659,2695.6292405831
39099,2,17437,1525,386,4145,6123,0,0,898,85,4075,200,1911,15526,1744.2306850832
39107,7,25380,7478,637,5532,1054,108,830,845,6015,1862,1019,8115,17265,6580.5066755411
39115,4,8593,1413,75,4134,791,0,300,940,297,526,117,1488,7105,3409.1781572080
39123,2,11273,3998,212,3561,682,53,0,905,1349,459,53,4210,7062,2061.3635369165
39131,2,23397,1661,619,6500,1163,2202,1598,776,720,2548,5610,2280,21117,1744.2306850832
39149,3,34362,3460,61,4848,1028,272,296,818,5161,15368,3051,3521,30842,2695.6292405831
39156,1,9020,973,410,4161,1958,59,181,111,1014,153,0,1383,7637,872.1153425416
39164,1,17467,1593,858,4973,1824,71,221,2683,678,3871,695,2451,15016,872.1153425416
39172,5,32215,7046,1308,5802,2707,39,3152,1537,5759,4396,469,8354,23861,5311.9752682078
39180,5,19942,2714,539,4735,1306,880,1265,494,4368,1633,2009,3253,16690,4836.2759904579
39198,5,22289,1409,399,4363,2199,5775,941,388,3819,2530,465,1808,20480,3964.1606479163
39206,6,15069,1612,795,4488,989,2867,1042,341,1178,321,1437,2407,12663,4677.7095645412
39214,6,22053,2736,1108,4199,1203,836,852,1074,6924,2210,910,3844,18208,6104.8073977911
39222,1,8059,400,163,4992,1429,20,0,375,450,130,100,563,7496,872.1153425416
39230,1,16102,436,0,8200,0,0,1393,5985,0,1,87,436,15666,872.1153425416
39248,2,27411,6233,438,5884,1803,466,2355,238,361,7119,2514,6671,20740,2061.3635369165
39255,1,15240,680,250,3009,771,0,5717,2527,1625,199,462,930,14310,872.1153425416
39263,1,7049,474,200,4913,726,0,0,269,253,166,47,674,6374,872.1153425416
39271,1,11583,1414,0,4980,622,0,167,903,371,2910,217,1414,10170,1109.9649814166
39289,1,7041,1367,30,2709,365,134,251,60,1621,505,0,1397,5645,1189.2481943749
39297,3,18501,4745,1777,3944,1969,146,0,1868,2416,1411,224,6522,11978,2854.1956664997
39305,2,10287,587,134,4956,1279,86,0,1592,707,250,696,721,9566,2299.2131757915
39313,7,9312,1585,595,3792,817,0,0,130,1762,150,482,2180,7133,5946.2409718745
39321,2,14861,1098,973,3742,7688,100,0,629,220,260,151,2071,12790,1744.2306850832
39339,7,13454,2453,962,3742,1,1277,3146,1,1283,451,137,3415,10038,7214.7723792077
39347,1,15051,2163,868,8159,444,0,322,1123,340,1615,17,3031,12020,1109.9649814166
39354,2,27629,731,466,4956,3372,217,828,822,557,15507,173,1197,26432,1982.0803239582
39362,4,11352,3955,704,4956,1155,0,0,0,342,239,0,4659,6692,4519.1431386246
39370,5,20866,3974,985,4250,1149,995,961,324,3791,3823,615,4959,15908,3964.1606479163
39388,5,15635,2382,720,3742,1175,0,200,639,4476,1916,385,3102,12533,4122.7270738330
39396,3,16789,855,146,3696,1043,721,2134,354,1058,4187,2593,1001,15786,2616.3460276248
39404,1,11863,1141,0,4956,1558,2621,130,321,495,642,0,1141,10723,1189.2481943749
39412,4,16063,2344,1088,4956,2238,624,0,1796,2101,398,518,3432,12631,3805.5942219997
39420,1,5438,1503,952,2623,292,0,0,25,0,43,0,2455,2983,872.1153425416
39438,6,12632,813,165,4306,1024,1514,0,8,84,4567,152,978,11655,4677.7095645412
39446,5,10027,2177,630,3445,939,0,0,16,1437,684,700,2807,7221,4677.7095645412
39453,6,23197,3563,1456,2623,1376,40,541,247,727,10536,2088,5019,18178,5470.5416941245
39461,2,5459,744,621,2623,760,0,311,95,43,227,34,1365,4093,1744.2306850832
39479,4,14111,3615,404,1749,1332,896,0,780,333,3107,1895,4019,10092,3250.6117312914
39487,6,30283,3072,717,2840,961,1003,1505,97,100,1608,18382,3789,26496,6659.7898884994
39495,1,12738,435,0,3361,1536,0,0,849,350,6206,0,435,12302,1109.9649814166
39503,5,24718,0,0,3399,4838,0,2189,2219,7474,4349,249,0,24717,4122.7270738330
39511,3,17608,1312,368,4016,1883,183,348,544,3295,5367,293,1680,15929,2695.6292405831
39529,2,13517,2178,1010,4061,1677,1004,0,1303,627,1411,245,3188,10328,1982.0803239582
39537,2,5834,293,132,2790,1338,39,0,472,210,560,0,425,5409,1982.0803239582
39545,1,4371,820,127,2146,352,130,0,734,1,61,0,947,3424,872.1153425416
39552,1,3777,21,0,2790,169,0,0,474,243,80,0,21,3756,872.1153425416
39560,2,31321,1130,452,7322,1592,211,0,1610,387,17387,1230,1582,29739,1982.0803239582
39578,2,22288,2787,479,4122,3604,0,357,5579,399,4960,0,3266,19021,1982.0803239582
39586,4,24508,1935,2343,5061,1021,214,0,352,10075,3508,0,4278,20231,3329.8949442497
39594,2,23310,4410,966,4884,2105,398,0,1028,532,5384,3603,5376,17934,1982.0803239582
39602,4,24738,2003,0,7388,3087,3006,0,385,3608,4493,768,2003,22735,4202.0102867913
39610,2,13991,1782,572,4057,1202,277,501,2710,1467,1423,0,2354,11637,2061.3635369165
39628,3,10936,1325,191,3417,1222,0,104,745,1125,1967,839,1516,9419,2299.2131757915
39636,2,8611,808,294,3302,692,67,0,121,458,969,1902,1102,7511,1982.0803239582
39644,5,11885,1667,520,3811,677,0,0,224,127,4857,0,2187,9696,4519.1431386246
39651,2,16246,507,471,5654,1665,850,0,3475,1029,2223,373,978,15269,1982.0803239582
39669,2,10972,282,213,1904,434,1645,1873,0,1328,1640,1654,495,10478,2140.6467498748
39677,3,8340,1029,1868,3302,712,0,0,478,60,717,173,2897,5442,3171.3285183330
39685,3,9320,1737,1153,4161,736,40,0,604,255,635,0,2890,6431,2933.4788794581
39693,5,16870,2040,1367,4196,467,89,0,4555,1510,752,1894,3407,13463,5232.6920552495
39701,3,18820,1019,226,3689,624,1700,0,792,3290,7310,169,1245,17574,2616.3460276248
39719,3,10681,576,207,4095,818,13,40,263,409,3678,582,783,9898,2616.3460276248
39727,6,18575,2973,862,4136,1757,150,441,1529,3472,1637,1619,3835,14741,5074.1256293329
39735,3,13579,1929,534,4136,1340,25,421,597,1463,2268,867,2463,11117,2695.6292405831
39743,4,23437,4564,664,4196,1321,233,481,165,3599,2078,6136,5228,18209,3329.8949442497
39750,4,12758,633,164,4903,849,2311,43,647,1885,419,904,797,11961,3250.6117312914
39768,8,16985,3058,557,5487,1444,63,1673,513,2761,628,799,3615,13368,7849.0380828743
39776,2,9707,168,60,4136,927,780,802,209,1761,293,571,228,9479,2140.6467498748
39784,5,23174,2851,167,4136,1024,130,10170,226,1911,1639,921,3018,20157,4202.0102867913
39792,2,15835,1993,1241,4471,907,332,661,4547,13,1536,133,3234,12600,1982.0803239582
39800,3,26656,2416,568,5611,2743,596,597,778,7643,4816,887,2984,23671,2616.3460276248
39818,2,17824,1839,532,4282,1581,26,0,1123,775,7665,0,2371,15452,1982.0803239582
39826,2,6546,741,38,3302,630,0,0,338,0,26,1472,779,5768,1982.0803239582
39834,2,13576,1183,672,4136,1943,605,249,1792,488,2366,143,1855,11722,1982.0803239582
39842,4,16393,3089,719,5586,1918,86,187,1172,1300,2197,138,3808,12584,3647.0277960830
39859,2,12854,2650,3419,2218,1106,97,0,1470,0,85,1810,6069,6786,1982.0803239582
39867,5,7594,1200,56,2565,739,0,0,374,1922,630,109,1256,6339,5311.9752682078
39875,3,9946,567,0,1199,676,100,1021,77,1984,1585,2737,567,9379,2695.6292405831
39883,1,6037,1868,43,2036,841,0,0,605,0,180,465,1911,4127,872.1153425416
39891,6,7444,1905,852,2036,668,0,0,172,661,843,307,2757,4687,4439.8599256663
39909,5,10947,3756,762,2036,830,283,1045,107,106,1862,161,4518,6430,4043.4438608746
39917,5,27123,6582,1085,4663,5291,0,1902,688,1136,5776,0,7667,19456,5074.1256293329
39925,6,39348,4868,1482,4755,1491,3536,10240,1210,10646,233,886,6350,32997,6184.0906107494
39933,2,9482,833,109,4663,1280,79,170,278,321,990,760,942,8541,2299.2131757915
39941,2,6890,1883,225,2752,281,914,452,149,50,80,104,2108,4782,2061.3635369165
39958,2,6881,2601,518,2332,1083,70,0,183,1,93,0,3119,3762,1982.0803239582
39966,6,7205,1707,125,2752,633,351,135,991,172,123,217,1832,5374,4598.4263515829
39974,3,4269,635,0,279,505,822,346,60,267,1117,239,635,3635,2140.6467498748
39982,4,4771,403,0,2498,398,33,350,170,17,229,673,403,4368,2854.1956664997
39990,2,5442,177,559,2320,364,120,0,613,412,755,122,736,4706,2061.3635369165
40006,2,10807,4493,518,1462,1417,0,0,195,0,2721,0,5011,5795,1982.0803239582
40014,2,8133,3078,644,1178,1978,950,179,0,0,120,7,3722,4412,1982.0803239582
40022,4,19922,392,3603,1178,1139,1524,0,975,0,10301,810,3995,15927,4043.4438608746
40030,2,22177,10506,766,1462,1853,206,2174,0,785,3162,1263,11272,10905,2299.2131757915
40048,3,20516,1485,313,3301,1236,2918,1493,349,3030,3720,2669,1798,18716,2695.6292405831
40055,2,4883,773,317,2512,332,0,0,142,220,588,0,1090,3794,1982.0803239582
40063,2,4000,681,74,2512,156,0,0,500,1,55,22,755,3246,1982.0803239582
40071,2,17008,7271,1698,2036,863,134,802,3005,0,1200,0,8969,8040,1982.0803239582
40089,3,8808,3222,668,1614,889,663,0,997,0,140,614,3890,4917,2695.6292405831
40097,3,8183,1641,766,1454,787,1194,0,0,44,555,1742,2407,5776,2854.1956664997
40105,3,8639,1438,998,2449,746,177,301,606,335,640,950,2436,6204,3012.7620924164
40113,2,5985,1404,377,2449,526,51,0,805,0,372,0,1781,4203,1982.0803239582
40121,3,28707,2651,203,2826,3030,104,862,150,1751,16829,300,2854,25852,2616.3460276248
40139,5,13957,1193,417,2554,867,173,150,127,778,7481,216,1610,12346,5153.4088422912
40147,3,12584,1133,0,1277,775,459,0,342,2257,5907,434,1133,11451,2616.3460276248
40154,5,13230,1363,592,2826,1631,135,0,1412,1699,2874,698,1955,11275,5232.6920552495
40162,2,9029,1431,1520,1916,701,33,0,10,23,2827,569,2951,6079,2061.3635369165
40170,2,17519,346,470,1987,617,33,0,0,0,14067,0,816,16704,1982.0803239582
40188,4,13649,2018,122,2248,734,2165,1688,110,668,1330,2567,2140,11510,3964.1606479163
40196,5,8555,1522,536,2358,1974,306,433,32,827,494,74,2058,6498,4836.2759904579
40204,5,22971,1014,730,2786,2900,7075,0,212,3217,4950,87,1744,21227,4360.5767127079
40212,4,7091,2528,196,1966,711,0,301,210,1179,1,0,2724,4368,3964.1606479163
40220,5,12616,2319,950,1966,1989,84,99,424,2152,2633,0,3269,9347,4043.4438608746
40238,3,13224,4091,1111,3607,1237,43,150,1502,0,698,784,5202,8021,3171.3285183330
40246,3,35791,2079,1302,4663,3713,1546,881,452,1063,17530,2561,3381,32409,3171.3285183330
40253,8,14087,3592,522,2255,1467,340,1540,314,2493,497,1065,4114,9971,7056.2059532910
40261,1,9950,1355,245,3109,659,44,0,2380,694,655,808,1600,8349,872.1153425416
40279,1,6468,819,589,4183,427,0,0,71,220,160,0,1408,5061,872.1153425416
40287,2,24079,1815,319,5661,1845,65,0,481,1162,12701,30,2134,21945,1982.0803239582
40295,6,18609,1719,100,4443,1771,0,516,3434,3815,1159,1652,1819,16790,5946.2409718745
40303,4,15875,1623,376,4393,1936,2831,348,1138,2183,926,120,1999,13875,3567.7445831247
40311,1,6992,853,451,3803,575,90,420,341,280,179,0,1304,5688,872.1153425416
40329,2,13192,775,103,4393,2276,434,200,195,2670,1903,242,878,12313,2378.4963887498
40337,5,28417,5648,1520,6024,1545,1033,1998,589,4718,5293,50,7168,21250,4519.1431386246
40345,5,23519,4864,852,5965,1465,1136,500,1469,3110,4061,98,5716,17804,5311.9752682078
40352,4,25066,1808,1007,3786,3029,3735,0,2155,4828,4258,461,2815,22252,3884.8774349580
40360,5,18721,2871,571,6135,1468,268,1149,325,4234,1416,284,3442,15279,4836.2759904579
40378,5,39806,4604,506,7078,2642,310,1998,2022,4027,15821,799,5110,34697,5549.8249070828
40386,6,31269,2810,825,6268,2900,1630,1194,627,7077,7253,687,3635,27636,4756.9927774996
40394,5,35400,4203,1408,5973,2013,4037,899,1151,6028,8674,1014,5611,29789,4122.7270738330
40402,4,25185,2688,855,4343,1724,163,1099,3437,2236,8047,593,3543,21642,3488.4613701663
40410,2,11784,249,0,4393,1224,216,348,392,684,4178,100,249,11535,2061.3635369165
40428,2,10384,981,283,5873,1661,584,0,319,55,476,150,1264,9118,1982.0803239582
40436,5,18318,3084,1938,5973,2171,643,0,918,1292,1643,658,5022,13298,4836.2759904579
40444,2,3820,689,116,723,428,82,1003,1,0,577,200,805,3014,2378.4963887498
40451,3,13057,2082,895,4137,1755,134,139,542,1149,1572,652,2977,10080,2774.9124535414
40469,6,18985,448,0,4332,2306,995,0,68,468,9317,1052,448,18538,6184.0906107494
40477,2,18669,1887,524,4842,4339,0,441,3515,1574,1511,36,2411,16258,1982.0803239582
40485,2,26936,1767,582,6353,3380,43,879,4651,3393,4740,1147,2349,24586,1982.0803239582
40493,4,39939,9187,791,3752,501,220,611,4387,8447,11145,898,9978,29961,3964.1606479163
40501,2,12388,891,601,5161,428,0,517,2187,1387,744,470,1492,10894,1982.0803239582
40519,3,22534,3826,1129,6293,1221,167,615,2480,1261,5542,0,4955,17579,3250.6117312914
40527,2,29252,3628,318,5203,1206,1348,109,920,720,14572,1229,3946,25307,1982.0803239582
40535,5,46447,3793,988,5654,6889,1450,1074,1050,875,23625,1049,4781,41666,4915.5592034162
40543,8,28528,2369,1077,3940,2007,482,8900,305,7835,280,1334,3446,25083,7294.0555921660
40550,2,12555,5068,730,3940,1141,185,0,658,0,241,592,5798,6757,1982.0803239582
40568,5,11402,1543,225,3097,956,476,1043,212,1727,1735,387,1768,9633,3884.8774349580
40576,5,6410,1544,545,3097,895,0,0,0,250,80,0,2089,4322,5074.1256293329
40584,2,23833,2257,928,6774,2137,572,446,3615,4380,2407,318,3185,20649,1982.0803239582
40592,5,23684,3817,0,6114,2476,1141,0,770,5362,3004,998,3817,19865,4519.1431386246
40600,5,22494,4331,1448,5965,1784,2786,0,775,2831,1420,1153,5779,16714,5391.2584811662
40618,5,15630,2883,735,5035,1489,1467,0,706,718,2598,0,3618,12013,4202.0102867913
40626,3,15649,1146,442,5010,2769,3088,0,389,1095,1240,469,1588,14060,2774.9124535414
40634,2,27662,2917,0,6052,2496,1801,0,1124,997,9923,2351,2917,24744,1982.0803239582
40642,5,11219,1747,565,4445,1088,987,451,319,859,757,0,2312,8906,5153.4088422912
40659,7,18091,2033,399,4788,2519,808,0,1397,1249,4171,727,2432,15659,6104.8073977911
40667,3,20469,3283,1798,6313,1436,311,0,1988,568,4698,74,5081,15388,3171.3285183330
40675,4,43668,2620,89,11225,3375,217,1002,543,4083,19819,695,2709,40959,3884.8774349580
40683,5,24426,2093,1239,4535,1320,4157,600,978,4418,4821,265,3332,21094,4677.7095645412
40691,1,2884,186,67,1536,480,0,0,150,180,285,0,253,2631,872.1153425416
40709,4,15734,1651,698,4445,1657,2439,0,573,1368,1945,958,2349,13385,4202.0102867913
40717,4,10191,1876,434,5387,732,50,358,0,100,242,1011,2310,7880,4202.0102867913
40725,5,12354,740,269,582,1156,186,301,235,1678,6508,698,1009,11344,5074.1256293329
40733,2,17633,3702,735,4350,1824,778,576,529,2537,710,1891,4437,13195,1982.0803239582
40741,1,5737,841,132,3097,609,0,0,650,240,61,108,973,4765,872.1153425416
40758,1,4258,302,164,3097,332,0,0,0,224,139,0,466,3792,872.1153425416
40766,2,17646,884,258,3940,984,4483,955,1444,283,339,4075,1142,16503,1982.0803239582
40774,4,14409,5248,1020,5397,822,344,0,759,0,656,163,6268,8141,4043.4438608746
40782,3,18953,2953,198,4089,1092,610,849,605,1196,7360,0,3151,15801,2933.4788794581
40790,1,14165,1163,256,4057,819,150,0,1517,292,287,5623,1419,12745,872.1153425416
40808,2,10435,899,324,5556,688,111,0,2044,411,220,182,1223,9212,1982.0803239582
40816,4,13320,216,515,3940,1221,1433,308,1057,3815,634,182,731,12590,3171.3285183330
40824,2,14123,3249,412,2806,664,131,802,1756,764,2583,957,3661,10463,2140.6467498748
40832,2,5721,254,419,3097,509,57,100,607,204,472,0,673,5046,1982.0803239582
40840,1,9796,1010,559,3097,487,719,1193,153,300,1700,578,1569,8227,872.1153425416
40857,7,23592,3136,603,4160,2171,4030,568,1399,5112,1682,730,3739,19852,6025.5241848328
40865,2,21419,1702,388,7668,1935,0,0,1073,405,8249,0,2090,19330,1982.0803239582
40873,1,28393,4701,0,6108,1095,0,0,1004,340,2996,12149,4701,23692,1109.9649814166
40881,1,9195,1700,188,4207,406,33,0,58,370,2046,186,1888,7306,1109.9649814166
40899,4,21012,6353,1138,6108,971,1255,0,1165,1542,2481,0,7491,13522,4519.1431386246
40907,3,11580,646,0,4975,1264,0,557,2598,945,593,0,646,10932,2933.4788794581
40915,4,28263,3410,183,5075,2802,280,2169,900,4047,8525,872,3593,24670,3329.8949442497
40923,5,28579,2292,198,3808,1106,4062,0,1803,10834,3787,687,2490,26087,4202.0102867913
40931,4,19143,4039,1144,6520,1144,121,0,1575,3296,1304,0,5183,13960,3329.8949442497
40949,4,26247,3822,186,7263,1223,60,0,372,5806,6665,850,4008,22239,3329.8949442497
40956,3,26384,1978,911,12087,1423,0,301,2846,5525,1314,0,2889,23496,3171.3285183330
40964,5,20675,2650,805,7156,3069,0,0,1480,1626,3744,145,3455,17220,4836.2759904579
40972,6,48771,3021,1586,9352,6159,7697,815,4508,3159,11755,719,4607,44164,5946.2409718745
40980,2,4468,326,590,301,570,50,647,270,198,600,917,916,3553,1823.5138980415
40998,2,15537,1922,341,2826,931,857,969,671,501,4319,2199,2263,13273,1982.0803239582
41004,5,20116,2037,252,7105,3300,145,889,333,5582,473,0,2289,17827,3964.1606479163
41012,4,29547,4558,1232,8724,3200,194,841,1797,5921,2620,459,5790,23756,3329.8949442497
41020,1,27080,4657,1012,9114,4754,167,0,655,2250,3903,569,5669,21412,1109.9649814166
41038,5,35474,5568,747,8902,3252,884,80,1013,6486,7343,1197,6315,29157,4519.1431386246
41046,4,24652,4201,234,7143,3006,103,0,1297,4113,4513,43,4435,20218,3884.8774349580
41053,2,11077,890,156,7017,1284,0,350,466,354,492,67,1046,10030,2061.3635369165
41061,2,15073,506,52,7017,6055,0,0,742,502,55,145,558,14516,1744.2306850832
41079,4,21969,2803,2118,5871,1611,70,556,1299,3814,3826,0,4921,17047,3647.0277960830
41087,2,22982,3876,706,6094,1646,3008,0,259,3471,3017,905,4582,18400,2061.3635369165
41095,2,17157,187,117,5387,6533,327,363,1515,2236,250,241,304,16852,1744.2306850832
41103,2,25520,2088,474,5627,2367,677,0,9412,4165,710,0,2562,22958,1982.0803239582
41111,2,17173,1494,532,4089,839,171,109,1423,531,7553,431,2026,15146,1982.0803239582
41129,2,17772,2841,286,3775,1887,506,0,1945,719,4384,1430,3127,14646,1982.0803239582
41137,4,15074,3181,813,2574,1250,710,2150,688,406,2545,756,3994,11079,3488.4613701663
41145,3,16066,2008,544,3189,1188,0,0,866,4231,2540,1501,2552,13515,2854.1956664997
41152,5,16866,4214,2179,1503,703,0,461,637,0,1964,5204,6393,10472,5311.9752682078
41160,6,29783,5635,1499,1960,1326,3650,2996,4481,3202,4603,432,7134,22650,6342.6570366661
41178,1,5048,1045,161,2587,505,60,30,210,140,36,274,1206,3842,872.1153425416
41186,3,4204,1450,0,100,422,108,736,1117,55,120,95,1450,2753,2774.9124535414
41194,4,13511,1520,249,4574,1168,60,607,329,3556,547,900,1769,11741,3409.1781572080
41202,4,21461,1968,205,4020,2016,422,824,960,5333,5184,529,2173,19288,3171.3285183330
41210,3,15085,877,44,3956,1875,199,0,782,4352,1041,1959,921,14164,2616.3460276248
41228,3,18267,2474,108,5161,3135,0,953,3419,973,1378,665,2582,15684,2933.4788794581
41236,2,20840,846,1415,4006,2568,231,0,731,1787,9236,20,2261,18579,1982.0803239582
41244,2,24297,4544,1189,5161,1623,7845,795,774,433,1766,166,5733,18563,1982.0803239582
41251,3,9061,218,0,4984,1332,90,0,1158,759,520,0,218,8843,3171.3285183330
41269,2,22879,1853,178,5051,1185,697,7515,706,2469,2516,710,2031,20849,1982.0803239582
41277,4,23336,2860,745,4984,2148,392,0,1728,2721,7257,500,3605,19730,3726.3110090413
41285,3,22215,783,0,4884,11405,468,0,149,1095,1911,1520,783,21432,2695.6292405831
41293,1,9557,889,0,3159,623,231,251,73,2191,2140,0,889,8668,1189.2481943749
41301,2,8960,2569,818,3009,1,240,0,147,174,2002,0,3387,5573,2061.3635369165
41319,5,19508,1823,0,4984,2060,518,0,845,3358,2433,3487,1823,17685,4598.4263515829
41327,3,25680,4308,385,4884,2723,1541,0,380,4562,5629,1268,4693,20987,2299.2131757915
41335,5,17915,5095,2135,4944,2425,375,0,770,573,1423,174,7230,10684,4202.0102867913
41343,5,16762,2247,485,4764,585,1315,0,3125,632,983,2624,2732,14028,4598.4263515829
41350,2,34383,3100,428,6530,2043,3337,2444,10149,1961,4391,0,3528,30855,1982.0803239582
41368,3,26982,2801,1531,6622,6282,1324,961,1598,3111,1778,973,4332,22649,3092.0453053747
41376,5,39315,3734,657,6713,6859,323,999,921,8312,9894,901,4391,34922,4598.4263515829
41384,3,21324,2752,449,6684,1940,367,470,1651,2322,4241,449,3201,18124,3092.0453053747
41392,5,10679,2070,0,3240,1092,218,753,47,348,2172,739,2070,8609,4122.7270738330
41400,1,6432,1523,389,2052,231,187,0,1590,300,160,0,1912,4520,872.1153425416
41418,4,8864,1128,65,1867,700,110,331,183,235,4128,117,1193,7671,4439.8599256663
41426,4,39150,5054,607,4841,1250,192,74,594,2991,23547,0,5661,33489,3964.1606479163
41434,5,14055,401,96,4605,1642,201,60,254,4994,1802,0,497,13558,4122.7270738330
41442,1,6376,136,56,1943,878,0,0,1373,260,1062,667,192,6183,1109.9649814166
41459,2,17469,1030,691,2480,575,5689,0,416,336,6127,124,1721,15747,1982.0803239582
41467,1,17167,2979,508,4660,850,1219,0,243,1246,4849,612,3487,13679,1189.2481943749
41475,2,4955,375,389,1943,310,190,956,516,0,147,130,764,4192,1982.0803239582
41483,4,13043,384,0,4396,1441,262,651,543,3460,479,1428,384,12660,3329.8949442497
41491,1,12318,1954,0,4033,773,30,0,1067,378,3266,817,1954,10364,872.1153425416
41509,5,21318,3037,248,6618,4453,312,1151,1372,1708,1776,642,3285,18032,5074.1256293329
41517,3,39367,6814,2040,4372,3655,626,4855,2037,4525,8621,1822,8854,30513,3171.3285183330
41525,5,28641,4357,37,6367,1649,666,1706,1519,6772,5083,485,4394,24247,4756.9927774996
41533,3,14954,3036,645,6367,1008,636,440,626,381,801,1012,3681,11271,2933.4788794581
41541,6,23851,3044,319,5426,2166,508,607,904,6672,2854,1351,3363,20488,4836.2759904579
41558,9,30385,2693,899,6159,2432,848,237,886,12083,3070,1077,3592,26792,8800.4366383742
41566,5,35327,6748,2512,7774,3648,289,119,1732,4599,7699,207,9260,26067,4756.9927774996
41574,4,24330,1855,622,6348,2627,150,438,2431,6421,3237,200,2477,21852,3171.3285183330
41582,2,25958,2810,1848,8738,1963,72,300,2392,4479,2790,565,4658,21299,1982.0803239582
41590,2,35473,8418,1064,6379,1998,4188,691,408,986,11147,195,9482,25992,1982.0803239582
41608,1,17450,1621,184,4438,987,249,499,3081,1279,3542,1571,1805,15646,872.1153425416
41616,2,21024,2018,173,9044,3905,107,0,1564,1558,2582,73,2191,18833,2299.2131757915
41624,6,9840,1148,113,5587,1239,0,0,139,707,762,146,1261,8580,5470.5416941245
41632,3,19736,3382,1037,4925,907,113,500,922,2654,3953,1342,4419,15316,2774.9124535414
41640,4,12728,1673,1723,5461,1228,0,360,205,301,1560,216,3396,9331,4122.7270738330
41657,2,8342,1871,483,4179,948,0,0,61,548,81,170,2354,5987,2061.3635369165
41665,2,14509,2460,149,5284,1363,67,788,862,2013,1296,226,2609,11899,1585.6642591665
41673,6,15030,2144,853,2925,1443,60,866,914,3433,1453,939,2997,12033,4598.4263515829
41681,5,18382,2724,986,4509,1459,77,926,487,2177,4680,359,3710,14674,4202.0102867913
41699,6,20534,2627,365,3808,1280,20,468,2341,5106,4347,172,2992,17542,5470.5416941245
41707,6,9276,690,694,4666,1056,0,1028,-1130,1508,599,166,1384,7893,5153.4088422912
41715,5,22273,2960,207,5172,2146,310,308,2305,3592,4923,350,3167,19106,5074.1256293329
41723,5,34383,5860,916,5110,3294,1063,3125,752,4263,9868,130,6776,27605,4439.8599256663
41731,5,29367,8031,1394,3766,2157,492,703,616,2906,8317,986,9425,19943,4756.9927774996
41749,3,13059,1813,1163,3968,1550,77,750,454,1042,665,1576,2976,10082,2616.3460276248
41756,4,10814,940,574,3849,772,474,1449,82,1315,84,1275,1514,9300,3250.6117312914
41764,5,39235,2435,1001,6159,2748,2908,539,877,14831,908,6827,3436,35797,5074.1256293329
41772,6,9332,2183,936,0,1886,182,450,520,1522,1290,364,3119,6214,6025.5241848328
41780,6,11384,573,206,5217,1220,183,190,839,1410,663,883,779,10605,5946.2409718745
41798,9,28200,2924,399,5515,1582,2007,581,1563,5049,8192,387,3323,24876,8086.8877217493
41806,6,13906,2016,77,2479,1418,296,100,571,3332,1598,2019,2093,11813,5074.1256293329
41814,6,26698,4533,752,5415,1977,0,791,561,5819,6851,0,5285,21414,6263.3738237078
41822,2,9451,0,95,5616,1186,0,0,355,197,1468,533,95,9355,1982.0803239582
41830,7,33160,2310,311,6170,2480,1332,0,1218,4037,3434,11867,2621,30538,5866.9577589161
41848,6,26698,2783,1023,5465,1653,133,433,606,8408,5662,533,3806,22893,6104.8073977911
41855,3,16035,1819,175,4033,893,244,65,468,3008,5288,43,1994,14042,2616.3460276248
41863,2,18361,1628,35,6442,1806,167,30,2970,491,3277,1516,1663,16699,1982.0803239582
41871,1,18779,900,225,6571,1421,0,2198,2974,669,1304,2517,1125,17654,872.1153425416
41889,3,26145,4578,1096,4876,1100,110,262,960,1246,10873,1045,5674,20472,2933.4788794581
41897,3,13990,1767,239,4262,733,145,220,214,712,5637,60,2006,11983,2616.3460276248
41905,2,14722,1175,77,6517,1400,893,430,3382,408,209,233,1252,13472,1744.2306850832
41913,4,34858,3822,447,6486,1946,1004,2682,2214,3562,8368,4328,4269,30590,3884.8774349580
41921,5,13651,1074,0,6367,1281,0,137,867,2221,1703,0,1074,12576,4519.1431386246
41939,4,33099,3382,476,14057,2468,3510,350,975,404,6707,772,3858,29243,4360.5767127079
41947,2,63379,102,154,5416,1810,100,0,485,968,51349,2995,256,63123,1982.0803239582
41954,7,7704,1007,135,3511,774,0,180,403,887,532,274,1142,6561,5470.5416941245
41962,2,12513,332,173,4095,5688,140,763,1077,100,110,35,505,12008,1823.5138980415
41970,3,9979,0,0,3307,3641,1913,0,260,0,735,124,0,9980,2537.0628146664
41988,3,9065,3112,278,3206,359,147,1144,630,0,150,39,3390,5675,2933.4788794581
41996,1,7789,925,0,2595,597,824,1095,203,915,428,208,925,6865,1189.2481943749
42002,1,7608,2274,681,2790,162,472,139,711,159,89,130,2955,4652,1109.9649814166
42010,3,8070,2424,695,3821,518,0,0,174,0,282,156,3119,4951,3171.3285183330
42028,4,15990,3762,77,5359,1094,82,0,1278,2381,1566,393,3839,12153,4122.7270738330
42036,4,17492,1162,510,4836,1387,306,201,2194,2818,2814,1263,1672,15819,3805.5942219997
42044,4,18039,2692,397,2930,1178,74,270,2537,4709,2796,458,3089,14952,3329.8949442497
42051,1,5838,0,55,3497,683,157,210,825,271,140,0,55,5783,872.1153425416
42069,2,10281,3349,0,4283,1369,0,0,0,351,928,0,3349,6931,2061.3635369165
42077,1,4268,0,154,3456,266,0,0,109,138,146,0,154,4115,1109.9649814166
42085,3,12535,1358,468,3696,939,0,2466,770,284,2554,0,1826,10709,3012.7620924164
42093,5,11873,507,102,4283,1339,1422,500,557,682,957,1522,609,11262,5153.4088422912
42101,1,5567,0,0,3497,871,0,0,121,271,807,0,0,5567,1189.2481943749
42119,1,6837,1116,296,3606,616,45,200,224,246,488,0,1412,5425,1109.9649814166
42127,2,13728,5834,1024,2002,509,1135,551,218,1299,767,391,6858,6872,2061.3635369165
42135,4,13110,1523,1520,4296,1546,0,1702,566,785,1043,130,3043,10068,4360.5767127079
42143,5,9311,2323,781,3622,1201,89,0,808,300,187,0,3104,6207,4202.0102867913
42150,5,13588,1218,163,4428,1552,152,262,577,4567,490,180,1381,12208,4122.7270738330
42168,5,21248,131,113,4408,1406,5336,0,1409,893,7553,0,244,21005,5074.1256293329
42176,4,11323,2176,945,3472,1571,0,0,129,241,2508,281,3121,8202,4202.0102867913
42184,2,15593,2117,570,4296,966,133,500,1722,1152,4137,0,2687,12906,1744.2306850832
42192,2,11266,2550,478,4296,850,33,50,1786,466,757,0,3028,8238,1982.0803239582
42200,4,12634,3071,180,3781,1391,120,1199,854,1786,80,173,3251,9384,3250.6117312914
42218,5,11838,2000,382,4666,1070,384,400,220,1734,854,129,2382,9457,4043.4438608746
42226,1,5544,249,76,3500,543,20,189,403,260,305,0,325,5220,872.1153425416
42234,5,16019,1948,0,4956,2105,484,2608,403,1001,2201,314,1948,14072,5074.1256293329
42242,5,25797,3628,210,4500,1606,100,652,506,1760,11391,1443,3838,21958,4756.9927774996
42259,3,5780,634,87,3300,657,150,0,111,480,300,60,721,5058,2457.7796017081
42267,1,6731,2153,488,1658,485,865,0,0,7,643,432,2641,4090,1189.2481943749
42275,4,6002,494,192,3742,492,0,186,318,534,1,43,686,5316,3884.8774349580
42283,3,8666,944,544,2498,1224,130,892,534,517,931,453,1488,7179,2695.6292405831
42291,3,18929,2471,642,4182,2004,1165,1413,3213,340,1156,2345,3113,15818,2933.4788794581
42309,2,3967,0,0,2648,642,0,0,140,27,511,0,0,3968,1982.0803239582
42317,3,17347,1750,774,3368,5869,2552,100,357,2180,289,109,2524,14824,2854.1956664997
42325,2,6466,1228,1107,2539,226,0,201,571,75,519,0,2335,4131,2061.3635369165
42333,2,11269,753,401,4722,1309,84,0,1294,150,2557,0,1154,10116,1982.0803239582
42341,1,4426,656,317,2057,97,683,0,25,482,66,43,973,3453,872.1153425416
42358,8,11769,951,280,5425,1407,62,0,142,2955,179,368,1231,10538,7531.9052310410
42366,9,13686,1639,428,5468,1580,237,395,791,2167,308,674,2067,11620,7214.7723792077
42374,2,8204,1696,400,4145,808,285,0,545,255,70,0,2096,6108,1982.0803239582
42382,1,1687,336,165,677,163,0,0,116,0,75,155,501,1186,1109.9649814166
42390,6,12108,2582,703,4400,625,272,139,379,1818,178,1011,3285,8822,4756.9927774996
42408,1,5243,185,8,3459,408,225,10,260,499,83,106,193,5050,872.1153425416
42416,8,15438,2853,950,4145,1237,319,739,1077,1630,2142,346,3803,11635,6580.5066755411
42424,5,16902,1814,790,4245,2653,394,643,1390,4193,531,249,2604,14298,4122.7270738330
42432,8,14983,1276,658,5425,1204,0,0,2639,2480,165,1135,1934,13048,6501.2234625827
42440,4,13290,1715,745,4145,2323,387,191,1032,1491,1160,100,2460,10829,4122.7270738330
42457,6,20340,6421,1013,5425,1540,345,271,769,2217,852,1486,7434,12905,5549.8249070828
42465,10,17422,3506,246,3459,1395,364,1394,669,5442,193,753,3752,13669,8166.1709347076
42473,5,15402,2420,83,4682,1924,60,0,1105,1240,3888,0,2503,12899,5311.9752682078
42481,3,14309,1221,170,4256,1272,148,706,1954,0,4110,471,1391,12917,3012.7620924164
42499,2,6808,1141,541,3340,701,0,0,403,216,419,48,1682,5127,1982.0803239582
42507,4,2776,893,86,601,349,0,0,74,0,774,0,979,1798,3567.7445831247
42515,4,32760,5379,272,6121,1292,631,293,718,3380,13250,1426,5651,27111,4439.8599256663
42523,2,14972,2214,694,7017,991,479,0,455,1585,1536,0,2908,12063,1982.0803239582
42531,2,68552,3251,193,4100,627,0,411,3636,48762,3466,4106,3444,65108,2140.6467498748
42549,2,13067,1523,487,5717,1396,106,251,812,0,1855,920,2010,11057,2140.6467498748
42556,1,5304,531,140,1755,290,60,501,43,117,1867,0,671,4633,1189.2481943749
42564,1,6308,1735,0,1705,93,0,2457,2,0,315,0,1735,4572,951.3985554999
42572,2,6109,1073,41,3410,806,0,20,102,0,657,0,1114,4995,2140.6467498748
42580,3,30662,5330,1168,7092,3870,814,535,1507,3838,6509,0,6498,24165,2854.1956664997
42598,5,32309,3350,1621,5387,1157,165,2305,183,2417,14483,1242,4971,27339,4281.2934997496
42606,1,3559,615,139,1453,253,0,0,42,0,1057,0,754,2805,1189.2481943749
42614,1,11166,545,0,1505,339,33,654,109,755,5810,1416,545,10621,1189.2481943749
42622,1,5790,2269,207,1500,303,0,0,0,131,1380,0,2476,3314,1189.2481943749
42630,2,7231,1798,1324,2512,611,78,301,259,190,29,131,3122,4111,1982.0803239582
42648,1,3664,200,0,2234,632,0,0,338,1,24,235,200,3464,872.1153425416
42655,4,18385,977,483,4743,913,220,1874,755,1822,5929,668,1460,16924,4202.0102867913
42663,8,11676,1459,279,2817,1637,393,0,633,2513,544,1402,1738,9939,7214.7723792077
42671,1,5935,1107,270,1711,497,0,120,45,395,927,863,1377,4558,872.1153425416
42689,4,9847,496,0,4012,941,0,130,451,1494,652,1670,496,9350,3805.5942219997
42697,7,7758,770,29,3742,444,241,912,0,821,492,307,799,6959,7373.3388051243
42705,1,6839,1104,641,3139,763,25,0,224,207,695,41,1745,5094,872.1153425416
42713,2,7203,1744,262,3210,916,78,0,158,229,607,0,2006,5198,2061.3635369165
42721,3,8414,1211,565,3742,1121,0,0,142,0,1378,255,1776,6638,3092.0453053747
42739,4,10123,782,125,3742,676,38,0,256,337,4167,0,907,9216,4202.0102867913
42747,2,17352,2149,283,5567,2347,422,739,489,1933,3225,200,2432,14922,1982.0803239582
42754,2,12525,2525,14,3912,529,863,0,2,400,4280,0,2539,9986,2140.6467498748
42762,4,13415,4284,0,1998,1074,67,180,276,2926,2101,508,4284,9130,3250.6117312914
42770,2,5314,829,591,2856,121,0,0,204,320,389,5,1420,3895,2061.3635369165
42788,1,7115,1542,46,2104,111,33,1502,260,688,633,196,1588,5527,872.1153425416
42796,5,33563,6579,658,5828,1917,358,597,671,1872,13043,2040,7237,26326,4677.7095645412
42804,1,2849,0,0,2189,362,0,0,60,189,50,0,0,2850,872.1153425416
42812,1,3718,1678,732,377,81,216,0,185,17,42,389,2410,1307,872.1153425416
42820,4,14462,2895,715,4201,684,924,531,652,300,3516,44,3610,10852,4122.7270738330
42838,5,15599,3828,931,4281,1523,78,558,868,1195,2077,260,4759,10840,4915.5592034162
42846,3,18246,2428,435,4201,2917,181,78,962,1239,5498,307,2863,15383,3171.3285183330
42853,6,15767,0,0,4301,1545,250,3006,321,4584,1628,133,0,15768,5787.6745459578
42861,1,3600,369,78,2106,195,0,0,87,54,258,453,447,3153,872.1153425416
42879,6,33939,739,0,1766,2656,0,0,501,2775,25503,0,739,33201,5708.3913329995
42887,2,7137,869,419,2722,588,1161,0,141,230,716,292,1288,5850,1982.0803239582
42895,2,9576,0,0,2762,837,601,120,591,270,4394,0,0,9575,1982.0803239582
42903,2,30762,3307,458,6511,3044,47,2708,602,2311,11104,668,3765,26995,1982.0803239582
42911,5,51486,495,99,6750,4397,2418,0,494,5770,30681,381,594,50891,4915.5592034162
42929,4,34691,400,0,6651,2108,0,0,3407,7817,14158,150,400,34291,4122.7270738330
42937,5,18394,1665,424,6893,2859,0,0,205,3876,2406,65,2089,16304,4122.7270738330
42945,6,24982,1092,704,6612,1882,80,0,8649,1911,3702,350,1796,23186,5787.6745459578
42952,5,12295,1790,522,4100,1457,281,0,529,900,2610,105,2312,9982,4756.9927774996
42960,4,9058,334,52,1759,663,2113,0,407,2530,1049,152,386,8673,3171.3285183330
42978,2,4012,709,0,1803,315,0,0,905,170,110,0,709,3303,1982.0803239582
42986,2,3473,301,0,1700,607,0,0,122,60,160,523,301,3172,1982.0803239582
42994,1,4608,58,334,3039,205,56,0,649,120,83,65,392,4217,872.1153425416
43000,2,17460,1579,483,2942,406,2468,0,950,481,6617,1534,2062,15398,2061.3635369165
43018,1,13607,850,390,5586,743,129,802,1065,365,3361,318,1240,12369,1109.9649814166
43026,1,4078,993,661,589,728,128,0,1,405,346,226,1654,2423,872.1153425416
43034,5,18135,3834,420,3507,993,551,87,201,4474,2810,1257,4254,13880,4122.7270738330
43042,1,12945,1073,744,4246,1139,334,0,1366,772,2950,321,1817,11128,872.1153425416
43059,4,6808,1997,36,2004,895,0,0,430,198,242,1007,2033,4776,3171.3285183330
43067,3,19558,2303,595,4246,1519,230,67,257,7378,1897,1067,2898,16661,2140.6467498748
43075,3,13208,1378,488,2679,6141,0,0,902,600,738,282,1866,11342,2854.1956664997
43083,2,17036,1287,647,2957,5352,665,712,2254,912,1945,304,1934,15101,1982.0803239582
43091,3,18781,2739,723,2770,4528,242,973,2206,625,2717,1260,3462,15321,3171.3285183330
43109,2,17845,1383,583,4114,2048,1352,217,1579,3123,2840,605,1966,15878,1982.0803239582
43117,2,8250,1270,137,2503,906,0,0,457,1034,1944,0,1407,6844,2299.2131757915
43125,2,4876,399,374,125,801,630,0,312,890,1261,84,773,4103,1982.0803239582
43133,2,39801,9096,1599,5129,2520,2957,0,1211,705,16423,160,10695,29105,1982.0803239582
43141,1,12023,613,386,4125,629,581,0,320,394,1632,3343,999,11024,1109.9649814166
43158,2,13234,2017,385,2646,872,1166,0,3192,400,2081,476,2402,10833,2299.2131757915
43166,4,9007,767,57,1700,692,0,78,130,2481,2122,979,824,8182,3884.8774349580
43174,5,21042,3655,1589,4120,1408,100,652,210,5979,3000,329,5244,15798,5232.6920552495
43182,2,15567,2318,370,3456,2299,867,0,572,1663,3975,50,2688,12882,1982.0803239582
43190,5,7040,1384,484,2110,600,326,20,22,0,1917,177,1868,5172,4836.2759904579
43208,2,8984,1702,319,2230,629,60,682,1367,295,593,1106,2021,6962,1982.0803239582
43216,4,19236,3179,562,1998,1205,320,574,306,2471,6878,1743,3741,15495,3250.6117312914
43224,2,7837,2382,292,3240,682,0,0,217,490,465,70,2674,5164,1982.0803239582
43232,1,2387,656,70,109,1323,0,0,80,0,149,0,726,1661,1109.9649814166
43240,2,16197,2282,772,3006,1395,0,692,503,2459,1665,3423,3054,13143,1982.0803239582
43257,1,9100,1223,587,1831,1833,169,201,358,549,1053,1296,1810,7290,872.1153425416
43265,2,7641,1233,592,2208,408,131,0,1260,470,1156,182,1825,5815,1982.0803239582
43273,6,52523,6496,1364,4120,2895,2210,1705,4222,4347,23650,1513,7860,44662,6818.3563144160
43281,2,12505,1772,346,3598,1612,93,0,1580,1793,602,1108,2118,10386,1982.0803239582
43299,2,12034,2344,0,4058,1621,313,0,664,1034,1957,43,2344,9690,1982.0803239582
43307,2,24562,5098,1165,3463,2771,954,248,1411,3376,3473,2604,6263,18300,1982.0803239582
43315,3,26159,1362,556,7347,847,11859,451,450,990,549,1749,1918,24242,2616.3460276248
43323,3,10644,773,224,3601,1265,51,43,1610,1894,1171,11,997,9646,2854.1956664997
43331,3,34393,3665,2147,6000,4496,3818,796,2804,5185,5283,199,5812,28581,2933.4788794581
43349,6,21877,2136,775,6100,3552,85,802,470,5680,2209,69,2911,18967,5629.1081200411
43356,3,9461,1810,566,2941,848,279,43,1850,419,655,50,2376,7085,2854.1956664997
43364,2,9174,872,557,2890,678,290,157,676,234,2712,108,1429,7745,1982.0803239582
43372,2,4583,752,279,2146,374,40,271,189,0,394,139,1031,3553,1982.0803239582
43380,2,11507,2353,741,1736,1498,193,0,1389,511,1696,1390,3094,8413,2299.2131757915
43398,1,3990,362,0,1300,383,0,0,197,8,1280,460,362,3628,1189.2481943749
43406,4,31705,4561,670,3871,1574,375,1415,5628,11002,1361,1248,5231,26474,3726.3110090413
43414,4,9831,1850,216,3206,420,0,460,392,2397,457,433,2066,7765,3329.8949442497
43422,1,5877,76,351,3940,528,0,0,737,200,45,0,427,5450,872.1153425416
43430,2,15968,1295,374,6513,1087,2828,76,1165,630,1388,613,1669,14300,1982.0803239582
43448,4,44320,2051,427,3177,4332,43,0,404,1954,31873,60,2478,41843,3964.1606479163
43455,1,5811,0,0,3448,1036,77,0,368,231,651,0,0,5811,872.1153425416
43463,2,16981,1256,985,2802,2297,87,251,6315,964,1721,303,2241,14740,1982.0803239582
43471,2,19259,687,209,3240,862,27,0,643,91,3550,9950,896,18363,1982.0803239582
43489,1,16603,2138,342,2632,1751,164,171,1072,1927,5798,608,2480,14123,872.1153425416
43497,6,20586,3428,617,5457,1350,1045,2237,1457,0,2014,2981,4045,16541,6184.0906107494
43505,6,22366,5584,1251,5457,1514,602,2086,0,0,4151,1721,6835,15531,6104.8073977911
43513,4,9643,1337,343,3317,695,127,229,396,1450,1496,252,1680,7962,3012.7620924164
43521,6,23147,1755,617,4833,2538,67,0,1133,6028,5966,209,2372,20774,4915.5592034162
43539,2,12052,2344,7,2212,1017,3348,0,842,1405,861,15,2351,9700,1982.0803239582
43547,4,20692,4816,33,2399,1540,1128,280,1838,5094,1428,2136,4849,15843,3647.0277960830
43554,3,16106,2103,1196,2706,1436,916,530,197,4493,2316,213,3299,12807,2616.3460276248
43562,3,21420,1414,399,4473,5654,1738,0,1466,65,3343,2867,1813,19606,3012.7620924164
43570,2,11816,0,0,4473,6892,0,0,200,0,251,0,0,11816,1744.2306850832
43588,2,11192,3481,499,3000,2311,300,0,469,345,631,156,3980,7212,1982.0803239582
43596,2,15689,1237,458,1230,87,417,740,35,204,11040,242,1695,13995,1982.0803239582
43604,3,13688,756,626,2512,694,641,1262,391,2317,3544,947,1382,12308,2854.1956664997
43612,3,6398,256,265,3240,1159,75,0,246,240,918,0,521,5878,3250.6117312914
43620,2,16478,4514,361,2200,1252,446,0,343,1561,3609,2192,4875,11603,2378.4963887498
43638,4,16143,2823,0,3500,942,103,0,1630,4281,1584,1280,2823,13320,3171.3285183330
43646,8,17399,3706,1566,1400,1137,800,200,1061,2786,4443,301,5272,12128,7849.0380828743
43653,2,5437,369,487,2635,922,0,0,735,240,49,0,856,4581,1744.2306850832
43661,2,22894,2607,510,4434,3010,9109,0,286,1527,1394,17,3117,19777,1982.0803239582
43679,1,8324,327,126,5286,1517,0,0,377,200,491,0,453,7871,1109.9649814166
43687,3,27151,2738,290,5245,1930,2011,0,6114,3603,5072,148,3028,24123,3250.6117312914
43695,1,6831,608,0,3966,828,1036,0,0,221,172,0,608,6223,1189.2481943749
43703,1,11818,3368,0,3500,426,2140,550,48,735,760,291,3368,8450,1189.2481943749
43711,11,27966,2293,512,5161,2587,43,364,1870,8011,6179,946,2805,25161,9672.5519809158
43729,1,7078,783,392,4136,1343,0,50,47,256,70,0,1175,5902,1109.9649814166
43737,5,17872,2320,0,5613,1498,120,360,445,1463,5235,819,2320,15553,4994.8424163745
43745,4,24582,6133,891,3763,1681,915,542,1300,4655,4643,59,7024,17558,3409.1781572080
43752,5,27513,2424,216,4136,2275,435,2182,3227,5183,7369,65,2640,24872,4519.1431386246
43760,3,20394,1454,681,4245,1687,477,4748,792,470,4140,1700,2135,18259,2933.4788794581
43778,2,9368,957,288,3428,3157,78,0,863,0,120,477,1245,8123,2299.2131757915
43786,4,16382,3784,426,3862,1516,1103,44,818,2029,1745,1056,4210,12173,3409.1781572080
43794,6,11477,1344,1507,5551,1567,0,30,461,379,220,418,2851,8626,4756.9927774996
43802,4,5700,472,307,3459,627,97,0,167,2,416,155,779,4923,4360.5767127079
43810,1,6014,1121,134,3230,835,77,80,4,34,447,52,1255,4759,1189.2481943749
43828,5,13381,520,62,4136,1526,80,1550,390,1828,2850,439,582,12799,5074.1256293329
43836,5,17014,2517,1254,5487,1353,36,221,328,2082,1891,1844,3771,13242,4915.5592034162
43844,7,42982,8790,379,5788,4478,3719,2525,4139,8313,1782,3069,9169,33813,5946.2409718745
43851,2,19398,2015,150,3419,698,0,0,845,933,3610,7730,2165,17235,1982.0803239582
43869,2,15237,628,525,5511,5269,64,542,2047,300,352,0,1153,14085,1744.2306850832
43877,3,17067,1135,1002,3960,1836,0,0,240,4494,686,3713,2137,14929,2616.3460276248
43885,2,16110,1429,0,3933,2375,0,813,1810,1396,3989,365,1429,14681,2140.6467498748
43893,1,15171,2570,1053,4135,473,47,654,680,665,4520,374,3623,11548,872.1153425416
43901,3,48964,1021,649,5059,1660,0,0,37568,2203,803,0,1670,47293,2933.4788794581
43919,4,26791,5539,60,5685,1082,57,760,669,1920,8000,3017,5599,21190,4043.4438608746
43927,1,7418,723,231,3472,1026,0,251,1024,210,72,410,954,6465,872.1153425416
43935,1,7684,1087,448,3300,698,0,80,201,355,220,1295,1535,6149,872.1153425416
43943,3,29117,3309,639,3600,795,60,853,847,3505,15061,448,3948,25169,2695.6292405831
43950,2,11534,1924,202,3200,1108,71,60,122,0,4313,534,2126,9408,1982.0803239582
43968,2,5973,0,0,5000,598,25,0,104,1,245,0,0,5973,2140.6467498748
43976,2,17844,3321,555,4500,1471,265,702,997,3228,2805,0,3876,13968,1982.0803239582
43984,2,12624,2255,814,3556,992,195,201,909,808,2543,352,3069,9556,1982.0803239582
43992,2,17971,4218,320,2188,1658,181,700,886,366,5509,1945,4538,13433,1982.0803239582
44008,2,84375,4536,521,5387,1919,0,0,557,61365,8968,1121,5057,79317,2061.3635369165
44016,1,8458,993,228,3497,339,67,950,143,552,1446,244,1221,7238,872.1153425416
44024,1,14373,2890,295,4739,980,0,2106,104,640,370,2248,3185,11187,872.1153425416
44032,2,104822,12591,970,7352,8433,24574,4491,16056,2513,26115,1727,13561,91261,1982.0803239582
44040,3,10519,588,33,6000,630,351,0,133,787,1998,0,621,9899,3567.7445831247
44057,1,7682,305,181,4000,261,0,201,348,379,619,1389,486,7197,872.1153425416
44065,4,12759,890,295,5133,1009,0,1140,214,2367,1675,35,1185,11573,3726.3110090413
44073,2,6523,1287,478,3300,314,0,301,490,180,172,0,1765,4757,1982.0803239582
44081,1,5522,609,398,2170,242,133,0,260,1,1619,90,1007,4515,872.1153425416
44099,2,11729,3709,105,3600,789,0,86,744,1761,695,239,3814,7914,1982.0803239582
44107,2,13046,2454,925,3556,2295,56,0,800,298,2466,196,3379,9667,1982.0803239582
44115,3,15854,4076,438,3800,1041,0,0,398,1700,348,4054,4514,11341,3012.7620924164
44123,1,6468,208,196,2896,415,0,0,733,820,1200,0,404,6064,1109.9649814166
44131,2,9305,2701,322,3000,960,33,99,185,312,190,1503,3023,6282,2140.6467498748
44149,3,10111,3444,1006,2036,1163,222,702,0,0,1472,65,4450,5660,3171.3285183330
44156,7,12906,3800,719,3176,896,283,0,100,0,2210,1722,4519,8387,6501.2234625827
44164,5,21904,5869,755,2036,1917,1331,1448,5602,840,1028,1079,6624,15281,4677.7095645412
44172,4,16034,1871,726,6097,1554,213,908,1224,1447,1731,262,2597,13436,4122.7270738330
44180,1,2025,513,324,180,172,0,0,211,505,119,0,837,1187,872.1153425416
44198,4,25607,1252,418,4814,3990,80,948,956,5688,6786,676,1670,23938,3171.3285183330
44206,2,7195,870,254,3110,1946,398,100,143,200,143,33,1124,6073,1982.0803239582
44214,1,7419,740,1654,3110,867,111,0,301,0,37,598,2394,5024,872.1153425416
44222,3,79944,5777,1177,5346,4636,3093,671,518,6500,48508,3717,6954,72989,3171.3285183330
44230,3,37273,1787,113,6008,2307,15654,1522,601,570,7553,1159,1900,35374,2616.3460276248
44248,3,6911,336,0,2500,1333,190,435,302,535,579,702,336,6576,2695.6292405831
44255,2,12742,438,226,5397,1001,0,651,947,200,1878,2004,664,12078,1982.0803239582
44263,3,13769,3185,330,2608,610,763,531,283,3881,1142,435,3515,10253,3012.7620924164
44271,4,13810,1455,262,3940,885,3277,0,508,2443,1040,0,1717,12093,4360.5767127079
44289,4,28672,4461,459,5397,1940,416,1062,778,1534,11584,1040,4920,23751,3329.8949442497
44297,2,19062,3761,1359,3534,3298,0,0,3617,1277,1887,330,5120,13943,1982.0803239582
44305,6,34478,4976,777,6531,8654,200,1102,1209,5878,3183,1969,5753,28726,5787.6745459578
44313,1,9048,507,0,4990,903,130,0,203,1190,1029,95,507,8540,1109.9649814166
44321,2,17057,2288,1151,3647,1738,60,0,3918,429,2892,934,3439,13618,1982.0803239582
44339,2,8654,876,697,3811,1196,0,855,739,200,210,69,1573,7080,1982.0803239582
44347,4,30425,4179,1034,3940,1970,315,2946,4595,4484,5446,1515,5213,25211,3884.8774349580
44354,5,14825,1549,586,5397,1455,0,1483,380,663,2889,423,2135,12690,5074.1256293329
44362,4,14224,1293,595,3940,1185,0,180,412,3915,2193,510,1888,12335,3250.6117312914
44370,5,34403,1506,353,3940,2527,1787,100,2360,1362,17697,2771,1859,32544,4122.7270738330
44388,2,37631,2699,199,3410,726,0,7776,376,20751,916,777,2898,34732,2140.6467498748
44396,1,9702,414,218,3940,853,0,109,445,0,801,2922,632,9070,872.1153425416
44404,4,24851,1471,362,5139,1437,0,1002,2552,6196,6251,442,1833,23019,3409.1781572080
44412,4,18313,5163,0,5133,1391,0,0,1664,2586,1731,647,5163,13152,4360.5767127079
44420,2,13844,889,670,3926,6833,0,0,764,434,223,104,1559,12284,1744.2306850832
44438,3,6304,0,0,3410,874,7,1475,139,70,150,180,0,6305,2695.6292405831
44446,1,31261,2481,129,5278,1066,1510,645,1015,578,16975,1584,2610,28651,1109.9649814166
44453,3,20415,739,162,7404,2150,1452,2555,271,1833,1685,2165,901,19515,2854.1956664997
44461,1,11472,2179,0,3926,824,0,0,188,250,4106,0,2179,9294,1109.9649814166
44479,5,18503,981,340,7095,3033,0,920,869,1629,3484,152,1321,17182,4677.7095645412
44487,6,29895,712,274,16595,2941,0,3208,1027,3220,1673,245,986,28909,5787.6745459578
44495,8,26364,494,0,0,1425,344,1583,1409,14113,5632,1364,494,25870,6739.0731014577
44503,5,38544,3375,402,7137,2934,187,353,1101,8244,14745,67,3777,34768,4281.2934997496
44511,1,3270,0,0,3006,235,0,0,0,0,29,0,0,3270,872.1153425416
44529,3,39399,6197,1363,9092,1006,947,271,2519,3411,14376,217,7560,31839,3171.3285183330
44537,5,32819,5872,362,8902,4122,49,1051,1499,3529,7292,142,6234,26586,4836.2759904579
44545,5,57764,4387,220,6572,6688,357,381,3107,10576,5109,20368,4607,53158,3964.1606479163
44552,1,5709,320,158,2672,1320,0,251,227,237,373,151,478,5231,1109.9649814166
44560,1,4349,87,112,3006,242,0,0,137,150,614,0,199,4149,1109.9649814166
44578,2,14774,1185,113,5015,843,433,321,-177,830,6211,0,1298,13476,2061.3635369165
44586,1,8942,1678,689,3193,1168,0,0,290,331,1588,7,2367,6577,872.1153425416
44594,2,11394,1578,459,5015,906,307,0,960,753,773,644,2037,9358,2061.3635369165
44602,4,19005,2051,678,4814,1132,363,581,1989,3380,3916,100,2729,16275,3171.3285183330
44610,4,20997,545,0,5378,1963,40,1003,1487,4980,3986,1614,545,20451,3171.3285183330
44628,3,18841,4781,783,3584,2490,817,731,779,874,3835,167,5564,13277,2933.4788794581
44636,2,15821,1676,1327,3584,2807,60,502,2325,858,2462,220,3003,12818,1982.0803239582
44644,2,19697,3122,1572,3953,2496,302,791,633,806,5872,151,4694,15004,1982.0803239582
44651,5,19382,1905,204,1750,1257,318,1545,402,6070,4450,1482,2109,17274,4598.4263515829
44669,2,13810,2582,555,3584,1038,0,181,575,163,2323,2810,3137,10674,1982.0803239582
44677,4,14656,39,168,2957,1301,0,2187,517,3812,1667,2008,207,14449,4281.2934997496
44685,1,11815,2358,674,3584,1297,274,201,2010,130,1237,51,3032,8784,872.1153425416
44693,1,5691,995,0,953,893,0,0,214,651,1986,0,995,4697,1189.2481943749
44701,2,14718,1958,167,2553,1924,575,79,711,1657,4979,116,2125,12594,1982.0803239582
44719,1,5664,391,0,2553,905,330,120,1033,70,262,0,391,5273,872.1153425416
44727,2,20375,2367,1464,3930,3476,262,130,3610,1689,3184,261,3831,16542,1982.0803239582
44735,2,15846,1883,1183,3930,1261,311,0,457,2227,3537,1056,3066,12779,1982.0803239582
44743,4,13950,2195,34,2847,1460,0,451,0,2442,1470,3051,2229,11721,3250.6117312914
44750,2,12677,1046,398,2790,756,236,281,5682,377,1111,0,1444,11233,1982.0803239582
44768,1,4766,356,0,1805,368,601,0,716,283,543,92,356,4408,872.1153425416
44776,1,4574,992,240,2512,322,210,0,295,0,2,0,1232,3341,872.1153425416
44784,1,5896,1264,128,2512,235,33,160,231,668,616,49,1392,4504,872.1153425416
44792,2,4312,1364,73,2006,156,63,100,102,50,154,243,1437,2874,2061.3635369165
44800,1,2973,367,156,1705,194,126,40,0,230,150,5,523,2450,872.1153425416
44818,4,3994,547,610,2006,683,0,0,0,47,101,0,1157,2837,3250.6117312914
44826,4,15199,2352,308,3240,968,0,0,4744,2636,923,28,2660,12539,3964.1606479163
44834,4,13525,1300,692,4735,1490,2355,497,247,767,1139,303,1992,11533,3567.7445831247
44842,2,4974,776,558,2320,782,0,0,20,300,218,0,1334,3640,1982.0803239582
44859,2,9552,497,174,1843,498,17,501,67,2011,3944,0,671,8881,1744.2306850832
44867,4,20487,2875,1337,1960,910,812,3006,358,2639,2309,4281,4212,16275,4122.7270738330
44875,2,7695,1201,68,2340,888,1326,0,627,0,1178,67,1269,6426,1982.0803239582
44883,2,5558,491,805,1760,809,0,17,180,27,1352,118,1296,4263,1982.0803239582
44891,2,30730,3885,1243,6431,2362,0,1099,4334,4966,5514,896,5128,25602,1982.0803239582
44909,5,12660,144,0,3147,1022,200,802,173,596,4556,2020,144,12516,4122.7270738330
44917,2,18052,3347,738,2212,2472,0,351,863,1088,6621,361,4085,13968,1982.0803239582
44925,2,100990,7630,1325,13555,3743,369,251,2845,3273,25251,42749,8955,92036,1982.0803239582
44933,2,8490,1260,0,1755,335,110,80,70,0,3576,1304,1260,7230,2140.6467498748
44941,3,16435,2292,353,3204,8724,223,0,274,367,799,198,2645,13789,2616.3460276248
44958,3,13598,3826,769,2100,1857,100,0,310,0,3093,1542,4595,9002,3250.6117312914
44966,7,23385,967,243,5425,1630,131,341,8112,2843,3094,600,1210,22176,5391.2584811662
44974,4,9630,270,0,3850,1047,31,610,715,2928,80,100,270,9361,3250.6117312914
44982,1,4671,99,152,2572,548,20,0,292,180,117,690,251,4419,872.1153425416
44990,7,15195,1455,602,5475,776,0,1492,285,3558,457,1096,2057,13139,6104.8073977911
45005,5,13490,1948,439,5216,1275,0,2189,223,1789,411,0,2387,11103,5549.8249070828
45013,6,13028,1221,143,4187,1284,87,642,926,385,2795,1358,1364,11664,4756.9927774996
45021,10,8826,1730,214,2543,391,0,321,22,2109,907,588,1944,6881,8324.7373606242
45039,4,18608,3442,852,3506,1311,428,0,264,1369,5906,1531,4294,14315,4281.2934997496
45047,1,6885,718,504,3472,579,58,200,236,260,492,366,1222,5663,872.1153425416
45054,1,8943,1189,247,2896,656,814,1904,321,824,49,43,1436,7507,872.1153425416
45062,2,11039,2044,850,3472,1139,1898,418,390,539,136,152,2894,8144,2061.3635369165
45070,1,5883,532,472,2896,854,190,0,219,209,60,452,1004,4880,872.1153425416
45088,2,7841,248,194,5461,780,120,0,222,141,674,0,442,7398,1982.0803239582
45096,2,17751,1302,728,4375,1230,128,0,2627,425,6019,915,2030,15719,1982.0803239582
45104,1,9146,451,826,3472,782,0,471,318,121,1517,1189,1277,7870,872.1153425416
45112,2,7103,569,668,3414,362,178,0,1336,361,214,0,1237,5865,1982.0803239582
45120,2,8043,227,0,3739,800,120,109,1244,478,1101,225,227,7816,1982.0803239582
45138,5,23007,1763,1688,4012,1023,100,481,1140,5637,2916,4246,3451,19555,4756.9927774996
45146,2,12732,337,1154,6018,1437,864,0,86,460,2374,0,1491,11239,1585.6642591665
45153,5,14243,239,43,6018,2029,0,0,478,3402,2032,0,282,13959,4202.0102867913
45161,3,24573,4147,1469,4663,2035,359,0,1346,6862,2737,954,5616,18956,2854.1956664997
45179,5,23469,1851,463,2752,1254,3289,883,257,4971,7749,0,2314,21155,3884.8774349580
45187,7,14980,2203,317,4663,869,386,114,701,5123,503,100,2520,12459,5549.8249070828
45195,14,22386,4468,340,4663,1519,209,87,3750,3340,3431,578,4808,17577,13874.5622677071
45203,8,18002,4633,871,4086,1772,320,301,1915,1208,2757,138,5504,12497,7373.3388051243
45211,2,16605,3650,897,4062,2263,805,454,1372,989,1463,651,4547,12059,1982.0803239582
45229,1,20852,3422,1417,3404,765,0,149,3884,200,7556,56,4839,16014,1109.9649814166
45237,2,5030,889,244,1431,204,204,120,1339,299,300,0,1133,3897,1982.0803239582
45245,1,5588,1378,189,2498,787,0,0,220,0,516,0,1567,4021,1189.2481943749
45252,1,4995,1068,293,2355,449,0,251,0,100,481,0,1361,3636,1189.2481943749
45260,1,10380,2512,171,2307,255,0,0,1040,1098,2964,33,2683,7697,1189.2481943749
45278,2,12115,3002,165,2993,335,285,701,829,1,2805,1000,3167,8949,2061.3635369165
45286,6,22752,6080,1449,4062,2320,199,1108,1051,947,3200,2335,7529,15222,6104.8073977911
45294,1,8991,611,124,3225,625,0,1423,210,364,1642,767,735,8256,872.1153425416
45302,3,26098,7022,519,3556,1341,46,692,703,332,10977,910,7541,18557,2933.4788794581
45310,3,8140,1512,0,2251,1123,35,0,621,603,660,1336,1512,6629,2774.9124535414
45328,2,13016,3342,1257,1500,1189,92,221,359,265,4071,720,4599,8417,1744.2306850832
45336,1,3696,262,287,2251,2,23,196,0,0,183,493,549,3148,872.1153425416
45344,1,2503,404,134,1200,260,0,0,0,418,81,5,538,1964,1189.2481943749
45351,4,8428,2849,439,2251,837,17,0,509,49,296,1182,3288,5141,3171.3285183330
45369,3,9593,2411,302,2925,2227,127,230,137,180,927,128,2713,6881,3329.8949442497
45377,1,2172,790,229,140,317,0,0,232,0,465,0,1019,1154,872.1153425416
45385,2,7628,1932,103,3300,627,0,0,67,953,533,114,2035,5594,2140.6467498748
45393,2,3706,1359,299,0,375,86,0,45,220,1283,39,1658,2048,2140.6467498748
45401,3,20622,1630,334,4484,862,2064,220,2126,2761,6140,0,1964,18657,3171.3285183330
45419,4,36514,644,832,2806,21128,0,0,199,5217,4963,726,1476,35039,3329.8949442497
45427,1,3837,259,0,3119,268,0,0,100,0,90,0,259,3577,1109.9649814166
45435,2,10241,2608,1260,3456,944,574,0,575,270,500,54,3868,6373,1982.0803239582
45443,4,13033,1445,222,4609,1138,143,541,0,3359,1456,120,1667,11366,3329.8949442497
45450,1,5769,1128,98,3213,253,0,0,250,120,386,321,1226,4543,872.1153425416
45468,4,16694,1323,746,5668,1953,287,0,326,5278,836,276,2069,14624,3488.4613701663
45476,4,14426,2622,627,5617,2113,67,281,851,506,534,1208,3249,11177,3884.8774349580
45484,3,13186,1568,242,3535,2330,0,201,645,539,3261,866,1810,11377,2933.4788794581
45492,2,21489,1833,496,5845,1179,0,195,975,221,9649,1097,2329,19161,1982.0803239582
45500,5,15868,1740,314,4383,1409,214,1764,1261,2573,709,1501,2054,13814,4519.1431386246
45518,2,11894,596,348,5793,2954,602,0,896,137,568,0,944,10950,1982.0803239582
45526,5,21705,244,0,4992,2175,133,1274,719,8411,1539,2219,244,21462,4202.0102867913
45534,4,9243,1078,612,4283,1493,0,352,404,379,642,0,1690,7553,4122.7270738330
45542,5,21014,2772,1181,5726,2529,1408,602,1692,1052,4052,0,3953,17061,5391.2584811662
45559,4,21385,5720,804,5650,2071,2168,762,488,1695,1203,825,6524,14862,3488.4613701663
45567,4,18528,1413,101,4213,1824,299,1082,689,2465,5510,932,1514,17014,3567.7445831247
45575,4,26777,2039,463,6953,1714,2830,1152,1590,5958,3681,397,2502,24275,4122.7270738330
45583,2,20282,1827,2519,4612,2214,155,0,758,5014,786,2396,4346,15935,1982.0803239582
45591,4,16666,2909,363,2708,1127,209,50,711,3439,4599,551,3272,13394,3409.1781572080
45609,2,10653,934,124,4548,1322,67,685,1277,1002,536,157,1058,9594,1982.0803239582
45617,2,5465,261,0,2251,475,0,0,2256,96,126,0,261,5204,1823.5138980415
45625,3,15042,1483,572,2925,1884,86,248,429,5219,763,1433,2055,12987,2140.6467498748
45633,5,14728,2153,396,2925,1607,750,130,1145,1292,3707,623,2549,12179,4360.5767127079
45641,6,25908,148,0,4445,1407,2206,451,863,2856,11194,2339,148,25761,5153.4088422912
45658,5,12000,2358,250,4445,1255,107,119,322,588,2001,555,2608,9392,4281.2934997496
45666,3,26811,1936,1156,4645,1848,1476,200,597,1603,12985,363,3092,23717,2933.4788794581
45674,5,15268,769,161,4445,1238,100,267,305,4097,3042,845,930,14339,4281.2934997496
45682,5,32188,2180,152,3500,1316,7695,1982,1256,8864,1973,3272,2332,29858,3964.1606479163
45690,2,15135,2068,909,4445,1160,1344,200,118,200,4690,0,2977,12157,1982.0803239582
45708,8,17168,2301,501,7017,1466,241,0,842,3186,1327,288,2802,14367,7373.3388051243
45716,2,9047,544,103,7017,528,131,0,397,0,248,78,647,8399,1982.0803239582
45724,4,14799,2001,496,8902,460,0,0,344,60,947,1590,2497,12303,4043.4438608746
45732,3,15627,2928,8,5486,234,0,0,424,863,5293,391,2936,12691,2616.3460276248
45740,1,8405,510,187,4116,161,386,50,420,2223,101,251,697,7708,872.1153425416
45757,3,15671,579,99,6018,1530,0,0,205,3056,636,3549,678,14994,2854.1956664997
45765,1,5933,663,79,3811,545,0,65,135,0,239,396,742,5191,1189.2481943749
45773,3,14216,2259,0,4112,566,0,59,161,4269,2298,491,2259,11956,2695.6292405831
45781,2,11865,2009,56,4514,896,2165,1175,91,222,522,217,2065,9802,1823.5138980415
45799,1,6500,212,275,4116,738,83,0,301,350,235,191,487,6014,872.1153425416
45807,1,20971,2034,126,5216,1057,0,0,161,1661,1986,8731,2160,18812,872.1153425416
45815,2,28817,4100,1441,6219,2131,181,4012,242,1466,6950,2075,5541,23276,2140.6467498748
45823,1,5025,496,348,3008,540,33,0,191,320,89,0,844,4181,872.1153425416
45831,4,18454,2428,311,3811,1304,233,0,602,4093,4849,822,2739,15714,3171.3285183330
45849,3,20999,978,231,2925,1010,8447,181,1311,1519,3020,1377,1209,19790,2695.6292405831
45856,3,8696,1188,471,2508,859,30,0,639,1633,1266,104,1659,7039,2854.1956664997
45864,2,9589,1424,170,4612,2170,233,0,342,299,296,43,1594,7995,2061.3635369165
45872,3,12932,280,370,4283,1297,0,0,2102,661,3938,0,650,12281,2854.1956664997
45880,2,8212,604,44,3456,713,2598,0,160,220,287,130,648,7564,2061.3635369165
45898,5,13664,3634,1060,5015,1607,0,0,230,1459,659,0,4694,8970,4677.7095645412
45906,2,12793,2833,600,3547,2032,67,576,394,236,2060,449,3433,9361,1982.0803239582
45914,2,9879,768,1052,3472,702,0,597,840,674,1121,653,1820,8059,1744.2306850832
45922,4,29816,2676,814,5528,1597,203,0,301,3579,12613,2505,3490,26326,4043.4438608746
45930,2,11689,2469,1413,3838,757,242,0,684,738,411,1138,3882,7808,1982.0803239582
45948,2,4494,484,113,1610,316,0,100,44,157,671,999,597,3897,2140.6467498748
45955,2,7540,2488,1302,2110,524,47,0,375,17,371,305,3790,3749,1982.0803239582
45963,1,5759,1277,0,2170,401,100,701,33,413,662,0,1277,4480,872.1153425416
45971,2,7184,1928,778,2664,1005,52,0,111,0,647,0,2706,4479,1744.2306850832
45989,3,37735,2414,698,8054,6796,951,5110,7214,1219,4820,458,3112,34622,2854.1956664997
45997,2,37396,6500,1552,4500,5397,2856,0,6442,4931,4445,774,8052,29345,1982.0803239582
46003,5,22678,3676,1437,1840,1010,84,1389,476,5861,4507,2397,5113,17564,4677.7095645412
46011,6,21729,4354,484,4771,1867,0,0,3991,1254,4755,252,4838,16890,6184.0906107494
46029,4,11688,3915,621,1840,1019,50,752,394,896,2200,0,4536,7151,3488.4613701663
46037,2,11376,2377,956,1525,1349,304,502,63,0,3704,597,3333,8044,1982.0803239582
46045,2,5401,2127,350,1525,260,83,150,904,0,1,0,2477,2923,1982.0803239582
46052,6,24261,9228,208,2188,1952,222,45,352,60,7910,2096,9436,14825,6501.2234625827
46060,2,9426,1663,226,2188,1496,0,353,154,180,3084,82,1889,7537,1982.0803239582
46078,4,26390,2928,1403,2188,1981,1020,341,8514,2699,4577,741,4331,22061,3884.8774349580
46086,4,8684,2324,1217,2188,829,217,0,447,691,303,468,3541,5143,3726.3110090413
46094,4,9077,3285,435,1840,1170,232,0,140,60,1350,565,3720,5357,3250.6117312914
46102,6,12209,3746,933,150,955,384,828,651,409,885,3268,4679,7530,5074.1256293329
46110,2,2585,1159,474,120,143,0,80,40,280,245,44,1633,952,1982.0803239582
46128,7,13174,1482,893,3838,1156,232,1271,416,2435,1450,0,2375,10798,5629.1081200411
46136,3,6961,850,0,1896,422,0,82,94,380,2501,736,850,6111,2695.6292405831
46144,1,8948,1882,458,2568,950,910,211,135,0,925,908,2340,6607,872.1153425416
46151,2,8887,1873,463,2106,740,181,582,110,0,1667,1164,2336,6550,2140.6467498748
46169,3,7304,1098,577,1805,453,0,211,0,1933,788,439,1675,5629,2616.3460276248
46177,2,146583,808,594,2512,629,1031,0,138,988,408,139475,1402,145181,1982.0803239582
46185,2,20405,933,22,2512,578,0,0,220,132,15855,153,955,19450,1823.5138980415
46193,2,4129,925,0,1505,385,283,182,9,80,760,0,925,3204,2378.4963887498
46201,2,14279,3168,347,2307,155,1531,200,0,43,5866,662,3515,10764,2140.6467498748
46219,2,30214,3334,1254,4364,3545,0,1102,2253,170,14070,122,4588,25626,1982.0803239582
46227,2,36958,3595,392,5211,3697,0,220,995,1139,21503,207,3987,32972,1982.0803239582
46235,6,15904,1955,473,4120,2473,70,0,267,1609,4562,375,2428,13476,6184.0906107494
46243,4,15705,944,79,2006,940,626,439,769,6494,3384,25,1023,14683,3329.8949442497
46250,2,14052,1504,201,2790,722,3006,401,3830,1024,377,197,1705,12347,1982.0803239582
46268,4,5511,304,163,2790,970,207,0,209,178,690,0,467,5044,4043.4438608746
46276,2,3923,450,130,2146,242,43,30,590,228,62,0,580,3341,1982.0803239582
46284,1,1693,288,37,1103,165,0,0,0,26,74,0,325,1368,1109.9649814166
46292,4,16766,3744,248,2797,819,55,0,1217,2932,4601,353,3992,12774,3567.7445831247
46300,2,12944,2392,1001,5050,938,43,233,263,2180,552,292,3393,9551,2061.3635369165
46318,6,28501,5257,1528,4394,1949,234,74,794,1831,10591,1848,6785,21715,5549.8249070828
46326,4,19041,1199,806,4022,1156,238,150,468,3452,6818,732,2005,17036,3488.4613701663
46334,5,16438,1181,69,2300,913,110,1217,1066,5267,2145,2169,1250,15187,3805.5942219997
46342,2,13235,2864,169,2737,696,65,40,3951,1763,612,336,3033,10200,1982.0803239582
46359,5,36131,4421,725,5069,1095,3827,280,941,5963,9184,4626,5146,30985,3964.1606479163
46367,1,8737,1555,585,2653,565,478,415,311,162,1935,78,2140,6597,872.1153425416
46375,1,4638,2310,494,331,274,53,0,555,119,501,0,2804,1833,872.1153425416
46383,5,17260,3614,82,5118,2553,210,0,671,2597,2414,0,3696,13563,4598.4263515829
46391,2,14260,1697,447,5021,2941,134,116,1544,769,1374,217,2144,12116,1982.0803239582
46409,1,14210,1090,949,5103,1414,0,0,2116,601,2554,382,2039,12170,872.1153425416
46417,2,10220,1639,454,2802,551,0,502,179,230,3086,777,2093,8127,2061.3635369165
46425,3,15863,1779,457,5144,2187,73,502,654,1079,3879,110,2236,13628,3171.3285183330
46433,3,6455,1505,395,1990,572,337,192,146,387,299,630,1900,4553,2854.1956664997
46441,2,7446,969,148,2653,2302,57,0,788,142,386,0,1117,6328,1744.2306850832
46458,5,21409,4639,1548,4960,1291,690,305,354,2631,4293,698,6187,15222,4756.9927774996
46466,4,8222,1756,437,2200,693,1696,0,82,811,408,139,2193,6029,3171.3285183330
46474,3,15210,2719,563,3442,1288,181,881,561,2192,3050,333,3282,11928,2695.6292405831
46482,4,21385,2615,564,2653,678,2110,551,226,7635,1149,3206,3179,18208,3329.8949442497
46490,2,7658,1447,134,2635,768,39,118,107,1082,1286,43,1581,6078,1585.6642591665
46508,2,10515,2575,0,3196,1009,130,65,718,334,1259,1229,2575,7940,1982.0803239582
46516,3,20258,1531,239,4725,1786,3340,0,5186,1241,2210,0,1770,18488,2854.1956664997
46524,4,10714,2200,248,2808,675,585,577,204,1403,2013,0,2448,8265,3964.1606479163
46532,5,19493,1445,370,4974,2671,1823,2085,1213,2002,1607,1304,1815,17679,4994.8424163745
46540,1,7367,1844,302,2457,800,0,0,574,146,1176,67,2146,5220,872.1153425416
46557,4,25997,2622,686,6653,872,3750,699,769,1580,8005,360,3308,22688,3964.1606479163
46565,5,39498,4982,584,4848,2159,2468,0,691,1991,13316,8458,5566,33931,4598.4263515829
46573,5,15001,3445,434,3331,1464,287,140,845,3304,1023,728,3879,11122,3964.1606479163
46581,5,14744,2980,2066,3511,1307,0,60,0,2160,2305,355,5046,9698,4519.1431386246
46599,1,12292,1661,403,4368,1155,422,481,292,369,1158,1981,2064,10226,872.1153425416
46607,1,8144,1401,327,3549,594,13,201,203,333,1190,332,1728,6415,872.1153425416
46615,2,16441,1544,852,4416,1358,87,100,2844,883,4209,147,2396,14044,1982.0803239582
46623,2,8781,274,0,5216,601,0,651,97,883,609,451,274,8508,2378.4963887498
46631,2,11197,3135,58,4900,500,0,201,412,190,1715,86,3193,8004,2140.6467498748
46649,1,7071,704,0,4200,605,398,201,48,393,250,272,704,6367,1189.2481943749
46656,4,14225,1162,103,4201,461,989,261,212,5448,1240,148,1265,12960,3171.3285183330
46664,2,10079,971,269,3600,715,152,421,815,220,2916,0,1240,8839,2140.6467498748
46672,5,23657,3532,773,7550,2003,51,0,1634,4345,3550,217,4305,19350,5074.1256293329
46680,2,10057,526,102,4875,1024,0,0,881,1009,1580,60,628,9429,1982.0803239582
46698,2,16524,2808,763,3066,1345,0,1043,1864,2954,884,1798,3571,12954,1982.0803239582
46706,1,14814,4540,868,3025,1904,116,0,444,162,2889,866,5408,9406,1109.9649814166
46714,6,28040,6771,2334,4445,2840,1260,328,620,1750,6956,736,9105,18935,6342.6570366661
46722,6,23603,735,448,4445,2796,1688,435,2410,2820,2566,5261,1183,22421,6263.3738237078
46730,2,9601,1492,493,3410,511,0,0,1,699,2995,0,1985,7616,2140.6467498748
46748,1,9087,582,0,1896,486,226,580,1381,641,799,2496,582,8505,872.1153425416
46755,1,3686,759,26,1900,173,0,0,0,0,828,0,785,2901,1109.9649814166
46763,3,8630,1807,0,1470,112,88,878,175,2461,1114,524,1807,6822,3012.7620924164
46771,5,16219,5717,768,1498,456,143,702,632,1202,4872,229,6485,9734,5311.9752682078
46789,7,10414,5567,391,1843,98,167,30,307,417,500,1095,5958,4457,7056.2059532910
46797,2,14016,1199,739,1843,814,67,1460,507,745,5934,709,1938,12079,1744.2306850832
46805,6,8300,1341,244,2036,1285,730,0,252,1011,1119,282,1585,6715,6263.3738237078
46813,5,14392,1516,309,2036,1295,177,963,141,204,6188,1564,1825,12568,5074.1256293329
46821,6,7021,1212,348,2036,842,1003,0,124,895,502,59,1560,5461,5946.2409718745
46839,6,23402,7008,238,2541,1882,269,3732,1182,300,5243,1006,7246,16155,5708.3913329995
46847,7,16730,2577,1091,2565,2001,0,0,1907,3276,3210,104,3668,13063,7531.9052310410
46854,3,10198,3559,682,3880,520,0,401,395,180,581,0,4241,5957,2854.1956664997
46862,4,9134,2512,1106,2407,770,52,0,366,61,1579,281,3618,5516,3409.1781572080
46870,2,10542,2652,760,2218,934,654,150,0,1277,1670,226,3412,7129,1982.0803239582
46888,3,13419,1130,587,2565,1304,535,2738,230,0,3921,411,1717,11704,3250.6117312914
46896,3,4547,0,174,2565,575,451,80,0,0,702,0,174,4373,3171.3285183330
46904,4,12995,2298,355,780,842,3506,605,100,2904,403,1202,2653,10342,2854.1956664997
46912,6,14327,5324,750,2164,698,0,0,358,2730,617,1685,6074,8252,5866.9577589161
46920,6,24109,9423,325,2539,2090,1203,0,1498,3081,2691,1258,9748,14360,5232.6920552495
46938,1,1939,798,395,194,208,110,0,0,185,49,0,1193,746,872.1153425416
46946,5,25205,4635,487,4882,1686,481,2039,1214,1330,8326,126,5122,20084,5074.1256293329
46953,5,43410,11851,442,4722,3219,5879,3142,1035,3208,3040,6871,12293,31116,4360.5767127079
46961,5,25881,330,0,4797,1671,7009,1785,2145,4034,988,3122,330,25551,4360.5767127079
46979,4,11949,823,0,2539,707,855,1505,1262,388,1902,1969,823,11127,4202.0102867913
46987,8,8381,1683,515,2665,664,116,511,293,1180,80,673,2198,6182,6818.3563144160
46995,5,8235,554,239,2722,1254,194,1033,118,1062,328,731,793,7442,4202.0102867913
47001,2,11923,816,246,6018,1593,130,87,342,388,1969,335,1062,10862,1744.2306850832
47019,3,21831,414,111,4859,12202,980,502,1159,239,1249,118,525,21308,3171.3285183330
47027,4,45626,4137,216,9330,1028,0,160,1008,2255,4062,23430,4353,41273,3647.0277960830
47035,4,17888,1632,2036,6201,1804,52,0,706,3079,1606,770,3668,14218,3488.4613701663
47043,2,10999,270,1155,4016,501,0,0,537,140,4379,0,1425,9573,1982.0803239582
47050,2,14904,2416,273,6159,1378,0,0,1549,1443,1587,100,2689,12216,1982.0803239582
47068,5,28326,1121,213,6159,2746,0,502,212,5048,12326,0,1334,26993,4519.1431386246
47076,3,10832,945,427,3210,1215,91,170,932,2619,748,476,1372,9461,3092.0453053747
47084,1,12074,224,0,7142,291,0,200,1081,122,3013,0,224,11849,872.1153425416
47092,1,7477,171,148,4666,947,0,451,578,133,73,311,319,7159,872.1153425416
47100,4,17028,1255,715,6259,2435,70,0,662,3564,1540,528,1970,15058,3567.7445831247
47118,4,11276,2337,381,4663,1493,0,70,1011,1200,121,0,2718,8558,4122.7270738330
47126,4,10884,840,180,3039,949,0,602,594,3200,863,617,1020,9864,3409.1781572080
47134,1,6899,0,0,4470,597,0,0,919,614,248,51,0,6899,872.1153425416
47142,2,3431,1013,406,0,11,1097,0,48,0,813,43,1419,2012,2140.6467498748
47159,3,14734,1147,956,4470,3886,1519,0,422,1388,946,0,2103,12631,3171.3285183330
47167,2,2653,833,282,664,252,0,0,186,1,435,0,1115,1538,1744.2306850832
47175,2,19449,3166,938,3679,1571,3008,200,1963,1418,1860,1645,4104,15344,1982.0803239582
47183,1,6219,187,0,2543,449,0,361,1211,198,1237,33,187,6032,872.1153425416
47191,1,8828,1221,249,2400,996,150,1404,747,156,1304,200,1470,7357,872.1153425416
47209,4,23729,6321,1672,2036,860,552,4814,500,0,3367,3607,7993,15736,4360.5767127079
47217,2,8346,2555,521,1454,1517,50,321,1772,0,90,65,3076,5269,1982.0803239582
47225,4,3756,880,377,621,620,0,0,0,995,196,65,1257,2497,3884.8774349580
47233,2,6649,2420,456,2204,559,43,172,59,0,353,383,2876,3773,1982.0803239582
47241,1,4218,417,87,1960,546,856,53,0,0,60,239,504,3714,872.1153425416
47258,1,11221,1241,377,1960,2884,608,1345,300,0,1422,1085,1618,9604,872.1153425416
47266,1,4058,17,87,2870,444,84,0,0,0,556,0,104,3954,872.1153425416
47274,2,10142,2008,930,2218,1378,0,350,435,261,2564,0,2938,7206,2061.3635369165
47282,2,16425,5143,565,1527,1164,0,2508,319,0,4288,913,5708,10719,1982.0803239582
47290,6,18020,2054,1384,2036,711,344,2688,755,5219,871,1959,3438,14583,5946.2409718745
47308,3,15510,4545,282,2036,1090,87,0,0,0,2169,5301,4827,10683,3012.7620924164
47316,3,8655,1645,345,2036,1131,388,0,119,117,802,2073,1990,6666,2695.6292405831
47324,8,40349,12779,2181,1527,2252,1336,1003,597,5803,8803,4067,14960,25388,6421.9402496244
47332,4,22437,3211,1586,2036,380,2171,9699,1144,1651,233,326,4797,17640,3964.1606479163
47340,6,20232,5036,834,2036,1836,378,0,0,322,1534,8256,5870,14362,5708.3913329995
47357,2,7824,1317,527,3500,656,217,201,0,858,549,0,1844,5981,1982.0803239582
47365,2,8901,1020,68,3240,898,78,0,452,362,2522,260,1088,7812,1982.0803239582
47373,1,18828,1056,967,3448,1626,0,211,816,1436,9192,76,2023,16805,872.1153425416
47381,3,22291,3172,221,3500,1450,398,1434,5108,1653,4331,1024,3393,18898,3171.3285183330
47399,7,30593,3478,1413,3436,4913,3385,569,706,5191,5085,2418,4891,25703,5311.9752682078
47407,4,33401,3043,1248,5785,2977,4076,3798,2908,4096,4226,1244,4291,29110,3329.8949442497
47415,4,18570,1907,0,482,1401,57,772,1139,4509,7887,415,1907,16662,3409.1781572080
47423,5,15416,2648,0,4800,868,100,0,557,4203,1752,486,2648,12766,3964.1606479163
47431,1,4162,0,0,2307,550,0,0,0,35,1270,0,0,4162,1189.2481943749
47449,6,14819,3052,306,4219,820,671,0,786,3193,1636,137,3358,11462,4994.8424163745
47456,3,14920,3289,361,3183,788,329,1161,1614,2572,1011,614,3650,11272,2457.7796017081
47464,3,27910,4420,724,3570,836,76,129,5537,2844,9054,720,5144,22766,2933.4788794581
47472,3,14348,469,544,3500,1325,263,0,935,2693,2967,1651,1013,13334,2854.1956664997
47480,2,11077,2343,790,3183,923,40,271,242,739,2546,0,3133,7944,1982.0803239582
47498,4,8718,189,338,4219,666,100,388,496,821,1359,142,527,8191,3805.5942219997
47506,2,12106,1147,713,5396,1797,1602,0,722,75,367,288,1860,10247,1982.0803239582
47514,3,16176,1651,686,4353,2017,43,126,497,650,5417,736,2337,13839,3250.6117312914
47522,3,8449,292,0,5176,2034,0,0,386,450,111,0,292,8157,2854.1956664997
47530,5,40047,9206,287,5343,3475,148,80,456,8979,10472,1602,9493,30555,4519.1431386246
47548,3,16800,4804,643,4254,1194,170,0,424,2693,1455,1164,5447,11354,2616.3460276248
47555,4,20535,5032,276,4375,1576,266,670,603,2325,4629,783,5308,15227,4043.4438608746
47563,4,8391,2733,379,1144,791,594,250,63,1079,452,905,3112,5278,2774.9124535414
47571,2,5745,985,479,3097,886,39,0,0,208,50,0,1464,4280,2061.3635369165
47589,4,3657,786,61,2000,459,0,0,0,0,351,0,847,2810,3488.4613701663
47597,6,21164,1640,1547,5397,2004,2751,1171,1663,250,4317,425,3187,17978,6025.5241848328
47605,2,15737,4360,725,3339,911,1698,0,314,2674,1715,0,5085,10651,2140.6467498748
47613,3,8896,1051,1410,3097,1020,336,109,311,0,460,1102,2461,6435,2933.4788794581
47621,4,36391,3622,488,5397,2346,3752,4738,1889,240,13918,0,4110,32280,4439.8599256663
47639,4,14560,5471,494,4500,1060,0,0,357,870,558,1251,5965,8596,4360.5767127079
47647,5,27268,2105,60,5397,1462,0,1909,3909,1663,10503,261,2165,25104,5074.1256293329
47654,1,8609,1191,430,3097,537,0,699,1286,218,65,1086,1621,6988,872.1153425416
47662,1,11968,925,748,4701,827,1156,783,148,420,2117,143,1673,10295,872.1153425416
47670,2,14852,2398,689,7239,1274,0,301,943,815,994,199,3087,11765,1982.0803239582
47688,6,28629,4079,1464,6056,3643,2119,0,284,6278,4112,595,5543,23087,6342.6570366661
47696,2,26431,3129,491,7138,2721,214,1302,4021,3477,1742,2196,3620,22811,1823.5138980415
47704,3,8600,1060,261,3728,966,0,201,102,429,1853,0,1321,7279,2933.4788794581
47712,3,10666,738,403,4132,1310,0,0,1486,584,2014,0,1141,9526,2854.1956664997
47720,4,11855,1200,526,3006,331,0,0,307,4255,1609,622,1726,10130,3171.3285183330
47738,2,29807,3698,630,2890,2120,4284,6549,3990,3250,1928,468,4328,25479,1982.0803239582
47746,5,16219,219,20,5265,1764,0,597,561,3343,4401,50,239,15981,4519.1431386246
47753,5,23356,3169,1559,5139,2096,128,0,325,8156,2560,225,4728,18629,5311.9752682078
47761,3,28590,4977,487,5139,2121,109,667,469,1533,12958,130,5464,23126,3171.3285183330
47779,5,23407,2816,1168,4451,2247,532,393,981,3052,6461,1306,3984,19423,5232.6920552495
47787,4,33234,1690,265,5054,2158,141,532,408,1004,20676,1306,1955,31279,3409.1781572080
47795,5,34666,7125,881,4669,4008,339,536,1292,5451,9281,1082,8006,26658,4836.2759904579
47803,3,16789,3389,564,4136,1223,3084,1140,1632,703,354,564,3953,12836,2854.1956664997
47811,1,11782,1758,332,4186,738,30,110,429,975,3223,0,2090,9691,1189.2481943749
47829,3,5138,780,212,3459,508,0,0,74,0,105,0,992,4146,2933.4788794581
47837,1,4522,250,0,3119,395,0,500,0,1,51,207,250,4273,1189.2481943749
47845,5,23811,2615,532,6320,2120,157,0,810,3993,6859,405,3147,20664,4519.1431386246
47852,4,22948,1743,0,5997,3149,1705,401,1958,1546,4705,1743,1743,21204,4360.5767127079
47860,3,14651,1505,511,4345,634,74,0,426,1838,1951,3368,2016,12636,3092.0453053747
47878,4,30022,1107,475,6031,2880,31,0,2298,2163,2616,12421,1582,28440,4122.7270738330
47886,4,25249,5427,591,4497,2577,365,511,1646,2304,6313,1020,6018,19233,3805.5942219997
47894,4,16315,2047,0,3677,1219,80,0,450,5198,3518,126,2047,14268,3329.8949442497
47902,6,35226,2190,0,5063,1872,726,360,960,4098,12410,7547,2190,33036,5866.9577589161
47910,8,22763,5373,2115,5425,784,2071,100,422,4256,1259,957,7488,15274,8562.5869994992
47928,6,12455,1546,269,3497,1186,867,1392,187,2812,397,302,1815,10640,6104.8073977911
47936,6,14662,1048,559,4255,683,650,0,536,3043,2885,1004,1607,13056,4915.5592034162
47944,6,48869,5002,812,5654,8238,1324,2300,5993,8489,10462,596,5814,43056,5232.6920552495
47951,4,14197,942,1556,6822,1324,0,100,336,791,2327,0,2498,11700,3567.7445831247
47969,2,10973,1520,512,4012,184,816,0,1366,1392,1172,0,2032,8942,2061.3635369165
47977,3,9915,1266,218,3611,1146,0,0,283,1505,1690,196,1484,8431,3250.6117312914
47985,1,5812,729,195,3640,771,27,0,197,130,49,73,924,4887,1109.9649814166
47993,2,11535,1846,1156,3326,933,104,0,0,141,1800,2228,3002,8532,1982.0803239582
48009,2,7487,459,299,3302,885,148,0,142,245,1911,95,758,6728,1982.0803239582
48017,5,19138,2495,602,4387,2581,1336,1017,836,1063,4276,547,3097,16043,4043.4438608746
48025,4,24234,2146,580,5624,2578,1103,0,1993,531,9318,361,2726,21508,4360.5767127079
48033,3,23300,6720,337,5612,1393,17,1023,962,3530,3297,409,7057,16243,3250.6117312914
48041,1,8502,1466,492,4136,779,90,0,867,250,284,137,1958,6543,872.1153425416
48058,5,18364,1944,0,4286,1157,668,400,396,6808,2392,312,1944,16419,3964.1606479163
48066,4,13103,1319,493,3750,918,55,325,622,3980,1580,60,1812,11290,3329.8949442497
48074,1,5953,2031,670,1700,257,119,341,369,200,85,182,2701,3253,872.1153425416
48082,2,7934,1949,218,2511,364,783,0,451,351,1307,0,2167,5767,1982.0803239582
48090,3,15457,1195,478,2612,695,1302,100,153,2895,5290,737,1673,13784,3171.3285183330
48108,3,18504,5058,1395,3240,2057,40,1904,269,60,4035,446,6453,12051,3171.3285183330
48116,4,9641,789,591,2700,896,0,211,85,1400,2255,715,1380,8262,3171.3285183330
48124,4,12753,1338,579,4182,1003,64,861,105,2160,1091,1372,1917,10838,3171.3285183330
48132,5,9872,0,0,3567,1172,13,150,114,1318,3537,0,0,9871,3884.8774349580
48140,2,4947,1285,398,1103,556,136,0,1181,0,289,0,1683,3265,1982.0803239582
48157,1,7927,983,267,3567,820,100,0,8,418,654,1110,1250,6677,872.1153425416
48165,7,18267,1484,79,2627,1085,0,2004,4427,855,5183,523,1563,16704,6976.9227403327
48173,6,7065,466,431,3240,718,27,651,870,160,501,0,897,6167,5708.3913329995
48181,2,30229,5880,460,3310,1659,1908,498,1860,0,13920,733,6340,23888,2061.3635369165
48199,4,17554,3079,115,2708,1474,888,952,1475,1109,4477,1277,3194,14360,3409.1781572080
48207,6,26167,2583,205,3296,2163,50,170,1094,9251,6825,530,2788,23379,5074.1256293329
48215,5,24794,1755,986,3274,928,373,8903,635,4391,1394,2155,2741,22053,4994.8424163745
48223,1,7597,3127,374,2508,572,139,0,0,150,727,0,3501,4096,872.1153425416
48231,3,17996,1990,187,3240,756,3283,0,304,4075,3965,196,2177,15819,2695.6292405831
48249,4,19387,3050,1078,3247,1688,487,409,958,3674,3319,1476,4128,15258,3647.0277960830
48256,3,21012,3556,1109,4790,1464,268,1561,561,417,5128,2157,4665,16346,2933.4788794581
48264,4,34718,16564,1802,4842,2012,112,0,312,1398,5525,2151,18366,16352,4281.2934997496
48272,4,18020,1816,0,4500,1369,80,451,123,3221,5459,1000,1816,16203,3250.6117312914
48280,6,12328,1651,621,5166,1018,361,0,265,2150,897,200,2272,10057,6421.9402496244
48298,10,8416,1171,96,4040,1407,0,0,247,1238,125,90,1267,7147,8562.5869994992
48306,6,11843,978,104,4113,1164,316,0,2249,2186,467,265,1082,10760,4994.8424163745
48314,6,14991,709,259,3518,698,310,65,4394,2984,1251,803,968,14023,4836.2759904579
48322,2,15454,1265,421,4500,1035,117,292,2550,245,4949,81,1686,13769,1744.2306850832
48330,6,19774,1713,132,6061,1266,1571,139,3455,4003,1434,0,1845,17929,5549.8249070828
48348,2,21140,1231,1047,6561,2909,187,100,3079,3003,2715,307,2278,18861,1982.0803239582
48355,1,5372,399,0,3500,430,0,74,435,0,370,165,399,4974,872.1153425416
48363,2,27722,3098,433,3971,1075,187,0,435,4262,14260,0,3531,24190,1982.0803239582
48371,1,13939,2162,1008,3849,1561,66,832,1398,1160,1685,218,3170,10769,1109.9649814166
48389,4,17384,2251,383,7322,1521,100,444,291,1209,3281,583,2634,14751,3726.3110090413
48397,1,3629,504,278,1800,400,0,40,0,0,50,556,782,2846,1109.9649814166
48405,1,16282,2991,282,4509,945,100,351,1733,833,3597,940,3273,13008,1109.9649814166
48413,2,14534,704,64,6219,2112,0,0,1331,240,2480,1384,768,13766,1982.0803239582
48421,9,7550,610,523,3849,1250,0,519,0,599,201,0,1133,6418,8800.4366383742
48439,6,27065,5842,744,4144,2641,185,4840,828,4250,3255,337,6586,20480,5866.9577589161
48447,1,9110,855,305,3000,493,1577,0,720,180,1568,411,1160,7949,1109.9649814166
48454,5,18307,5594,232,4286,2183,50,321,385,2870,2298,87,5826,12480,5074.1256293329
48462,5,9676,877,620,3417,667,90,0,1186,2295,525,0,1497,8180,4202.0102867913
48470,11,17650,4196,608,4029,1109,83,0,857,3171,3029,569,4804,12847,8959.0030642908
48488,5,19922,2533,924,3737,1332,1220,1000,343,4819,3483,530,3457,16464,3805.5942219997
48496,2,16319,2192,0,4905,1335,990,0,783,535,5332,246,2192,14126,1982.0803239582
48504,1,16887,1899,1235,3681,2673,2994,301,1432,781,1689,200,3134,13751,1109.9649814166
48512,1,12351,775,731,3441,1077,703,850,273,1303,2187,1011,1506,10845,872.1153425416
48520,2,16247,877,92,7501,1805,100,0,1661,540,997,2675,969,15279,1982.0803239582
48538,1,2304,468,360,1030,2,0,0,245,0,200,0,828,1477,872.1153425416
48546,5,10319,815,112,3500,741,97,104,614,2884,930,522,927,9392,3884.8774349580
48553,3,26445,3441,1068,6159,1340,417,0,423,4293,8847,457,4509,21936,2695.6292405831
48561,1,55289,2873,773,8218,1817,1612,429,2540,32313,3276,1438,3646,51643,872.1153425416
48579,2,6201,637,232,3500,644,127,0,321,0,644,96,869,5332,2061.3635369165
48587,5,24190,3248,982,5455,1737,134,1103,554,4119,6401,457,4230,19960,4756.9927774996
48595,4,21921,1090,0,4147,887,4038,270,307,4453,6425,303,1090,20830,3329.8949442497
48603,5,39380,2674,515,5385,7900,402,800,1629,7460,10184,2432,3189,36192,4202.0102867913
48611,4,10766,0,0,4776,1071,0,460,96,2086,1677,601,0,10767,3250.6117312914
48629,1,5550,256,208,4246,524,0,0,69,0,30,216,464,5085,872.1153425416
48637,5,21913,2095,2597,4241,1628,216,0,334,1182,9319,301,4692,17221,4677.7095645412
48645,2,28379,1100,264,6159,849,9385,1002,2768,94,2552,4207,1364,27016,1982.0803239582
48652,2,11337,1290,571,3849,2847,192,0,1343,870,294,83,1861,9478,1982.0803239582
48660,4,22462,2779,677,6159,1569,3382,691,716,834,4608,1046,3456,19005,4122.7270738330
48678,3,21023,657,0,4840,1060,2643,1330,1140,2642,5693,1017,657,20365,2616.3460276248
48686,3,11405,1222,913,4928,912,0,87,1550,1142,651,0,2135,9270,3171.3285183330
48694,7,15576,1792,773,4204,1679,117,3273,529,1983,151,1074,2565,13010,5787.6745459578
48702,6,13391,1767,427,4217,798,39,100,331,2817,1715,1180,2194,11197,4836.2759904579
48710,2,14822,1078,309,7092,5616,0,0,407,0,125,195,1387,13435,1744.2306850832
48728,2,27933,8299,621,3871,1368,478,200,1481,2480,1945,7191,8920,19014,1982.0803239582
48736,4,17053,1201,439,4674,1612,1191,1433,573,4134,1731,67,1640,15415,3884.8774349580
48744,4,13647,2766,111,4653,1185,147,780,85,1129,1848,944,2877,10771,4202.0102867913
48751,5,24241,1596,652,5714,3360,1317,0,1007,1816,4009,4771,2248,21994,5153.4088422912
48769,5,29724,623,1275,4737,4539,4677,0,2139,1682,9082,970,1898,27826,4915.5592034162
48777,6,11100,0,0,5667,1521,0,70,454,2118,1070,200,0,11100,5866.9577589161
48785,5,32641,3175,510,5667,2161,128,2430,793,3625,12374,1779,3685,28957,4994.8424163745
48793,4,80149,6871,2125,5767,2788,2256,868,28707,5818,22111,2837,8996,71152,4122.7270738330
48801,4,2025,345,20,220,437,5,400,341,150,0,108,365,1661,3329.8949442497
48819,3,14501,2974,1045,3610,1576,762,551,618,1484,1882,0,4019,10483,3171.3285183330
48827,2,13995,3423,1294,4020,2327,0,0,781,1136,904,110,4717,9278,1982.0803239582
48835,7,19619,3176,1341,2401,1642,504,1605,3102,3428,1394,1028,4517,15104,7214.7723792077
48843,3,8857,1808,903,2098,1056,97,360,56,267,1693,518,2711,6145,2616.3460276248
48850,2,20749,2907,3834,2447,3268,1108,3500,2411,211,843,221,6741,14009,1982.0803239582
48868,2,11720,2418,1163,2447,1126,0,0,810,217,3539,0,3581,8139,1982.0803239582
48876,5,31671,3618,1274,3585,1562,85,0,3487,16393,1479,187,4892,26778,5232.6920552495
48884,2,9159,795,616,2260,1723,0,50,878,1706,576,555,1411,7748,1982.0803239582
48892,4,13020,2995,601,2797,989,43,36,413,1629,3063,453,3596,9423,3884.8774349580
48900,2,16422,2070,852,6350,1464,451,1821,566,676,1308,864,2922,13500,1982.0803239582
48918,3,15506,903,226,1849,3395,2672,1350,1681,2336,1011,84,1129,14378,3250.6117312914
48926,1,6024,632,469,2704,967,801,0,0,100,151,200,1101,4923,872.1153425416
48934,7,12730,1456,137,1432,2324,67,3570,669,351,557,2169,1593,11139,6739.0731014577
48942,3,60159,5737,937,2904,1902,17561,8250,5213,4656,11426,1573,6674,53485,3171.3285183330
48959,5,15244,2430,685,2704,1364,290,2250,881,2238,1372,1029,3115,12128,4202.0102867913
48967,2,21364,2364,391,2704,1832,134,1700,1617,1881,6769,1972,2755,18609,2061.3635369165
48975,3,14668,2273,729,2704,867,822,580,933,2952,2330,478,3002,11666,3171.3285183330
48983,4,24987,2787,464,859,2140,5851,1900,1119,3426,6395,45,3251,21735,3805.5942219997
48991,1,4353,0,0,3240,577,0,160,109,179,81,7,0,4353,872.1153425416
49007,2,15383,8253,1077,2460,3042,0,0,0,431,120,0,9330,6053,1982.0803239582
49015,6,19711,7525,2050,3653,1349,0,1942,0,0,2776,415,9575,10135,6739.0731014577
49023,4,12710,5273,1664,2166,963,87,1250,0,133,1174,0,6937,5773,3488.4613701663
49031,4,9253,1621,869,2460,711,167,0,167,140,3031,87,2490,6763,4360.5767127079
49049,2,7637,4302,552,2166,502,0,0,0,35,80,0,4854,2783,1744.2306850832
49056,5,32321,2811,477,3844,920,7857,953,539,6238,8683,0,3288,29034,4519.1431386246
49064,5,15548,3867,806,2460,936,0,0,0,33,4751,2694,4673,10874,5391.2584811662
49072,2,5615,1838,576,2166,762,65,0,63,0,144,0,2414,3200,1982.0803239582
49080,2,3192,621,104,2166,301,0,0,0,0,0,0,725,2467,1982.0803239582
49098,1,2462,281,43,1454,283,167,0,100,90,0,43,324,2137,872.1153425416
49106,5,37548,8287,537,2036,1620,480,0,157,2885,20366,1182,8824,28726,4756.9927774996
49114,2,7633,2718,87,1454,1045,0,0,2250,0,80,0,2805,4829,1982.0803239582
49122,4,37902,7869,26,1694,886,347,500,349,1255,24846,130,7895,30007,4202.0102867913
49130,5,20261,1381,840,1076,769,4888,749,2158,2172,3049,3178,2221,18039,4360.5767127079
49148,4,20464,2872,695,1840,1054,0,3300,385,2724,4479,3115,3567,16897,3329.8949442497
49155,2,20471,2531,1077,2565,2355,5316,1499,1661,435,1910,1125,3608,16866,1982.0803239582
49163,2,6264,130,160,1761,936,735,200,515,0,1826,0,290,5973,1982.0803239582
49171,2,19399,3339,1500,1807,3117,633,0,126,0,8144,733,4839,14560,1982.0803239582
49189,5,15395,1491,240,3919,1324,901,0,726,3314,2770,710,1731,13664,5074.1256293329
49197,5,16787,941,337,3875,2051,423,0,1322,4182,3237,420,1278,15510,4598.4263515829
49205,5,6211,326,261,2218,948,935,0,0,0,1523,0,587,5624,5153.4088422912
49213,3,9124,3592,420,1693,2041,0,321,40,10,295,712,4012,5112,2933.4788794581
49221,1,5018,887,632,1535,1475,0,0,69,0,370,50,1519,3499,872.1153425416
49239,1,6702,1350,0,1843,1548,696,150,649,366,100,0,1350,5352,872.1153425416
49247,1,9245,195,96,5385,720,267,80,59,210,1711,521,291,8953,872.1153425416
49254,4,20689,2066,711,4147,4985,743,1089,744,5247,619,338,2777,17912,2933.4788794581
49262,2,37131,4375,1062,7515,2570,160,0,4472,1911,14226,840,5437,31694,1982.0803239582
49270,4,22807,4996,1247,4465,1898,971,1002,1944,5005,639,640,6243,16564,3171.3285183330
49288,3,26400,2943,1826,4556,2880,2386,403,2934,3384,4282,805,4769,21630,3250.6117312914
49296,5,40056,8352,2468,4496,2204,8004,1033,1715,3222,5464,3099,10820,29237,4439.8599256663
49304,7,43534,3608,919,26119,1651,798,953,197,2878,3766,2645,4527,39007,7135.4891662493
49312,1,6012,1098,495,1249,175,23,450,498,561,1202,260,1593,4418,951.3985554999
49320,4,12449,1852,48,2500,1283,60,0,96,3482,1980,1148,1900,10549,3171.3285183330
49338,3,14697,2077,802,2279,1513,1843,2270,339,409,3135,30,2879,11818,2933.4788794581
49346,3,23442,1824,921,3716,2336,401,0,1020,6682,5819,724,2745,20698,2933.4788794581
49353,6,11208,3831,760,2562,1681,120,169,186,439,1460,0,4591,6617,6501.2234625827
49361,1,10994,1581,304,6500,1791,0,520,162,1,134,0,1885,9108,1109.9649814166
49379,6,20199,4263,1250,3260,1427,0,0,2598,3245,4156,0,5513,14686,6501.2234625827
49387,3,17529,522,86,6159,669,243,2097,455,3340,3724,232,608,16919,3171.3285183330
49395,7,12483,3503,243,3260,1167,0,401,0,0,3215,694,3746,8737,6976.9227403327
49403,6,18840,2332,618,6436,2518,636,2627,314,2376,150,832,2950,15889,4915.5592034162
49411,6,25062,1433,155,4629,2435,1368,5227,662,3005,1253,4897,1588,23476,5708.3913329995
49429,12,13090,1236,936,3979,1472,268,759,193,1988,249,2012,2172,10920,10386.1008975407
49437,8,8784,862,602,3232,519,461,43,154,1770,427,714,1464,7320,6659.7898884994
49445,8,11414,1420,593,3274,1607,15,435,1893,1273,109,794,2013,9400,6263.3738237078
49452,2,5853,638,413,1898,527,76,320,315,558,315,792,1051,4801,2140.6467498748
49460,2,10965,2215,272,4018,887,353,200,47,13,2299,660,2487,8477,2140.6467498748
49478,8,21624,2665,564,7046,1715,846,657,363,5472,387,1908,3229,18394,7294.0555921660
49486,3,12219,252,124,5098,1078,0,0,536,1075,3254,801,376,11842,3171.3285183330
49494,1,6953,1297,332,257,182,1793,1505,908,631,49,0,1629,5325,872.1153425416
49502,2,16792,0,0,5397,7971,330,0,398,0,2261,435,0,16792,2061.3635369165
49510,1,4899,22,0,3940,223,0,0,176,0,217,322,22,4878,872.1153425416
49528,5,17666,2941,754,3097,674,8447,0,337,317,678,420,3695,13970,4519.1431386246
49536,3,13339,1974,119,3990,1206,233,732,340,1210,3122,412,2093,11245,2933.4788794581
49544,2,48317,2247,1681,5397,2303,686,3971,1244,28566,1284,937,3928,44388,1982.0803239582
49551,9,14516,4980,79,5630,696,258,0,799,707,1270,98,5059,9458,9751.8351938741
49569,3,11152,742,39,4332,1165,0,401,1102,2015,513,843,781,10371,3012.7620924164
49577,2,27119,2066,773,4596,1792,69,247,622,303,13709,2943,2839,24281,1982.0803239582
49585,1,10117,0,0,3000,71,0,251,0,60,6735,0,0,10117,872.1153425416
49593,5,10194,3773,486,500,741,585,0,1127,544,1551,887,4259,5935,4519.1431386246
49601,2,12289,96,139,5163,1391,0,0,556,2897,2047,0,235,12054,1744.2306850832
49619,5,45172,2284,594,10680,3245,34,1497,2368,6162,17369,939,2878,42294,4519.1431386246
49627,3,16014,4456,983,3397,1635,761,0,488,2102,904,1289,5439,10576,2695.6292405831
49635,3,20103,3200,612,5512,1231,1816,1939,1509,2064,1779,441,3812,16291,2933.4788794581
49643,1,10519,714,35,4116,320,0,0,157,152,5025,0,749,9770,1109.9649814166
49650,3,9033,1921,498,3009,586,0,121,434,829,1636,0,2419,6615,2854.1956664997
49668,2,23898,202,8,5441,1080,0,2035,1055,3089,10656,332,210,23688,1427.0978332499
49676,2,43314,8560,1807,10600,4061,60,701,1982,6493,8889,160,10367,32946,1982.0803239582
49684,3,20801,2290,404,7201,1844,810,148,1167,581,4362,1993,2694,18106,3171.3285183330
49692,1,8317,1925,1189,3253,849,252,0,639,0,209,0,3114,5202,872.1153425416
49700,5,30884,3424,420,4884,4213,633,2258,1314,1413,10840,1486,3844,27041,4677.7095645412
49718,2,27321,3005,525,5460,2049,777,259,1600,484,13077,83,3530,23789,1982.0803239582
49726,4,33155,6346,0,4884,3245,60,3724,4412,3722,2460,4304,6346,26811,3171.3285183330
49734,4,33812,1667,1001,5167,1547,2234,0,418,637,20304,836,2668,31143,4360.5767127079
49742,2,11271,982,0,2191,995,546,0,307,2083,3670,498,982,10290,2378.4963887498
49759,1,5945,260,345,3152,567,0,0,365,60,1196,0,605,5340,872.1153425416
49767,1,6946,1357,610,2839,177,0,60,191,430,1123,159,1967,4979,872.1153425416
49775,2,11574,1560,359,7065,784,212,0,433,290,135,736,1919,9655,1982.0803239582
49783,10,15140,1200,326,4145,1614,1207,1792,1052,2979,138,686,1526,13613,8483.3037865409
49791,2,10495,440,153,8211,611,0,0,1,60,368,651,593,9902,2140.6467498748
49809,3,16566,4509,1232,4145,1710,125,949,1042,204,2264,386,5741,10825,3171.3285183330
49817,2,13212,1270,369,4453,999,26,1217,842,966,677,2394,1639,11574,1982.0803239582
49825,8,14477,1276,538,4194,1829,310,2230,226,2405,336,1132,1814,12662,6580.5066755411
49833,1,7826,801,678,3459,495,354,401,174,127,337,1000,1479,6347,872.1153425416
49841,4,9598,1642,280,3459,1251,38,0,442,1171,1290,25,1922,7676,3964.1606479163
49858,8,14227,1664,270,6909,964,568,60,657,1636,355,1144,1934,12293,5946.2409718745
49866,1,8901,0,0,3459,846,401,0,2988,341,865,0,0,8900,872.1153425416
49874,3,7525,1110,186,1955,662,0,150,1300,250,585,1327,1296,6229,3171.3285183330
49882,4,10184,3481,584,2273,767,514,588,126,560,884,407,4065,6119,3567.7445831247
49890,4,10325,1519,1267,1943,708,53,0,161,1335,2971,368,2786,7539,3884.8774349580
49908,4,20180,3643,0,2285,1041,568,622,374,2826,5553,3269,3643,16538,3409.1781572080
49916,3,20686,2021,1678,5118,2293,261,812,1491,1897,5105,10,3699,16987,3012.7620924164
49924,8,18354,1610,984,5624,1266,303,300,822,6179,388,878,2594,15760,7373.3388051243
49932,5,25794,2420,558,9075,1539,554,2502,1746,2457,3931,1013,2978,22817,4994.8424163745
49940,3,18539,3622,523,6415,1601,434,361,1106,2159,1778,541,4145,14395,2933.4788794581
49957,5,19396,923,396,4800,2168,505,1003,1000,5181,3185,234,1319,18076,4598.4263515829
49965,3,40167,2874,858,6343,2190,408,450,1132,4830,19589,1493,3732,36435,3250.6117312914
49973,3,23551,1712,578,3940,1357,891,1277,2863,247,7009,3677,2290,21261,3171.3285183330
49981,4,11446,1424,98,3097,1121,248,543,395,1030,2609,881,1522,9924,3567.7445831247
49999,1,10253,1442,367,3097,599,133,430,3320,570,201,94,1809,8444,872.1153425416
50005,1,19596,1822,462,5184,4158,2473,100,1861,1078,2187,271,2284,17312,872.1153425416
50013,4,34831,1125,261,5383,4233,601,2620,2756,2511,14693,648,1386,33445,4122.7270738330
50021,2,17062,0,712,4926,1719,49,120,1492,343,7667,33,712,16349,1982.0803239582
50039,7,24963,5146,1264,4834,3742,200,346,661,5953,1760,1057,6410,18553,6580.5066755411
50047,2,32389,6634,1005,9096,2071,4197,0,1729,400,6771,486,7639,24750,1982.0803239582
50054,1,13006,1686,407,4834,2663,78,401,503,614,1707,113,2093,10913,872.1153425416
50062,4,19991,4682,875,5064,3996,132,0,899,1751,2180,413,5557,14435,3884.8774349580
50070,1,9209,2658,517,3240,1016,485,78,441,300,59,415,3175,6034,1189.2481943749
50088,2,7690,541,49,1750,536,2154,25,0,1484,465,687,590,7101,1744.2306850832
50096,1,3575,553,180,1896,700,67,0,0,0,179,0,733,2842,872.1153425416
50104,2,6064,1691,554,1650,390,51,35,312,100,174,1106,2245,3818,2061.3635369165
50112,5,13905,2608,613,2697,1398,91,1425,1239,1978,1121,736,3221,10685,4836.2759904579
50120,2,12670,628,700,2152,6102,0,515,2350,150,73,0,1328,11342,1744.2306850832
50138,2,8300,236,435,2623,556,0,160,471,210,3610,0,671,7630,1982.0803239582
50146,1,14020,947,43,3067,834,1315,0,1,969,533,6311,990,13030,872.1153425416
50153,3,6379,784,415,3225,841,0,0,960,1,142,11,1199,5180,3012.7620924164
50161,1,5800,455,183,2708,512,0,0,730,0,1212,0,638,5162,1109.9649814166
50179,5,34246,5611,1140,4299,1287,1038,0,10371,5069,4803,629,6751,27496,4122.7270738330
50187,4,33068,5653,376,4062,1900,10372,0,599,3296,6131,679,6029,27039,4122.7270738330
50195,3,18938,4172,1049,3225,1066,611,280,924,3031,2293,2287,5221,13717,3012.7620924164
50203,4,9196,1232,116,2539,614,60,196,0,0,4398,39,1348,7846,3409.1781572080
50211,1,3101,427,204,2057,338,0,0,0,0,75,0,631,2470,872.1153425416
50229,3,7566,1716,205,2057,988,170,150,223,351,1102,601,1921,5642,1982.0803239582
50237,1,3347,731,152,1690,218,33,0,300,165,57,0,883,2463,872.1153425416
50245,5,8610,2160,416,1598,399,83,320,563,483,1312,1276,2576,6034,3805.5942219997
50252,6,19450,3465,373,5284,1466,176,1010,1172,1422,4851,231,3838,15612,5708.3913329995
50260,4,15995,2585,1528,3297,1383,313,1129,588,1941,2625,607,4113,11883,3964.1606479163
50278,4,25457,3863,632,3556,1479,1166,310,1154,9783,2937,576,4495,20961,3884.8774349580
50286,2,7341,564,116,2300,438,50,802,117,2140,815,0,680,6662,2140.6467498748
50294,2,4845,1060,258,2251,394,0,0,742,0,140,0,1318,3527,1982.0803239582
50302,2,10707,1737,962,3768,714,232,0,771,1199,1226,99,2699,8009,1982.0803239582
50310,4,27727,1787,330,5812,1705,0,834,2029,1021,13258,950,2117,25609,4439.8599256663
50328,2,9741,849,405,3691,1228,1466,800,106,170,829,196,1254,8486,1427.0978332499
50336,4,44638,5034,925,4332,10802,1540,500,1938,1456,16495,1615,5959,38678,3171.3285183330
50344,5,17114,2361,264,5630,2456,0,0,508,2391,3344,160,2625,14489,4360.5767127079
50351,4,19789,566,128,4256,1363,118,799,114,3881,8426,138,694,19095,3250.6117312914
50369,1,6587,471,77,2925,648,214,650,196,96,1190,120,548,6039,872.1153425416
50377,2,14604,550,174,3075,1569,717,250,1384,2190,4696,0,724,13881,1982.0803239582
50385,3,18523,2496,655,4445,1578,668,1080,606,481,4151,2363,3151,15372,3171.3285183330
50393,5,44103,7069,1174,4570,2556,744,3494,5669,7891,7585,3351,8243,35860,5470.5416941245
50401,4,17908,977,45,2398,874,600,194,407,9036,1520,1856,1022,16885,3250.6117312914
50419,2,10288,1487,654,3637,1142,237,0,1990,180,556,404,2141,8146,1982.0803239582
50427,1,10145,2091,553,2381,775,177,694,1564,423,1218,269,2644,7501,1109.9649814166
50435,3,15041,1109,434,4445,7646,0,300,250,230,371,256,1543,13498,2854.1956664997
50443,4,20916,4031,131,3258,1980,2369,254,824,5349,2011,710,4162,16755,3250.6117312914
50450,2,7658,500,0,3197,826,367,0,855,407,1423,84,500,7159,2140.6467498748
50468,8,9580,1094,157,3940,751,305,502,523,1252,371,686,1251,8330,6263.3738237078
50476,3,20391,1578,831,5385,1214,0,0,1380,1482,8343,177,2409,17981,3250.6117312914
50484,3,10978,844,43,4219,619,60,672,824,2447,1048,200,887,10089,2695.6292405831
50492,6,10774,2437,326,4219,1135,181,0,43,517,1684,231,2763,8010,5787.6745459578
50500,4,9371,1333,83,4219,1205,71,0,159,711,1589,0,1416,7954,3409.1781572080
50518,7,12093,2016,162,5000,1500,120,0,1443,607,1045,200,2178,9915,5232.6920552495
50526,3,14476,2297,223,5053,1344,125,80,954,2040,1982,377,2520,11955,2616.3460276248
50534,3,14260,2549,717,5041,1005,233,839,445,1536,1675,221,3266,10995,3171.3285183330
50542,3,11588,616,33,4500,1570,1,217,408,2720,1264,259,649,10939,2616.3460276248
50559,2,13979,2364,391,4219,1850,97,0,735,272,3754,297,2755,11224,1982.0803239582
50567,1,11128,1735,524,5387,662,1337,0,745,250,150,336,2259,8867,1109.9649814166
50575,3,15551,56,0,6434,451,0,181,172,4027,1181,3049,56,15495,2616.3460276248
50583,1,2385,920,460,292,120,0,0,279,124,190,0,1380,1005,872.1153425416
50591,2,28070,1405,173,7227,2717,3058,40,4489,1795,6983,183,1578,26492,1982.0803239582
50609,5,28310,3571,722,5900,3921,774,836,894,3374,6607,1711,4293,24017,4994.8424163745
50617,2,18127,635,227,7267,5340,167,0,3813,311,285,82,862,17265,1744.2306850832
50625,2,9907,253,8,7017,1966,0,0,582,0,80,0,261,9645,1982.0803239582
50633,3,12474,2098,348,4196,1070,83,500,806,490,1458,1424,2446,10027,2695.6292405831
50641,7,37987,7984,857,7013,5258,1031,1552,2071,3561,7403,1258,8841,29147,7135.4891662493
50658,1,17250,1980,178,3397,949,84,2300,2384,2262,3275,443,2158,15094,1189.2481943749
50666,5,7689,1875,783,1499,1390,1318,0,0,170,654,0,2658,5031,5629.1081200412
50674,2,14578,1160,0,3691,906,100,1195,474,1817,5235,0,1160,13418,1427.0978332499
50682,2,5649,934,475,3009,327,0,0,209,284,409,0,1409,4238,1982.0803239582
50690,6,25531,1721,955,4332,978,84,1286,687,975,12272,2242,2676,22856,6263.3738237078
50708,2,7854,1418,157,3497,732,710,60,128,122,1030,0,1575,6279,1982.0803239582
50716,4,23984,939,1346,3459,14503,0,509,1751,230,1169,78,2285,21699,3488.4613701663
50724,8,14061,2438,500,4560,1043,17,1815,682,2411,321,275,2938,11124,6897.6395273744
50732,1,9878,1634,358,4095,904,0,170,197,215,1629,676,1992,7886,872.1153425416
50740,5,14249,1885,307,3996,961,0,824,183,414,5282,396,2192,12056,4360.5767127079
50757,5,12378,1328,80,4913,610,0,745,366,1498,2799,39,1408,10970,4281.2934997496
50765,1,4568,250,119,4095,101,0,0,0,0,2,0,369,4198,872.1153425416
50773,2,28194,1696,373,6708,3250,2291,2470,3595,4215,3595,0,2069,26124,2061.3635369165
50781,2,10662,589,372,5024,1077,0,0,698,340,2364,199,961,9702,1982.0803239582
50799,2,31795,5230,426,6981,2458,0,301,2331,1076,12854,138,5656,26139,1982.0803239582
50807,2,18789,2305,841,6908,2039,206,58,1236,2150,2774,273,3146,15644,1982.0803239582
50815,2,12185,2509,353,3350,1232,255,271,2073,386,596,1161,2862,9324,2140.6467498748
50823,3,27639,3873,1979,9948,4232,264,953,1845,2137,1605,803,5852,21787,3171.3285183330
50831,3,23570,1119,994,6967,2993,80,702,3104,4267,2602,740,2113,21455,2933.4788794581
50849,3,34980,6042,557,6875,1241,1783,1090,847,1542,13101,1903,6599,28382,3171.3285183330
50856,5,20796,1614,1558,4666,1349,0,401,408,2754,7951,95,3172,17624,4439.8599256663
50864,5,33012,4855,864,6285,925,254,1303,2629,4451,9900,1546,5719,27293,5074.1256293329
50872,1,8701,825,513,3023,582,1499,371,388,0,232,1268,1338,7363,872.1153425416
50880,2,14250,1010,0,4666,7585,60,0,584,0,0,345,1010,13240,1744.2306850832
50898,6,17247,3416,1060,4666,1412,37,22,2605,2710,947,375,4476,12774,5946.2409718745
50906,2,12969,545,161,4666,7020,0,181,250,0,89,56,706,12262,2299.2131757915
50914,5,27961,3220,980,6971,2694,435,301,4166,7607,1587,0,4200,23761,4360.5767127079
50922,9,9896,2395,359,4178,761,0,0,0,1977,167,58,2754,7141,7452.6220180827
50930,4,23044,2327,1457,7557,1690,1946,2154,810,2051,1815,1238,3784,19261,4202.0102867913
50948,9,14762,4608,476,4599,1041,647,0,649,1909,521,311,5084,9677,8404.0205735826
50955,6,9767,1125,14,4163,914,416,0,207,2033,259,637,1139,8629,4994.8424163745
50963,7,15785,1058,83,4716,1180,150,110,452,2412,4715,908,1141,14643,5311.9752682078
50971,5,18175,2145,769,6410,1729,0,0,2004,2711,2054,354,2914,15262,3884.8774349580
50989,4,10038,2296,911,0,2133,381,661,1782,1165,410,299,3207,6831,3567.7445831247
50997,2,20505,3675,268,6308,3121,411,1202,4040,159,303,1018,3943,16562,1982.0803239582
51003,1,9562,1939,0,4666,986,0,150,80,220,431,1090,1939,7623,1109.9649814166
51011,2,8787,1473,874,3849,563,141,0,1246,424,144,74,2347,6441,1982.0803239582
51029,6,25675,2216,695,6159,1318,234,7974,176,2765,2267,1871,2911,22764,5708.3913329995
51037,2,16942,2535,1230,6292,950,454,351,705,1041,2641,743,3765,13177,1982.0803239582
51045,3,10205,1933,578,3800,1121,10,110,393,451,1351,458,2511,7694,2854.1956664997
51052,1,5603,1012,147,2931,1238,0,0,0,0,201,75,1159,4445,872.1153425416
51060,3,14753,1490,1215,5671,1184,584,652,450,1434,1794,278,2705,12047,3171.3285183330
51078,2,8149,786,276,4514,873,161,349,162,112,406,511,1062,7088,2140.6467498748
51086,4,13639,1490,430,3849,1222,174,0,0,6077,200,197,1920,11719,3964.1606479163
51094,5,23843,3766,690,4666,1316,56,585,1091,3999,6855,820,4456,19388,4122.7270738330
51102,5,6532,1174,455,2188,500,0,0,0,1499,715,0,1629,4902,5153.4088422912
51110,1,5676,2041,48,2609,494,0,0,0,0,364,121,2089,3588,872.1153425416
51128,3,19294,456,53,4012,1322,491,1703,3061,4291,3543,363,509,18786,2695.6292405831
51136,6,16430,2208,1398,7562,1372,1439,361,266,1222,187,414,3606,12823,6025.5241848328
51144,4,6089,551,431,3278,476,192,0,0,970,166,26,982,5108,3250.6117312914
51151,4,26641,1960,772,3862,1299,139,794,2844,7075,1702,6193,2732,23908,3964.1606479163
51169,3,14055,2143,275,3511,626,69,1486,712,673,1665,2895,2418,11637,3012.7620924164
51177,4,18991,2214,492,3737,1431,643,1253,505,2474,5065,1177,2706,16285,3409.1781572080
51185,2,7412,1391,500,4112,849,186,0,0,120,102,152,1891,5521,1982.0803239582
51193,4,9523,1812,202,2931,916,305,0,238,1872,866,382,2014,7510,3171.3285183330
51201,5,12017,1143,480,3737,901,3203,245,1011,1111,186,0,1623,10394,4360.5767127079
51219,5,20476,3541,361,5671,1559,287,489,510,1954,5935,169,3902,16574,4677.7095645412
51227,4,32216,6891,1044,7777,1526,1259,349,2209,5288,2852,3020,7935,24280,3805.5942219997
51235,7,28167,6527,1099,7480,2587,661,1486,691,1081,6215,339,7626,20540,6818.3563144160
51243,7,16612,5411,1348,3260,1141,130,0,33,878,4277,133,6759,9852,6342.6570366661
51250,5,8937,2849,652,2609,1202,104,160,0,844,182,335,3501,5436,4202.0102867913
51268,3,12759,125,90,4468,1100,217,0,517,2330,3220,692,215,12544,3092.0453053747
51276,2,5962,302,39,3500,799,0,0,509,434,256,125,341,5623,1982.0803239582
51284,3,6040,1741,203,3260,474,0,0,1,0,361,0,1944,4096,2616.3460276248
51292,3,7864,1457,216,2875,381,0,0,0,0,1252,1682,1673,6190,2695.6292405831
51300,6,15043,3698,486,2609,711,200,779,809,1454,1314,2982,4184,10858,5074.1256293329
51318,7,10703,3054,560,3260,861,0,0,0,1519,1362,87,3614,7089,7373.3388051243
51326,5,6751,65,156,4679,713,0,0,106,638,38,357,221,6531,3805.5942219997
51334,9,13955,744,346,4112,2214,510,0,264,2078,2353,1334,1090,12865,8324.7373606242
51342,6,8621,405,16,4193,642,186,1022,408,1423,210,116,421,8200,4756.9927774996
51359,8,10414,1743,475,4278,791,137,0,330,2014,120,525,2218,8195,6025.5241848328
51367,8,14644,2320,307,4197,1466,0,120,906,4122,364,842,2627,12017,6580.5066755411
51375,10,12048,2077,773,4313,993,876,0,509,2051,90,365,2850,9197,8404.0205735826
51383,3,16317,1258,220,4909,1331,337,55,4014,2997,788,408,1478,14839,2933.4788794581
51391,2,9275,840,495,5385,913,43,0,341,162,1096,0,1335,7940,1982.0803239582
51409,2,31114,2176,986,5582,1831,108,802,4719,1320,13465,125,3162,27952,1982.0803239582
51417,5,20786,2065,1619,5509,2554,1029,0,747,4595,1668,1000,3684,17102,4519.1431386246
51425,1,4157,1002,279,251,337,118,935,109,557,437,133,1281,2877,872.1153425416
51433,5,20620,2945,743,6159,1775,1018,1002,1198,3855,1559,365,3688,16931,4122.7270738330
51441,3,16213,3301,1104,3849,1140,70,258,190,4494,1293,514,4405,11808,2854.1956664997
51458,3,18125,1861,405,4666,2712,60,0,638,1568,5802,413,2266,15859,2695.6292405831
51466,3,16897,1135,488,4846,928,40,80,397,1754,6956,274,1623,15275,3012.7620924164
51474,5,35639,3385,844,6015,3520,6163,1582,599,3767,9763,0,4229,31409,4519.1431386246
51482,2,13452,1053,831,6015,1771,919,0,1630,378,854,0,1884,11567,1982.0803239582
51490,7,20912,1330,355,6159,2040,437,1169,526,3279,5286,331,1685,19227,6897.6395273744
51508,7,15886,1666,856,4283,1119,117,178,3783,2461,732,693,2522,13366,5391.2584811662
51516,8,32199,5198,378,6226,1831,1633,1300,1847,4101,8510,1175,5576,26623,7135.4891662493
51524,3,16517,3761,462,3569,2453,106,0,957,1896,3160,153,4223,12294,3092.0453053747
51532,6,22242,3229,634,2690,4431,77,60,252,5827,4202,839,3863,18378,6025.5241848328
51540,3,5979,583,198,2407,616,67,0,333,213,1177,386,781,5199,3012.7620924164
51557,8,30241,3498,532,5863,1540,1450,1855,10032,3241,851,1379,4030,26211,8721.1534254159
51565,1,8271,480,254,3882,933,0,410,309,292,1068,644,734,7538,872.1153425416
51573,6,19075,3505,708,3737,1168,1592,1453,611,3986,1233,1081,4213,14861,5153.4088422912
51581,2,11371,321,635,2994,843,0,0,2899,2014,1465,200,956,10415,1982.0803239582
51599,5,4553,213,11,2687,518,20,226,67,399,412,0,224,4329,3964.1606479163
51607,5,13613,3299,1240,3485,809,400,1062,761,779,1490,286,4539,9072,4598.4263515829
51615,3,9004,113,41,2407,1179,730,1181,1043,496,1597,218,154,8851,2854.1956664997
51623,2,24748,5851,852,4351,1402,97,80,2755,4399,3701,1259,6703,18044,1982.0803239582
51631,4,8611,794,41,1653,1141,212,448,443,882,1660,1336,835,7775,3171.3285183330
51649,8,15420,1928,480,6159,1601,420,272,0,1778,414,2369,2408,13013,6342.6570366661
51656,3,1474,305,74,0,852,17,0,0,0,226,0,379,1095,3171.3285183330
51664,8,20331,2251,722,3811,1798,160,0,133,5155,5956,343,2973,17356,5946.2409718745
51672,5,7471,3026,907,1499,335,126,102,242,208,340,686,3933,3538,5074.1256293329
51680,5,9084,624,1014,5216,965,64,0,266,362,477,96,1638,7446,3805.5942219997
51698,3,4870,0,326,3260,448,33,196,270,0,287,50,326,4544,2695.6292405831
51706,8,13862,3060,367,3467,1342,359,797,946,2216,900,408,3427,10435,7690.4716569576
51714,9,36118,2354,839,6273,1662,0,301,756,6836,4976,12122,3193,32926,7928.3212958326
51722,3,8391,1387,611,3260,1636,100,0,502,436,459,0,1998,6393,2695.6292405831
51730,5,11206,1061,581,4776,1043,724,527,235,1125,433,699,1642,9562,4281.2934997496
51748,4,28613,5666,1915,11676,1292,1345,1904,1681,1102,1196,837,7581,21033,4122.7270738330
51755,2,14913,1511,555,8071,994,298,0,639,173,100,2571,2066,12846,2140.6467498748
51763,7,18287,3340,608,3260,1572,0,0,499,868,8139,0,3948,14338,6421.9402496244
51771,5,10890,1017,109,3260,761,66,180,139,3889,1429,40,1126,9764,5311.9752682078
51789,2,9510,1356,435,3675,1928,679,0,130,158,348,801,1791,7719,1982.0803239582
51797,3,10597,1061,0,3297,956,866,360,277,2892,279,610,1061,9537,2695.6292405831
51805,6,11772,2061,1223,2981,981,167,939,452,1856,715,398,3284,8489,4994.8424163745
51813,4,10317,1495,143,4496,1141,114,0,727,200,917,1085,1638,8680,4122.7270738330
51821,2,10557,2293,250,3621,1350,33,365,293,277,1501,573,2543,8013,1744.2306850832
51839,7,20749,4254,825,4975,1942,378,379,560,3542,3748,145,5079,15669,7214.7723792077
51847,7,22363,6055,918,4666,2085,1802,709,494,3485,538,1611,6973,15390,6659.7898884994
51854,2,6593,1095,0,3849,460,333,0,401,0,454,0,1095,5497,1982.0803239582
51862,1,6396,400,56,3397,232,207,0,50,50,1059,945,456,5940,872.1153425416
51870,6,17273,2866,663,4666,1194,1395,547,359,4680,296,606,3529,13743,5946.2409718745
51888,2,8049,600,550,4666,1027,242,0,408,0,379,176,1150,6898,1982.0803239582
51896,5,14190,715,208,6159,2198,527,348,1547,1938,397,152,923,13266,4994.8424163745
51904,2,8291,327,738,4666,1225,133,0,465,0,518,220,1065,7227,1982.0803239582
51912,6,31665,8184,1043,6159,2120,1851,4030,75,5013,612,2579,9227,22439,5629.1081200412
51920,2,17035,3027,217,3946,2919,0,281,2065,2295,586,1700,3244,13792,1982.0803239582
51938,3,36695,4271,1686,8035,5618,800,300,1128,3917,9465,1473,5957,30736,2933.4788794581
51946,2,8677,904,177,3849,752,0,0,629,386,1234,745,1081,7595,1744.2306850832
51953,2,26453,5678,1195,7100,8396,40,0,2573,373,858,239,6873,19579,1744.2306850832
51961,1,5949,157,0,2106,374,448,305,1154,200,133,1071,157,5791,951.3985554999
51979,1,5047,828,0,2106,295,0,0,30,508,1034,246,828,4219,1189.2481943749
51987,1,8508,1543,0,2307,51,334,0,51,2901,1321,0,1543,6965,951.3985554999
51995,3,23377,2420,1261,5473,1947,2894,813,1367,1747,4397,1059,3681,19697,2616.3460276248
52001,2,11313,1316,497,7113,1130,37,0,523,210,486,0,1813,9499,1982.0803239582
52019,3,10517,587,500,5694,2001,0,0,60,474,1202,0,1087,9431,2774.9124535414
52027,4,34403,6098,42,8616,2443,869,542,601,4152,10127,912,6140,28262,3805.5942219997
52035,1,14248,1669,388,6332,1126,0,0,603,530,3600,0,2057,12191,1109.9649814166
52043,1,23966,5966,891,6442,2170,620,236,448,5350,654,1189,6857,17109,872.1153425416
52050,5,32322,6197,512,5281,1563,4107,3637,793,5807,2113,2313,6709,25614,4360.5767127079
52068,1,19254,2899,1142,6182,1090,1720,0,2364,500,2984,371,4041,15211,1109.9649814166
52076,5,17298,2357,61,3039,1050,3711,438,1470,1842,2900,430,2418,14880,4281.2934997496
52084,4,15095,2467,755,2307,685,746,170,478,4844,2299,343,3222,11872,3250.6117312914
52092,8,14384,792,33,3611,1260,1244,974,328,5585,329,229,825,13560,7214.7723792077
52100,5,29680,5494,1377,5181,1832,1034,1603,654,3725,8400,380,6871,22809,5629.1081200411
52118,5,30088,3651,1182,4058,1220,1807,675,2220,9839,4407,1028,4833,25254,4122.7270738330
52126,2,25522,1094,582,2918,1110,6322,0,617,212,12668,0,1676,23847,1982.0803239582
52134,4,17188,1070,43,3484,872,83,0,674,2547,7220,1195,1113,16075,3171.3285183330
52142,2,13481,2769,439,4758,684,0,430,1046,789,2566,0,3208,10273,1982.0803239582
52159,3,18731,2026,394,4765,949,1136,201,843,472,7946,0,2420,16312,3171.3285183330
52167,4,29945,3070,1155,5780,2265,333,1148,3819,970,10532,872,4225,25719,3884.8774349580
52175,4,23762,1944,109,6000,1997,524,1523,975,4769,5719,201,2053,21708,4281.2934997496
52183,2,4889,278,0,2722,644,0,0,214,830,201,0,278,4611,2061.3635369165
52191,4,12723,1338,0,2722,1690,2621,160,615,1508,1659,410,1338,11385,3250.6117312914
52209,2,16568,2052,1709,5556,1271,67,0,721,510,1697,2985,3761,12807,1982.0803239582
52217,4,19886,3560,157,4529,1153,4385,0,424,4485,474,721,3717,16171,3171.3285183330
52225,3,12249,1954,383,2600,707,916,2390,1,1224,2073,0,2337,9911,2854.1956664997
52233,4,7820,3495,310,2722,521,35,136,168,60,1,373,3805,4016,3726.3110090413
52241,5,20619,10717,143,3651,1348,113,220,0,1737,1669,1020,10860,9758,4836.2759904579
52258,1,2260,504,288,930,209,116,0,71,142,0,0,792,1468,1109.9649814166
52266,1,3417,70,0,3230,38,0,0,80,0,0,0,70,3348,1109.9649814166
52274,1,10180,1777,904,3940,1029,167,0,71,206,1173,913,2681,7499,1109.9649814166
52282,8,31597,2470,70,4500,1188,2864,672,2031,3840,11741,2222,2540,29058,7214.7723792077
52290,2,10544,2248,552,4200,1136,29,0,1318,0,1061,0,2800,7744,1982.0803239582
52308,5,16003,5784,43,5000,1932,0,267,84,404,1761,728,5827,10176,4598.4263515829
52316,5,10338,2171,85,3849,820,0,60,278,1087,1123,865,2256,8082,3805.5942219997
52324,8,17742,2092,206,3849,1121,1180,601,410,5360,2024,899,2298,15444,6342.6570366661
52332,2,15130,3824,435,4666,1021,2540,201,1862,110,471,0,4259,10871,1982.0803239582
52340,5,10481,1633,340,3849,1126,86,1003,95,1611,301,437,1973,8508,3805.5942219997
52357,5,10330,1212,487,3849,849,85,100,364,2061,3,1319,1699,8630,3805.5942219997
52365,1,4204,87,96,3300,669,0,0,50,0,2,0,183,4021,872.1153425416
52373,7,18894,818,305,4666,983,1084,2508,831,2710,2276,2713,1123,17771,5787.6745459578
52381,2,12871,2222,752,4666,1528,86,999,0,380,754,1484,2974,9897,1982.0803239582
52399,1,3514,0,0,2850,291,0,20,0,0,289,65,0,3515,872.1153425416
52407,8,24654,3721,651,4300,2552,434,169,2478,5683,3050,1616,4372,20282,7373.3388051243
52415,10,31831,14824,377,3485,3323,705,2367,196,3999,1087,1469,15201,16631,7928.3212958326
52423,5,22873,2007,1065,4730,1275,200,1480,938,4053,6801,324,3072,19801,4756.9927774996
52431,5,15949,2787,683,3485,1203,0,1529,693,3034,631,1904,3470,12479,4836.2759904579
52449,8,18637,3588,917,6743,1671,394,303,1622,1588,1625,186,4505,14132,6818.3563144160
52456,2,14763,3025,497,6239,2383,216,451,879,228,308,536,3522,11240,1982.0803239582
52464,2,9875,3855,859,3333,890,200,0,417,110,190,20,4714,5160,1982.0803239582
52472,2,31098,1483,4373,6579,4510,180,320,423,162,180,12888,5856,25242,1982.0803239582
52480,4,8730,450,162,4684,740,152,120,621,1119,80,601,612,8117,3647.0277960830
52498,7,15115,1914,259,4666,1056,272,982,348,4405,629,584,2173,12942,5549.8249070828
52506,2,10142,862,18,2988,784,831,179,683,11,3155,632,880,9263,2140.6467498748
52514,4,19977,2043,0,4645,1540,1620,0,2523,2942,3276,1388,2043,17934,3647.0277960830
52522,4,13311,2298,379,3047,1603,193,1231,436,2523,754,847,2677,10634,3250.6117312914
52530,4,56025,7327,894,4583,1373,30,1651,176,27127,11694,1170,8221,47804,3726.3110090413
52548,3,29401,3171,1202,3851,1068,93,1000,632,2344,13414,2626,4373,25028,2616.3460276248
52555,5,50740,4891,1078,4771,1312,1823,3185,1137,6533,25055,955,5969,44771,5153.4088422912
52563,1,11182,552,346,7500,308,50,0,619,192,748,868,898,10285,872.1153425416
52571,4,18816,1690,501,6159,2142,300,1106,763,1847,3621,686,2191,16624,4122.7270738330
52589,6,11088,1942,948,4666,1159,0,0,463,1263,547,100,2890,8198,6025.5241848328
52597,1,6141,683,391,3278,828,0,0,48,487,100,325,1074,5066,951.3985554999
52605,2,14834,768,974,4833,762,1710,0,3863,120,973,832,1742,13093,1982.0803239582
52613,3,14349,560,662,6159,2318,217,0,719,1043,1596,1074,1222,13126,3171.3285183330
52621,4,13955,2787,0,3059,1420,0,0,1491,2127,3021,50,2787,11168,4122.7270738330
52639,4,5826,709,140,2324,551,0,530,581,337,653,0,849,4976,3567.7445831247
52647,7,58843,4158,698,4822,985,1762,1600,1070,20355,23394,0,4856,53988,6580.5066755411
52654,5,13158,1008,204,4695,817,0,270,776,1362,3947,78,1212,11945,4836.2759904579
52662,5,21630,2006,487,5353,1334,342,999,874,934,9130,172,2493,19138,5391.2584811662
52670,3,16475,1167,136,5358,2244,109,320,698,3217,3209,17,1303,15172,3012.7620924164
52688,3,14287,601,125,5478,1353,414,1029,403,3453,834,597,726,13561,2695.6292405831
52696,1,29157,2410,250,8488,2746,78,450,6699,1741,6208,87,2660,26497,872.1153425416
52704,3,30256,2439,895,8560,1542,0,450,2554,589,13217,10,3334,26922,2933.4788794581
52712,4,20566,1927,256,4754,1739,662,0,1047,2208,7324,649,2183,18383,3805.5942219997
52720,5,15161,369,655,2565,1455,117,510,131,1452,7511,397,1024,14138,3884.8774349580
52738,6,21009,3301,118,3880,2153,285,2890,548,3845,3191,800,3419,17592,6263.3738237078
52746,3,17250,3960,844,1960,346,52,350,1237,0,583,7919,4804,12447,3171.3285183330
52753,2,11326,1415,748,1614,910,3278,40,200,0,3078,43,2163,9163,1982.0803239582
52761,4,25800,1220,252,1652,16303,1757,0,290,267,3098,962,1472,24329,4519.1431386246
52779,5,17645,2099,956,3268,1715,0,3500,781,331,4995,0,3055,14590,4994.8424163745
52787,11,22100,2388,816,3979,1408,164,1823,871,8637,513,1501,3204,18896,9989.6848327491
52795,10,14378,3188,1059,4549,1565,49,190,25,3185,185,384,4247,10132,10306.8176845824
52803,6,21184,3341,770,4145,1751,4668,0,278,3131,913,2188,4111,17074,4836.2759904579
52811,7,12942,1460,954,4145,1549,385,460,787,1620,445,1138,2414,10529,6501.2234625827
52829,9,9400,1937,403,3459,692,118,779,39,1220,28,726,2340,7061,6976.9227403327
52837,4,17241,1596,246,5487,1518,164,0,1439,4610,1501,681,1842,15400,3250.6117312914
52845,4,15762,859,357,5738,2696,0,0,1069,572,3917,555,1216,14547,4360.5767127079
52852,4,28642,3516,972,5385,1391,1569,410,589,986,13568,256,4488,24154,4202.0102867913
52860,6,10654,1119,611,4482,1111,42,899,166,263,1961,0,1730,8924,6104.8073977911
52878,6,21454,108,0,4147,10089,629,0,1009,3580,1719,173,108,21346,4677.7095645412
52886,1,15846,501,1109,5025,2545,0,0,1161,3222,1826,457,1610,14236,872.1153425416
52894,5,35219,2953,814,5320,3373,1970,800,1658,5699,12632,0,3767,31452,4756.9927774996
52902,4,21957,1558,879,6575,2460,201,365,1944,2565,4368,1041,2437,19519,3884.8774349580
52910,5,12517,1630,101,4509,1369,434,1200,931,251,1572,520,1731,10786,5232.6920552495
52928,2,5084,998,227,1578,1665,0,0,427,1,72,116,1225,3859,1982.0803239582
52936,1,4907,578,949,1394,482,303,251,71,244,166,468,1527,3379,872.1153425416
52944,2,3465,1922,450,70,191,0,0,142,264,165,260,2372,1092,1982.0803239582
52951,2,2693,201,151,1943,178,0,0,0,120,99,0,352,2340,1982.0803239582
52969,1,7888,321,153,4534,1284,0,0,237,720,639,0,474,7414,1109.9649814166
52977,6,18168,1511,1923,4509,1496,51,0,2095,3105,2939,538,3434,14733,5391.2584811662
52985,5,55161,1926,551,8561,1778,843,305,3792,17682,19146,577,2477,52684,4677.7095645412
52993,3,12632,1201,808,4980,1684,106,0,822,541,1361,1129,2009,10623,3250.6117312914
53009,1,11235,653,239,3869,2696,567,0,578,644,1989,0,892,10343,872.1153425416
53017,2,26821,2614,649,3913,1258,30,130,1,980,16943,303,3263,23558,1982.0803239582
53025,3,10618,1303,33,2590,1078,234,0,400,365,3677,939,1336,9283,2695.6292405831
53033,4,15718,2473,259,3714,1388,1303,1199,629,2127,2475,151,2732,12986,3171.3285183330
53041,2,12932,3536,537,5489,698,322,502,579,363,737,169,4073,8859,1982.0803239582
53058,2,12991,1477,0,4000,627,50,0,765,502,4338,1233,1477,11515,2140.6467498748
53066,3,7893,1804,390,4116,724,0,0,229,176,284,171,2194,5700,3171.3285183330
53074,1,13205,330,5,5387,680,629,90,731,0,665,4687,335,12869,872.1153425416
53082,2,19484,2880,240,5454,1028,117,0,5492,1594,2637,43,3120,16365,1982.0803239582
53090,2,7154,704,134,5387,496,43,0,0,220,80,90,838,6316,2140.6467498748
53108,2,9818,95,0,3860,734,0,0,0,1530,3599,0,95,9723,2140.6467498748
53116,4,21512,3679,17,7017,2319,171,351,417,3870,2819,851,3696,17815,3171.3285183330
53124,2,21198,692,0,7017,2239,2761,595,2150,2163,716,2865,692,20506,1982.0803239582
53132,2,9091,361,445,7017,547,0,0,468,117,136,0,806,8285,1982.0803239582
53140,11,16754,997,469,5525,1723,773,251,1420,2714,2191,691,1466,15288,11575.3490919156
53157,6,15228,2361,164,5736,1585,0,0,1390,420,3204,369,2525,12704,6184.0906107494
53165,9,8199,1988,154,3459,517,95,521,38,200,1132,95,2142,6057,9196.8527031658
53173,5,9387,377,168,4145,884,0,0,921,1706,630,556,545,8842,5153.4088422912
53181,3,12775,662,0,4229,745,1565,851,471,2806,911,535,662,12113,2695.6292405831
53199,2,11029,1917,1065,4406,1405,1333,190,260,200,110,143,2982,8047,1744.2306850832
53207,1,7338,1025,513,3846,954,386,0,48,230,130,205,1538,5799,1189.2481943749
53215,2,13184,1477,615,7470,484,558,0,0,2290,290,0,2092,11092,2378.4963887498
53223,4,28048,2390,354,5484,1703,559,1833,6437,3717,4838,733,2744,25304,3647.0277960830
53231,1,11199,872,433,5537,2899,0,0,187,488,650,133,1305,9894,1189.2481943749
53249,1,7407,805,786,4184,358,0,0,711,204,358,0,1591,5815,872.1153425416
53256,2,11673,1099,538,5429,666,0,531,756,1834,820,0,1637,10036,1982.0803239582
53264,3,33472,1544,742,9630,4550,159,150,2075,557,13447,617,2286,31185,2616.3460276248
53272,2,11403,1597,77,4781,1126,57,0,700,757,695,1614,1674,9730,2061.3635369165
53280,2,16756,2129,269,7017,3784,43,130,382,1745,433,825,2398,14359,1427.0978332499
53298,2,13098,3191,779,2662,5974,39,0,0,37,212,204,3970,9128,1744.2306850832
53306,2,9672,1118,0,4183,1262,230,1029,1133,167,464,86,1118,8554,1902.7971109998
53314,1,8473,2288,0,3500,899,0,0,174,60,1553,0,2288,6186,1189.2481943749
53322,1,9361,3396,693,1580,352,502,201,983,300,1268,87,4089,5273,951.3985554999
53330,1,10084,1956,308,1580,392,127,522,3576,250,1225,148,2264,7820,951.3985554999
53348,1,8098,499,348,4198,775,0,0,334,780,706,457,847,7250,872.1153425416
53355,1,13099,3222,388,5994,1070,979,0,363,450,117,516,3610,9489,1189.2481943749
53363,2,22460,1167,256,6508,1345,179,354,4912,2089,1181,4468,1423,21036,1982.0803239582
53371,4,14650,1408,1173,4663,1420,124,376,1180,635,3034,637,2581,12069,4360.5767127079
53389,4,15321,3462,0,5725,1252,0,0,497,1148,3237,0,3462,11859,3647.0277960830
53397,1,9160,1054,205,7623,0,0,0,278,0,0,0,1259,7901,872.1153425416
53405,2,31956,2815,684,3884,4778,2490,401,1555,1173,12395,1781,3499,28457,1982.0803239582
53413,3,7587,198,336,5387,769,333,0,425,1,102,36,534,7053,3250.6117312914
53421,4,21371,2700,1015,5447,1594,300,849,2397,4280,1728,1061,3715,17656,3647.0277960830
53439,4,20636,2020,0,7017,1658,0,647,1133,2469,3856,1838,2020,18618,3488.4613701663
53447,2,23674,3943,0,7017,1705,100,301,184,245,8700,1480,3943,19732,2140.6467498748
53454,4,15327,2331,218,3802,875,500,0,1157,601,5844,0,2549,12779,4122.7270738330
53462,5,28868,7000,1229,3802,2274,712,2546,380,3369,4058,3499,8229,20640,5549.8249070828
53470,6,18692,2307,661,3802,1144,67,750,1277,712,6956,1015,2968,15723,5470.5416941245
53488,5,18372,3793,1516,3047,1775,20,140,950,4566,2091,474,5309,13063,4122.7270738330
53496,4,19433,3146,708,3802,977,0,850,403,2836,6605,106,3854,15579,4439.8599256663
53504,1,12022,159,210,3374,1023,134,824,1187,2920,1823,369,369,11654,872.1153425416
53512,3,19922,3662,1261,2298,445,1193,0,1404,1657,5103,2899,4923,14999,3171.3285183330
53520,2,17227,2318,221,2250,760,780,150,648,220,9394,486,2539,14688,2140.6467498748
53538,4,9428,1137,323,2191,835,1036,190,2307,66,628,715,1460,7968,3488.4613701663
53546,4,26236,3718,1581,3237,977,200,756,2296,4246,8922,303,5299,20937,3647.0277960830
53553,3,26029,2536,665,2789,548,1876,549,6789,3458,4856,1962,3201,22827,3329.8949442497
53561,2,5919,1369,260,1805,797,70,40,897,377,121,183,1629,4290,1982.0803239582
53579,1,5064,961,40,137,128,129,0,0,80,3589,0,1001,4063,872.1153425416
53587,2,4769,1305,208,2191,346,0,0,247,408,63,0,1513,3255,1982.0803239582
53595,2,17242,1111,130,4473,1549,666,999,218,183,7912,0,1241,16000,1982.0803239582
53603,3,11865,2303,349,2198,625,129,813,280,1933,1759,1476,2652,9213,2933.4788794581
53611,5,13918,3624,752,2399,2543,50,254,90,868,3149,190,4376,9543,5232.6920552495
53629,4,32625,5356,1331,4695,1382,275,1100,8631,6381,3340,134,6687,25938,3488.4613701663
53637,4,40046,2981,2338,4371,3317,200,480,1377,2535,21660,786,5319,34726,4122.7270738330
53645,5,19701,2939,1050,4473,1714,392,500,2547,3043,1312,1731,3989,15712,5311.9752682078
53652,2,23305,2725,747,4304,2115,976,1800,2790,4736,2779,331,3472,19831,1982.0803239582
53660,2,4170,511,37,2478,386,1,0,557,0,200,0,548,3622,1982.0803239582
53678,4,9732,1044,385,4388,509,283,0,1530,341,409,843,1429,8303,3488.4613701663
53686,11,14850,5740,323,3940,962,243,513,857,1491,139,642,6063,8787,9513.9855549991
53694,3,6635,1273,112,3167,523,55,0,99,700,100,607,1385,5251,2695.6292405831
53702,1,6489,0,0,3633,705,59,0,1068,273,750,0,0,6488,1109.9649814166
53710,2,11273,1432,0,4558,980,0,325,1410,228,2035,304,1432,9840,1982.0803239582
53728,3,39110,6108,1947,6299,2983,191,0,4392,1203,10575,5412,8055,31055,3171.3285183330
53736,1,9246,1629,376,4618,941,0,10,502,0,1168,0,2005,7239,1109.9649814166
53744,1,4966,0,0,3735,560,3,250,239,150,30,0,0,4967,872.1153425416
53751,6,18098,1368,1059,5511,1493,257,391,610,2785,4082,544,2427,15673,6025.5241848328
53769,1,11358,1242,351,4111,4437,0,0,245,331,590,50,1593,9764,872.1153425416
53777,3,20273,4018,1346,4228,1666,968,350,1364,204,5835,295,5364,14910,3171.3285183330
53785,2,18985,4847,465,7350,1945,779,0,1386,0,2053,160,5312,13673,1982.0803239582
53793,5,29107,1479,49,7310,3114,3460,1000,2153,7199,3342,0,1528,27578,4994.8424163745
53801,4,19581,1075,566,7250,1674,501,780,266,2234,4001,1235,1641,17941,3171.3285183330
53819,2,23878,6594,641,7585,1589,1011,300,1217,2449,1796,697,7235,16644,1982.0803239582
53827,5,28259,4925,1498,7448,3334,90,418,1106,5397,3915,127,6423,21835,5074.1256293329
53835,6,47772,2797,1878,6989,9909,1831,0,5629,2810,10253,5675,4675,43096,5866.9577589161
53843,5,28791,4841,1949,7089,3774,809,159,3482,3970,2074,644,6790,22001,4915.5592034162
53850,4,28186,2659,1031,5101,2690,77,498,4274,555,11220,82,3690,24497,3884.8774349580
53868,3,17885,610,0,5293,400,299,249,432,3632,6666,305,610,17276,2695.6292405831
53876,3,120614,19343,1345,15829,18843,19391,6000,12238,10445,16678,501,20688,99925,2933.4788794581
53884,2,4659,1282,315,400,965,0,108,610,427,552,0,1597,3062,2061.3635369165
53892,1,10342,278,0,1943,990,1263,1050,710,217,3348,543,278,10064,872.1153425416
53900,2,5024,324,277,3097,547,115,445,0,0,219,0,601,4423,1744.2306850832
53918,1,5331,633,268,3097,291,117,0,600,255,70,0,901,4430,872.1153425416
53926,2,4284,588,173,1992,175,0,0,134,393,829,0,761,3523,1982.0803239582
53934,4,18632,2389,1233,3097,1568,824,1239,1863,2016,1676,2726,3622,15009,3567.7445831247
53942,1,7677,1311,210,3940,808,203,0,764,300,140,0,1521,6155,872.1153425416
53959,2,16879,3700,872,3940,997,5774,131,647,216,244,358,4572,12307,1744.2306850832
53967,2,11356,906,325,3685,1039,1887,30,1142,1806,537,0,1231,10126,1982.0803239582
53975,2,22666,2448,81,1992,1428,2195,782,3024,7002,3043,671,2529,20137,2061.3635369165
53983,2,15003,2344,0,5477,1762,433,559,1137,574,2717,0,2344,12659,1982.0803239582
53991,4,23806,4269,86,5895,3932,223,250,3854,810,3507,980,4355,19451,3884.8774349580
54007,3,22979,1451,0,4183,1299,100,5090,1053,1800,8003,0,1451,21528,2457.7796017081
54015,2,55976,1132,157,6447,1573,2955,7093,3841,22555,10024,199,1289,54687,1982.0803239582
54023,1,21498,676,263,7420,2165,0,1688,5364,1585,1897,438,939,20557,1189.2481943749
54031,1,15901,1882,303,3627,1049,160,359,1383,667,6232,240,2185,13717,872.1153425416
54049,2,13767,959,500,3337,570,67,410,1168,2045,4476,235,1459,12308,2140.6467498748
54056,4,18263,2557,1095,5994,3155,50,568,4,2308,2461,69,3652,14609,4122.7270738330
54064,2,5296,185,109,4095,484,0,0,140,0,197,87,294,5003,1982.0803239582
54072,2,19096,2399,129,4954,1948,0,0,1953,213,7305,196,2528,16569,2061.3635369165
54080,1,5597,1105,437,2635,386,0,0,239,100,304,391,1542,4055,1109.9649814166
54098,6,39689,4352,1647,5161,3342,600,652,230,8857,13318,1529,5999,33689,4836.2759904579
54106,6,7999,1134,242,3272,949,169,0,318,1305,224,386,1376,6623,5866.9577589161
54114,1,9775,1541,327,5161,1252,0,350,67,1,838,239,1868,7908,872.1153425416
54122,5,14674,2263,571,4293,1644,21,624,2400,1935,923,0,2834,11840,4519.1431386246
54130,3,26832,2295,1188,4984,1935,0,2000,1003,2240,10709,477,3483,23348,2933.4788794581
54148,2,39542,15717,2315,5365,2255,401,151,1032,8731,3469,106,18032,21510,1982.0803239582
54155,2,20275,2753,1473,4366,2390,820,634,1590,4029,1706,514,4226,16049,1982.0803239582
54163,2,24918,1971,790,3939,12163,0,65,2763,1826,993,408,2761,22157,1982.0803239582
54171,4,9211,2638,517,2512,1829,551,325,141,374,201,124,3155,6057,3964.1606479163
54189,2,19394,4201,727,4328,2079,1589,0,1754,1594,3122,0,4928,14466,1982.0803239582
54197,4,17483,2516,349,3240,1135,223,100,408,5528,3851,133,2865,14618,3409.1781572080
54205,3,11655,275,0,3240,842,1233,1099,60,2040,1655,1212,275,11381,2378.4963887498
54213,4,14554,3058,1410,3101,1182,726,200,743,2420,1713,0,4468,10085,4122.7270738330
54221,5,15925,1350,371,3996,2009,187,150,535,3103,4192,33,1721,14205,4756.9927774996
54239,3,18400,1029,265,4801,8154,1373,195,1509,430,643,0,1294,17105,2854.1956664997
54247,6,34576,2215,462,6459,2019,127,0,2567,5604,12468,2656,2677,31900,5311.9752682078
54254,3,24557,4732,0,5276,1912,0,418,973,458,10787,0,4732,19824,3171.3285183330
54262,2,14987,2252,449,3497,1204,0,225,5161,240,1720,239,2701,12286,2061.3635369165
54270,1,5193,179,326,92,580,608,0,245,1632,1532,0,505,4689,872.1153425416
54288,2,18578,4762,0,5630,2,0,0,1,834,6481,868,4762,13816,2140.6467498748
54296,2,25727,1215,1833,3930,2000,80,0,5226,1326,9868,250,3048,22680,1982.0803239582
54304,2,4572,157,0,2404,713,0,86,786,305,71,50,157,4415,1982.0803239582
54312,1,9438,2392,851,3164,865,114,0,257,708,1028,58,3243,6194,872.1153425416
54320,2,13163,2549,1287,3006,980,220,199,3099,240,350,1234,3836,9328,1982.0803239582
54338,1,5957,392,271,3006,736,0,0,82,880,56,535,663,5295,872.1153425416
54346,2,19448,1890,953,3006,2552,1386,61,1177,888,6310,1226,2843,16606,1982.0803239582
54353,1,3740,473,384,1826,368,0,0,283,311,94,0,857,2882,872.1153425416
54361,1,5210,673,242,2191,507,250,73,272,321,682,0,915,4296,872.1153425416
54379,5,7807,688,0,599,569,757,649,3444,534,458,108,688,7118,3964.1606479163
54387,6,14817,2577,551,749,914,5482,108,191,2822,265,1157,3128,11688,4677.7095645412
54395,8,9022,1960,808,2805,564,85,52,336,930,1202,280,2768,6254,6421.9402496244
54403,5,9693,2194,1517,2805,761,955,0,842,60,202,355,3711,5980,5470.5416941245
54411,7,13005,2347,582,3979,1395,266,838,294,1513,1383,409,2929,10077,5787.6745459578
54429,4,12425,249,67,2997,867,6175,309,101,430,232,998,316,12109,3250.6117312914
54437,2,5502,65,38,2747,478,0,0,282,143,510,1237,103,5397,1982.0803239582
54445,2,9760,640,247,2398,2680,1333,100,58,668,1570,65,887,8872,1664.9474721248
54452,1,3904,312,0,2553,733,0,124,3,0,180,0,312,3593,872.1153425416
54460,2,7327,1342,563,3561,481,0,0,143,159,1078,0,1905,5422,1982.0803239582
54478,2,14759,4113,647,4219,1060,1555,0,962,415,1685,103,4760,9999,1982.0803239582
54486,10,15957,1348,612,3253,1035,604,1479,513,5107,1834,173,1960,13998,8959.0030642908
54494,3,7784,267,0,2604,525,1658,60,505,561,517,1086,267,7516,2933.4788794581
54502,4,12519,2413,1175,1987,1168,2271,0,250,67,2531,657,3588,8931,4360.5767127079
54510,2,7056,1679,1097,1987,1201,268,159,155,0,288,221,2776,4279,1982.0803239582
54528,4,23771,1124,1346,2165,2680,266,340,43,1778,12537,1490,2470,21299,4122.7270738330
54536,3,10028,1901,798,1987,2092,543,339,340,0,2028,0,2699,7329,2933.4788794581
54544,5,38135,2509,383,2554,2909,3171,1390,1958,3610,19549,102,2892,35243,4598.4263515829
54551,6,11253,1020,235,5475,804,63,179,384,2535,286,271,1255,9997,6025.5241848328
54569,5,8728,1396,315,3497,970,292,210,224,1283,40,500,1711,7016,3805.5942219997
54577,6,9214,689,449,4145,520,0,468,552,1454,50,886,1138,8075,4756.9927774996
54585,5,22577,6537,982,5632,2136,985,500,2626,2150,344,687,7519,15060,5153.4088422912
54593,3,5091,324,38,0,873,0,0,0,3794,62,0,362,4729,2616.3460276248
54601,2,6876,655,628,3769,290,0,0,142,0,1392,0,1283,5593,1982.0803239582
54619,2,57227,2870,465,3869,3145,174,0,841,390,45387,86,3335,53892,1982.0803239582
54627,2,6747,501,0,3769,887,0,0,142,220,1227,0,501,6245,1982.0803239582
54635,2,7899,0,0,3771,1349,0,0,591,341,1847,0,0,7899,1982.0803239582
54643,2,14913,2337,1588,3851,1406,48,0,892,332,4423,37,3925,10989,1982.0803239582
54650,2,5311,1232,369,169,645,77,0,906,1013,240,661,1601,3711,1823.5138980415
54668,4,23090,4673,620,2797,5984,4215,280,498,1582,1465,977,5293,17798,3409.1781572080
54676,3,29904,4877,768,2600,1368,98,2800,673,3013,12312,1394,5645,24258,2616.3460276248
54684,1,4643,218,200,2198,199,0,969,0,282,319,258,418,4225,872.1153425416
54692,4,14320,2810,767,3685,1630,47,330,315,1640,2327,769,3577,10743,4598.4263515829
54700,2,7113,1096,257,2399,811,0,0,603,135,1813,0,1353,5761,1982.0803239582
54718,2,7215,712,508,1998,821,1868,0,10,1148,151,0,1220,5996,1427.0978332499
54726,3,18663,0,0,3906,2575,1536,0,669,1853,7422,701,0,18662,2616.3460276248
54734,5,22957,3798,645,5267,2569,189,227,1720,5385,3027,130,4443,18514,4915.5592034162
54742,5,33080,4687,1791,5167,1310,809,281,2911,5954,8833,1335,6478,26600,5074.1256293329
54759,5,21450,5592,537,1840,1524,65,0,1561,2000,6511,1820,6129,15321,4281.2934997496
54767,6,10028,2690,1138,2188,1653,0,216,0,0,94,2049,3828,6200,6263.3738237078
54775,3,8043,1473,291,3230,1326,309,140,299,0,329,644,1764,6277,2774.9124535414
54783,2,9717,629,130,3039,1243,618,120,432,637,2468,401,759,8958,1982.0803239582
54791,5,22215,5789,1265,4062,1901,59,1302,1064,3306,3335,130,7054,15159,5311.9752682078
54809,5,9086,43,0,3697,1339,0,1600,263,501,1626,17,43,9043,4915.5592034162
54817,4,42419,6429,998,3996,3423,321,5100,2197,3893,10306,5755,7427,34991,3964.1606479163
54825,5,26636,1956,150,4027,1644,359,1142,1417,7580,8213,149,2106,24531,4281.2934997496
54833,5,26745,7575,979,3927,1674,3460,2313,1603,1066,1084,3064,8554,18191,5074.1256293329
54841,6,10920,1017,135,1643,1356,294,1082,326,1374,2797,896,1152,9768,5153.4088422912
54858,2,4117,597,0,180,740,63,594,118,665,566,595,597,3521,1427.0978332499
54866,3,11830,1734,364,2251,769,0,398,263,1471,3174,1406,2098,9732,2616.3460276248
54874,5,34916,4002,793,2251,2861,836,849,187,498,3469,19169,4795,30120,4202.0102867913
54882,5,20618,2060,363,3017,966,3252,1315,735,3154,4842,913,2423,18194,4439.8599256663
54890,2,16487,3482,270,1432,1655,736,2168,711,2402,2361,1269,3752,12734,2140.6467498748
54908,4,17078,2944,534,4429,2201,316,520,1087,446,3123,1477,3478,13599,4122.7270738330
54916,7,20235,3786,898,5167,1268,372,1133,993,1642,4616,360,4684,15551,6976.9227403327
54924,2,13840,2197,193,5267,942,727,320,300,2627,452,814,2390,11449,1902.7971109998
54932,3,16824,3928,1017,3662,833,2982,109,647,663,2333,650,4945,11879,3012.7620924164
54940,3,26739,531,1173,14472,2104,1250,869,618,859,3968,893,1704,25033,2695.6292405831
54957,3,17009,2286,564,5368,1184,282,1244,495,517,4616,452,2850,14158,3171.3285183330
54965,6,22317,5127,975,5167,3468,1249,775,977,3279,1136,165,6102,16216,5232.6920552495
54973,5,15683,2190,495,4228,1479,80,276,368,2907,3219,441,2685,12998,5074.1256293329
54981,2,22441,4616,1802,6144,3033,767,0,386,3632,1661,399,6418,16022,1427.0978332499
54999,1,10472,161,281,5350,981,230,150,203,253,2863,0,442,10030,872.1153425416
55004,3,23756,3316,391,4594,1221,3077,154,2140,4517,3556,790,3707,20049,3171.3285183330
55012,3,18088,777,1523,4445,964,1214,0,923,180,8063,0,2300,15789,3171.3285183330
55020,3,25368,4525,337,4445,2302,942,1150,419,4168,3932,3148,4862,20506,3171.3285183330
55038,1,13549,736,221,2988,1115,204,22,830,469,6836,130,957,12594,1109.9649814166
55046,5,23876,2077,315,2925,2628,6043,298,230,7155,1757,448,2392,21484,4439.8599256663
55053,3,9047,1776,876,1856,976,67,1715,718,0,820,244,2652,6396,3171.3285183330
55061,7,7257,964,369,2086,1352,65,0,10,174,75,2163,1333,5925,7452.6220180826
55079,2,4523,703,122,2086,698,43,0,78,0,90,703,825,3698,2140.6467498748
55087,5,27647,304,0,2638,674,0,4907,35,896,17744,449,304,27343,4122.7270738330
55095,2,4670,695,434,1742,913,0,199,294,0,60,332,1129,3540,1982.0803239582
55103,2,14320,2950,1059,1742,88,0,0,6219,0,869,1393,4009,10311,1982.0803239582
55111,5,25501,8682,868,1502,1209,229,1096,1356,1116,9330,113,9550,15951,3964.1606479163
55129,3,14495,7488,260,2638,1180,0,299,0,0,1002,1628,7748,6747,3171.3285183330
55137,5,19043,1950,1787,2002,1027,664,349,667,5914,4684,0,3737,15307,5074.1256293329
55145,2,8601,2197,195,1742,1136,1537,50,1430,60,50,204,2392,6209,1982.0803239582
55152,4,15157,4810,1215,1494,76,0,1412,1421,1668,1437,1624,6025,9132,4122.7270738330
55160,4,13485,3746,495,1649,1151,1032,1833,1070,371,712,1426,4241,9244,4360.5767127079
55178,3,21095,2771,621,3984,487,1043,0,571,210,11075,333,3392,17703,2774.9124535414
55186,4,14219,1572,921,4396,1388,20,780,899,2349,924,970,2493,11726,4043.4438608746
55194,1,9225,1007,249,3472,2574,114,300,470,298,389,352,1256,7969,872.1153425416
55202,4,16258,213,195,2925,1395,1342,50,842,2049,6836,411,408,15850,3329.8949442497
55210,4,13245,1919,460,2925,1745,3340,553,210,519,1206,367,2379,10865,3488.4613701663
55228,4,30230,2261,483,4445,4818,600,677,272,5901,8916,1858,2744,27487,3250.6117312914
55236,1,13207,237,0,3226,851,109,280,2492,1800,4170,43,237,12971,872.1153425416
55244,2,14414,4623,1365,3500,1432,99,0,585,401,1876,533,5988,8426,1982.0803239582
55251,3,12276,1934,506,4445,1182,0,0,505,2135,1517,51,2440,9835,3171.3285183330
55269,2,9829,3448,797,2251,509,205,95,1436,200,587,302,4245,5585,1982.0803239582
55277,2,14376,1812,749,4296,774,820,0,3400,248,482,1797,2561,11817,1982.0803239582
55285,1,5464,290,439,3472,775,0,0,301,125,61,0,729,4734,872.1153425416
55293,1,5078,1000,155,3119,81,0,0,534,60,128,0,1155,3922,1109.9649814166
55301,1,7763,813,309,3119,77,67,120,239,60,2855,104,1122,6641,872.1153425416
55319,3,10596,872,478,3486,723,370,319,193,841,3193,122,1350,9247,2695.6292405831
55327,3,36479,5176,2228,3572,1467,1845,3202,710,4470,13277,532,7404,29075,2933.4788794581
55335,2,14943,2489,549,5197,1319,561,359,514,924,1828,1203,3038,11905,1982.0803239582
55343,5,20872,3261,372,4401,1881,99,0,338,665,9855,0,3633,17239,5153.4088422912
55350,5,20406,5181,938,4197,2036,434,899,1010,4384,455,872,6119,14287,4915.5592034162
55368,6,11850,2209,332,2519,1954,16,0,179,2782,1728,130,2541,9308,4915.5592034162
55376,3,20567,3101,485,3240,1805,701,198,226,2885,7058,868,3586,16981,2695.6292405831
55384,2,21910,2175,354,2572,3034,0,0,450,440,12865,20,2529,19381,1982.0803239582
55392,2,12603,2142,998,4120,1324,437,180,330,533,1401,1137,3140,9462,1982.0803239582
55400,3,22851,2436,189,3047,1128,1933,140,1036,2603,10316,22,2625,20225,2616.3460276248
55418,1,1404,269,148,200,280,83,30,0,0,155,239,417,987,872.1153425416
55426,6,4082,1017,188,299,675,0,456,200,890,120,238,1205,2878,5153.4088422912
55434,6,11324,543,675,2320,1263,4269,847,345,332,729,0,1218,10105,5549.8249070828
55442,1,3829,0,0,2211,285,1066,0,0,0,268,0,0,3830,1109.9649814166
55459,4,10852,2695,1185,1960,635,167,867,569,2043,732,0,3880,6973,4281.2934997496
55467,6,16852,5937,1188,1960,965,89,448,805,1663,2133,1665,7125,9728,6580.5066755411
55475,5,7884,955,473,1960,2373,0,0,13,416,1390,304,1428,6456,5470.5416941245
55483,2,6148,2460,494,1793,594,83,0,0,237,272,213,2954,3192,1982.0803239582
55491,1,3320,365,226,1394,160,0,0,266,0,735,174,591,2729,1109.9649814166
55509,2,11003,1061,523,4735,1395,193,0,911,508,1484,192,1584,9418,1982.0803239582
55517,2,11570,1045,184,4292,1069,1285,0,2,246,2535,912,1229,10341,1982.0803239582
55525,4,18494,1593,144,2490,1142,33,6503,597,1927,3632,433,1737,16757,3567.7445831247
55533,2,16484,1754,480,2281,1145,3817,0,1808,252,4673,273,2234,14249,1982.0803239582
55541,1,6085,85,0,2760,808,34,0,237,220,1941,0,85,6000,872.1153425416
55558,5,12376,1924,316,3839,2390,738,199,130,300,2345,195,2240,10136,5391.2584811662
55566,1,9979,2453,304,2115,381,0,249,343,451,3683,0,2757,7222,1109.9649814166
55574,5,11803,0,0,2527,1304,1891,637,709,1234,3500,0,0,11802,4519.1431386246
55582,7,50019,2397,0,3714,1461,508,0,699,5529,29338,6373,2397,47622,5787.6745459578
55590,5,22267,6171,523,3714,1110,737,0,1059,442,7894,617,6694,15573,5153.4088422912
55608,4,12057,2162,503,4000,1163,348,782,684,880,1335,200,2665,9392,3171.3285183330
55616,8,37822,5650,2334,5132,1566,345,4121,312,10203,881,7277,7984,29837,7928.3212958326
55624,12,17800,2465,969,4750,1017,230,331,1695,3705,1956,682,3434,14366,9989.6848327491
55632,2,27658,1689,495,5868,2023,334,600,1896,7461,3764,3528,2184,25474,1982.0803239582
55640,2,5666,2242,584,250,1639,80,0,310,120,120,320,2826,2839,1982.0803239582
55657,1,4893,367,279,2527,595,156,0,245,359,365,0,646,4247,1109.9649814166
55665,2,5072,0,0,1349,523,0,100,1830,232,175,864,0,5073,1982.0803239582
55673,5,56870,5461,1240,6069,9204,16724,1501,1672,3865,8161,2972,6701,50168,5153.4088422912
55681,5,27404,3383,700,5848,1610,272,1106,955,2331,7337,3863,4083,23322,5074.1256293329
55699,1,5005,953,499,2498,599,0,0,222,16,175,43,1452,3553,872.1153425416
55707,1,12971,677,84,599,916,0,0,52,305,10228,111,761,12211,951.3985554999
55715,1,10879,221,0,2751,165,0,780,355,3138,3449,20,221,10658,1189.2481943749
55723,4,16411,1688,564,6313,2600,267,0,475,3913,121,470,2252,14159,3329.8949442497
55731,2,12575,1720,457,1693,422,455,700,437,3631,2971,89,2177,10398,1902.7971109998
55749,3,14067,738,828,4593,4159,277,500,468,1139,1183,182,1566,12501,2933.4788794581
55756,1,10553,2223,284,2751,1541,150,0,1,1719,1693,190,2507,8045,1189.2481943749
55764,2,11423,650,597,3488,5868,114,99,484,1,122,0,1247,10176,1744.2306850832
55772,5,19252,3796,726,6313,2793,975,0,234,4071,344,0,4522,14730,4122.7270738330
55780,5,18253,1982,243,4660,2593,220,645,518,5928,1344,120,2225,16028,3884.8774349580
55798,1,13091,738,317,2751,2136,50,779,827,656,4827,10,1055,12036,872.1153425416
55806,2,23103,3431,636,3992,2312,152,2920,4920,604,2453,1684,4067,19037,1982.0803239582
55814,2,23187,2995,567,4220,884,7588,822,847,2143,2580,540,3562,19624,1982.0803239582
55822,2,9224,1668,641,3389,619,0,0,672,444,771,1020,2309,6915,1982.0803239582
55830,1,10588,1285,14,2689,742,0,80,35,1137,1360,3246,1299,9289,951.3985554999
55848,1,2837,721,136,255,82,0,0,1298,314,31,0,857,1980,872.1153425416
55855,2,20046,518,372,3006,1177,237,0,4589,280,8990,876,890,19155,1982.0803239582
55863,1,18724,2088,690,3066,2248,2104,1950,403,1322,4276,578,2778,15947,872.1153425416
55871,5,19939,500,43,4073,2042,56,1303,1382,1546,8935,59,543,19396,4677.7095645412
55889,1,12480,1733,380,3214,1114,177,500,503,2499,2317,45,2113,10369,872.1153425416
55897,1,11880,1038,280,2580,1415,820,1160,744,1333,1254,1256,1318,10562,872.1153425416
55905,6,15497,3264,1104,5107,1362,764,0,250,1709,1755,183,4368,11130,5629.1081200412
55913,6,25325,5350,375,5107,3761,410,699,2339,3483,2521,1279,5725,19599,5549.8249070828
55921,4,21127,5904,0,3814,3080,160,1661,1607,2217,1510,1174,5904,15223,3171.3285183330
55939,4,18889,1775,0,2988,1224,598,0,339,7955,3889,121,1775,17114,3171.3285183330
55947,5,19903,2910,1039,4293,1315,207,1349,699,5827,2185,79,3949,15954,3884.8774349580
55954,3,15324,1444,701,5940,1485,166,280,1255,1834,2072,148,2145,13180,3171.3285183330
55962,2,17212,666,371,4480,1490,328,902,563,2111,4800,1501,1037,16175,1982.0803239582
55970,3,17440,5050,335,4800,1107,121,510,97,1805,2861,753,5385,12054,3012.7620924164
55988,4,40628,2901,773,5963,3135,194,7400,1361,4346,11427,3127,3674,36953,3567.7445831247
55996,5,25283,2594,593,4699,2467,4217,963,936,4035,4585,194,3187,22096,4915.5592034162
56002,2,6393,289,138,2620,525,67,0,329,141,1372,913,427,5967,1982.0803239582
56010,4,14629,2146,571,5738,1516,113,40,95,1604,2640,166,2717,11912,3250.6117312914
56028,5,19799,4183,989,3352,1521,3453,899,1445,2944,797,215,5172,14626,4677.7095645412
56036,3,18115,2250,495,4216,1213,1571,0,306,1292,5618,1152,2745,15368,2695.6292405831
56044,2,15012,3309,1216,4136,1305,800,300,636,185,2371,753,4525,10486,1982.0803239582
56051,2,29881,4224,1538,4196,1745,968,1685,8484,1667,4644,731,5762,24120,1982.0803239582
56069,3,16390,3503,1579,3785,1698,134,281,309,2535,904,1662,5082,11308,2616.3460276248
56077,2,12694,781,769,4136,1340,727,0,1002,300,3074,565,1550,11144,1982.0803239582
56085,6,14038,3134,449,4666,942,1067,160,297,2490,391,443,3583,10456,5946.2409718745
56093,2,19490,807,230,8418,4821,513,0,200,43,4278,180,1037,18453,1982.0803239582
56101,7,14050,3000,291,4666,1271,90,291,1001,1387,1606,446,3291,10758,5391.2584811662
56119,4,8114,457,393,3849,923,645,401,412,0,140,894,850,7264,3647.0277960830
56127,7,25294,1217,358,3849,960,2531,742,180,2177,13107,173,1575,23719,6421.9402496244
56135,5,26903,3827,1010,6159,1921,153,0,1162,2559,8264,1847,4837,22065,4994.8424163745
56143,5,49728,6622,987,6309,3172,6143,2808,2975,6235,11833,2645,7609,42120,4915.5592034162
56150,4,15925,2149,1285,4666,1188,201,301,426,925,4666,118,3434,12491,4122.7270738330
56168,5,16512,2470,548,4666,1812,996,2297,949,829,1259,688,3018,13496,4677.7095645412
56176,4,12198,1005,148,3297,220,152,80,234,4355,2042,666,1153,11046,3250.6117312914
56184,1,2259,162,0,1907,2,67,0,0,1,121,0,162,2098,951.3985554999
56192,1,2086,130,0,1907,1,0,0,0,1,47,0,130,1956,951.3985554999
56200,6,41228,6417,736,4938,2136,498,5798,717,2405,15053,2530,7153,34075,6263.3738237078
56218,2,9403,100,0,4940,924,0,0,964,1260,1215,0,100,9303,1982.0803239582
56226,6,10306,3549,0,3196,2031,0,0,263,222,627,417,3549,6756,6421.9402496244
56234,5,41926,7078,1146,9030,1812,728,3726,2731,6136,6168,3372,8224,33703,5074.1256293329
56242,3,12434,1732,1692,2888,881,129,0,910,1052,2559,591,3424,9010,2774.9124535414
56259,1,5529,1054,547,2597,322,0,0,1,927,81,0,1601,3928,951.3985554999
56267,1,7853,1046,72,4960,900,67,0,422,229,157,0,1118,6735,872.1153425416
56275,6,26845,2296,1010,5279,2692,3749,747,800,4512,3458,2303,3306,23540,4915.5592034162
56283,2,9483,3131,548,2988,872,0,488,443,60,689,264,3679,5804,1982.0803239582
56291,1,12963,2121,18,2988,706,1721,130,152,721,4307,100,2139,10825,1189.2481943749
56309,5,22819,1143,0,6840,2013,85,2647,1443,482,7081,1083,1143,21674,4836.2759904579
56317,4,42157,3411,689,5599,1687,623,398,631,3074,25523,521,4100,38056,4122.7270738330
56325,1,19287,1063,801,6088,1408,792,0,2208,2211,3556,1161,1864,17424,872.1153425416
56333,5,18966,2993,281,2789,948,2993,1379,2997,2459,1690,438,3274,15693,5153.4088422912
56341,3,15876,1533,517,3904,1887,76,0,1246,524,6090,100,2050,13827,3171.3285183330
56358,4,27857,3893,817,5365,1858,139,330,1161,4852,8737,705,4710,23147,3409.1781572080
56366,4,15697,4913,113,3834,1059,60,1071,800,2073,1470,304,5026,10671,3092.0453053747
56374,4,14747,844,0,3834,859,160,1600,439,3948,2982,82,844,13904,3409.1781572080
56382,1,12440,4334,1467,1959,1166,488,0,1000,1351,564,112,5801,6640,872.1153425416
56390,2,13826,1144,56,4020,7256,0,0,269,132,564,385,1200,12626,1982.0803239582
56408,2,8996,1413,0,3196,740,317,434,786,419,583,1109,1413,7584,1982.0803239582
56416,5,13527,2172,385,3276,915,1565,268,506,3081,828,531,2557,10970,3964.1606479163
56424,7,27426,2754,699,4810,1423,335,333,403,13828,2617,224,3453,23973,6104.8073977911
56432,3,20730,3579,1120,4681,1220,0,0,710,2765,6481,173,4699,16030,2774.9124535414
56440,3,28937,3948,1253,5036,864,235,76,5095,2605,9758,67,5201,23736,3171.3285183330
56457,4,18596,1597,419,11176,3542,444,360,379,152,391,136,2016,16580,4202.0102867913
56465,3,31875,1677,373,5010,2395,701,1757,2547,2910,14296,207,2050,29823,3250.6117312914
56473,3,15483,2927,794,5044,1534,0,0,397,1094,3694,0,3721,11763,3171.3285183330
56481,5,19069,1582,1149,4884,1762,34,771,1599,2115,5074,99,2731,16338,5311.9752682078
56499,3,8287,534,1021,3691,567,630,250,524,330,567,173,1555,6732,3171.3285183330
56507,2,8414,493,98,5630,1670,0,0,173,250,100,0,591,7823,2061.3635369165
56515,5,32359,5923,582,8330,6742,823,274,709,2559,6341,76,6505,25854,4519.1431386246
56523,1,8705,36,98,4313,902,0,0,597,596,1164,998,134,8570,1109.9649814166
56531,2,12222,1103,886,5298,1913,286,0,410,927,1233,165,1989,10232,1744.2306850832
56549,3,32855,2741,773,8429,2633,87,0,383,1423,16261,125,3514,29341,3171.3285183330
56556,5,14684,1034,56,5298,1814,0,0,369,1158,4928,27,1090,13594,4836.2759904579
56564,1,2905,2406,0,0,395,1,39,1,2,2,59,2406,499,951.3985554999
56572,3,36251,5787,0,3880,2749,0,899,1098,11803,8740,1296,5787,30465,3171.3285183330
56580,2,69555,2594,1987,2218,2199,1805,0,548,20667,4160,33377,4581,64974,1982.0803239582
56598,2,23100,3112,1867,2308,1679,4610,2448,128,50,5616,1283,4979,18122,1982.0803239582
56606,3,11420,2666,476,2218,1409,750,0,0,0,3669,232,3142,8278,3171.3285183330
56614,4,4066,1359,65,1300,766,100,0,0,277,200,0,1424,2643,3805.5942219997
56622,4,12542,2503,451,2218,1169,123,877,844,460,3031,867,2954,9589,4360.5767127079
56630,2,22181,2932,446,2218,1068,543,766,651,834,12724,0,3378,18804,1982.0803239582
56648,2,7567,2177,182,2218,1404,0,0,10,0,970,606,2359,5208,2061.3635369165
56655,6,38284,2653,65,2565,394,3962,5195,543,6666,16241,0,2718,35566,5787.6745459578
56663,2,18810,4102,874,6401,2462,160,679,912,463,2530,225,4976,13832,1982.0803239582
56671,5,18649,4596,871,6159,2121,267,0,292,714,3449,180,5467,13182,5153.4088422912
56689,5,9490,2348,521,2609,351,0,0,564,347,969,1780,2869,6620,5311.9752682078
56697,4,24001,2307,1255,6630,2370,132,748,1088,912,8559,0,3562,20439,4281.2934997496
56705,1,13576,1501,741,3063,914,67,0,2022,3261,1183,825,2242,11335,872.1153425416
56713,2,13327,770,1112,7048,1428,1,0,1116,656,497,699,1882,11445,1982.0803239582
56721,4,24764,2255,1514,7471,2982,370,0,976,1830,6945,422,3769,20996,4439.8599256663
56739,2,25882,2175,1178,3940,2374,834,747,84,731,13818,0,3353,22528,1982.0803239582
56747,2,16580,2959,1321,6630,2068,319,252,314,342,1942,434,4280,12301,1982.0803239582
56754,5,12602,2616,339,4383,1870,902,240,332,53,140,1728,2955,9648,4122.7270738330
56762,1,7639,910,771,3849,1252,82,100,71,67,160,378,1681,5959,872.1153425416
56770,4,15113,3342,700,4695,1212,0,350,341,1229,2502,742,4042,11071,3726.3110090413
56788,2,9154,1034,0,3746,470,67,550,2,2468,817,0,1034,8120,2140.6467498748
56796,1,10362,1954,418,3909,440,1055,280,71,1168,66,1000,2372,7989,872.1153425416
56804,2,15646,3491,813,4837,1907,86,0,509,74,850,3078,4304,11341,1982.0803239582
56812,7,15655,2130,326,6159,1702,0,0,845,751,2111,1632,2456,13200,5391.2584811662
56820,9,12715,1272,134,6159,306,327,257,1238,2002,393,627,1406,11309,6501.2234625827
56838,3,20103,1659,738,6326,8717,306,300,1102,250,385,320,2397,17706,2933.4788794581
56846,8,36157,11434,1679,4666,1699,1212,2959,507,7621,1887,2491,13113,23042,6897.6395273744
56853,1,3697,220,72,3023,238,0,0,81,0,62,0,292,3404,872.1153425416
56861,3,7022,226,0,1614,401,167,240,125,0,3165,1085,226,6797,2695.6292405831
56879,3,26015,791,17,6274,1697,944,1748,1294,2858,10133,258,808,25206,3171.3285183330
56887,1,10066,3842,1054,2192,1216,400,270,668,0,100,325,4896,5171,872.1153425416
56895,2,8079,783,216,1614,335,87,1049,279,50,1544,2121,999,7079,1982.0803239582
56903,1,11224,1530,1282,1454,135,0,3359,649,0,1083,1731,2812,8411,872.1153425416
56911,6,20125,987,450,7021,1941,134,82,412,1699,4272,3126,1437,18687,6263.3738237078
56929,7,20930,5942,1371,4816,3093,417,0,1447,2350,697,798,7313,13618,6659.7898884994
56937,2,19463,3513,774,4787,1963,0,201,1756,2917,2248,1304,4287,15176,1982.0803239582
56945,2,11615,1991,1016,5000,1486,103,652,260,0,706,400,3007,8607,1982.0803239582
56952,5,18325,5296,750,4666,1208,301,544,489,2093,1243,1734,6046,12278,3805.5942219997
56960,6,13128,95,0,5023,876,0,421,212,5655,388,459,95,13034,5232.6920552495
56978,2,6830,1969,1243,2109,608,94,0,383,17,229,180,3212,3620,2061.3635369165
56986,2,14180,1663,525,3159,1432,0,796,4476,174,1905,50,2188,11992,1744.2306850832
56994,1,4936,1363,0,1982,697,36,0,41,542,275,0,1363,3573,1189.2481943749
57000,1,4673,182,0,2789,621,50,0,670,150,211,0,182,4491,872.1153425416
57018,2,14061,879,660,4834,1685,733,160,1812,1972,1325,0,1539,12521,1982.0803239582
57026,2,82482,1155,0,5085,6631,634,2470,1022,53055,12430,0,1155,81327,1982.0803239582
57034,1,4789,281,0,2635,745,67,0,212,789,60,0,281,4508,1109.9649814166
57042,2,11711,1602,830,3397,1135,1541,0,649,323,2170,63,2432,9278,1982.0803239582
57059,3,15834,214,0,6259,1234,0,140,2215,460,4286,1025,214,15619,2933.4788794581
57067,3,34024,4934,0,6393,3430,361,1732,1099,524,8331,7221,4934,29091,3171.3285183330
57075,2,15520,2824,1210,7077,1290,155,217,460,899,1050,338,4034,11486,1982.0803239582
57083,2,16673,1503,483,2498,558,621,616,1699,1585,6872,238,1986,14687,1427.0978332499
57091,2,10267,447,90,2298,727,0,400,2714,611,2980,0,537,9730,1982.0803239582
57109,6,7631,136,0,2635,1111,1165,0,67,200,2142,173,136,7493,5629.1081200411
57117,2,7221,403,0,2635,811,1064,949,0,60,1279,20,403,6818,1982.0803239582
57125,5,13275,1141,87,3713,777,0,2302,130,2469,2606,50,1228,12047,4360.5767127079
57133,2,13617,1001,296,4641,731,1489,1328,1756,577,1085,713,1297,12320,1982.0803239582
57141,5,5257,532,0,478,834,284,0,835,601,1199,492,532,4723,5153.4088422912
57158,1,20298,1433,0,3646,996,1564,141,1,2876,9641,0,1433,18865,1189.2481943749
57166,3,49570,2259,457,3262,1802,543,0,726,2488,11076,26959,2716,46856,2695.6292405831
57174,3,21812,764,534,8013,2582,97,1503,1764,858,5340,358,1298,20515,2854.1956664997
57182,4,25422,2757,1328,3824,2561,3373,8,669,3676,5372,1854,4085,21337,3171.3285183330
57190,4,47164,2534,699,2609,2265,183,0,183,1090,37600,0,3233,43930,3647.0277960830
57208,2,5353,738,330,2609,511,283,0,33,651,90,109,1068,4286,1982.0803239582
57216,5,11754,1402,391,3260,871,0,0,30,2586,3092,122,1793,9961,4598.4263515829
57224,9,13897,3258,2917,2390,629,0,359,117,1935,1719,573,6175,7722,8562.5869994992
57232,7,11233,3069,130,2609,849,239,0,439,1649,2049,200,3199,8034,6739.0731014577
57240,3,25112,4819,1013,5825,2099,312,329,2414,3133,4439,730,5832,19281,3250.6117312914
57257,4,27617,2591,869,3000,1242,287,650,585,6833,10368,1191,3460,24156,3329.8949442497
57265,2,12973,1385,366,5414,1017,242,0,1710,1036,1803,0,1751,11222,1982.0803239582
57273,4,25455,2462,1232,5364,2910,433,0,855,4181,6685,1332,3694,21760,3171.3285183330
57281,2,14526,0,0,8238,6006,0,0,181,0,101,0,0,14526,1744.2306850832
57299,2,27983,1954,844,8479,1570,634,0,1338,2280,10492,393,2798,25186,1982.0803239582
57307,1,55182,3208,1068,5716,2883,11086,7790,5005,416,13233,4775,4276,50904,872.1153425416
57315,1,10896,619,403,5496,1546,536,608,393,792,503,0,1022,9874,872.1153425416
57323,2,19362,1550,1116,8374,2382,0,0,4477,320,1143,0,2666,16696,1982.0803239582
57331,2,6129,1808,547,2604,186,150,0,283,144,308,99,2355,3774,1982.0803239582
57349,4,13131,2642,437,3165,1230,0,0,1301,1778,2579,0,3079,10053,4202.0102867913
57356,4,8385,1350,97,3165,1247,65,0,638,599,764,460,1447,6938,3647.0277960830
57364,5,7035,794,200,2604,963,0,0,302,719,1201,252,994,6041,4043.4438608746
57372,2,27764,1886,1975,5461,916,95,450,1826,30,14899,225,3861,23902,1982.0803239582
57380,4,12345,865,166,4369,1529,190,1083,467,820,1246,1610,1031,11314,3409.1781572080
57398,8,16693,1783,335,4469,1174,2403,902,425,4139,593,469,2118,14574,6897.6395273744
57406,4,6674,728,562,2872,812,100,150,223,53,1019,154,1290,5383,4043.4438608746
57414,5,23856,2086,494,5560,2243,730,300,1973,2115,7820,536,2580,21277,4836.2759904579
57422,3,25233,3126,323,4120,2114,252,270,3600,4411,5682,1335,3449,21784,2854.1956664997
57430,9,17829,5369,1076,3195,1422,163,330,607,2511,2543,613,6445,11384,9276.1359161242
57448,2,11034,1526,553,4273,2186,935,270,363,474,455,0,2079,8956,1982.0803239582
57455,2,9157,1931,738,2518,1644,33,0,809,675,471,338,2669,6488,1982.0803239582
57463,2,12621,543,379,7113,1803,17,0,491,801,1475,0,922,11700,1982.0803239582
57471,2,43886,1984,1552,7113,3427,0,652,6030,2901,19749,478,3536,40350,1982.0803239582
57489,4,30330,5494,517,7231,3262,475,351,768,2317,9264,652,6011,24320,4122.7270738330
57497,4,23830,5057,439,4800,2095,52,798,1740,4164,4319,367,5496,18335,3250.6117312914
57505,5,13867,2165,945,3944,865,2170,0,623,2305,449,402,3110,10758,3884.8774349580
57513,6,28472,2920,753,3943,4313,578,814,549,2309,11926,366,3673,24798,6025.5241848328
57521,4,14889,1895,291,3497,858,143,247,1607,5655,469,228,2186,12704,3171.3285183330
57539,6,68969,5640,276,17060,4939,35,1200,14363,2658,22799,0,5916,63054,6025.5241848328
57547,3,47856,6131,1423,4772,5920,2712,1982,3275,4582,13669,3389,7554,40301,2933.4788794581
57554,5,21512,3571,1619,3943,1455,1870,0,557,1946,6194,355,5190,16320,4677.7095645412
57562,2,15341,2286,401,3297,705,1747,1000,1381,685,2289,1550,2687,12654,2061.3635369165
57570,4,24861,4404,2174,3406,1605,1109,1380,258,6236,3781,509,6578,18284,3171.3285183330
57588,3,24071,3238,1202,3943,2249,21,1299,1021,1247,8248,1604,4440,19632,3250.6117312914
57596,5,67418,8783,774,4604,7690,8270,326,1777,5568,23488,6138,9557,57861,5391.2584811662
57604,2,9801,1973,877,3084,1174,23,100,222,600,1357,391,2850,6951,1982.0803239582
57612,3,14333,2953,1184,3725,1031,400,570,1587,516,1168,1200,4137,10197,2933.4788794581
57620,1,3510,309,446,2324,357,0,0,0,71,3,0,755,2755,872.1153425416
57638,5,31195,8853,405,4634,1052,465,130,1127,1068,13012,448,9258,21936,5549.8249070828
57646,4,17689,3233,1915,4604,1153,1911,1190,901,949,1833,0,5148,12541,4122.7270738330
57653,2,12335,373,84,3805,846,60,200,604,3105,3089,169,457,11878,2061.3635369165
57661,2,10599,1513,244,2000,356,0,365,172,0,5642,307,1757,8842,2140.6467498748
57679,5,15548,2832,717,3725,833,242,450,287,5157,1205,100,3549,11999,4202.0102867913
57687,4,14593,1969,587,4080,1293,733,320,574,2374,1570,1091,2556,12035,4122.7270738330
57695,4,11890,769,535,4634,2612,0,130,1214,491,1260,245,1304,10586,4281.2934997496
57703,2,16204,2318,515,4964,1071,0,800,305,2657,1514,2061,2833,13372,2061.3635369165
57711,3,20748,702,618,3337,1035,1554,347,437,2222,10396,100,1320,19428,2695.6292405831
57729,5,21222,4321,196,4775,975,990,391,927,2584,5847,216,4517,16705,4202.0102867913
57737,1,6229,496,473,3159,766,100,0,403,352,176,304,969,5260,872.1153425416
57745,2,12548,1789,916,3700,882,43,201,1027,879,2805,305,2705,9842,1982.0803239582
57752,4,16454,1951,490,3696,715,250,430,1476,3684,3143,619,2441,14013,3171.3285183330
57760,1,14689,3908,0,3486,1572,0,719,350,1784,2869,0,3908,10780,1189.2481943749
57778,2,17243,3004,1114,3125,1318,46,300,301,1298,6491,246,4118,13125,1982.0803239582
57786,2,9434,1838,590,3912,747,33,61,348,275,1544,86,2428,7006,1982.0803239582
57794,6,14829,2035,1367,2109,2287,65,3737,806,458,1865,100,3402,11427,5787.6745459578
57802,4,8959,847,383,1500,1168,0,0,1,1584,3076,400,1230,7729,3805.5942219997
57810,3,13555,5899,1925,2109,1577,240,0,474,263,711,358,7824,5732,3171.3285183330
57828,3,14805,1282,152,2906,723,0,401,270,5199,2318,1554,1434,13371,3171.3285183330
57836,5,10622,2066,26,2000,805,222,903,1169,571,845,2015,2092,8530,3805.5942219997
57844,6,18559,2089,1832,3586,829,361,2808,492,5023,1241,297,3921,14637,5946.2409718745
57851,2,14031,2195,320,6333,861,114,217,300,1002,1693,995,2515,11515,2299.2131757915
57869,6,48627,13944,0,0,2705,0,0,86,20755,4358,6779,13944,34683,5629.1081200412
57877,6,40728,2100,197,4904,1067,1006,1310,2321,9334,17813,677,2297,38432,5391.2584811662
57885,4,24712,2091,747,5495,653,16,0,407,1635,12991,677,2838,21874,3409.1781572080
57893,2,22518,5987,1325,7143,2392,1209,653,1187,514,1349,760,7312,15207,1982.0803239582
57901,1,7614,796,0,3287,305,37,90,233,531,2228,107,796,6818,951.3985554999
57919,1,8189,1521,26,3230,345,440,120,190,738,1549,30,1547,6642,1189.2481943749
57927,1,13745,1191,230,7351,1207,35,0,3014,490,141,86,1421,12324,872.1153425416
57935,1,7354,424,68,2750,264,0,502,18,1918,1411,0,492,6863,1189.2481943749
57943,1,4873,478,0,2200,454,20,0,326,597,799,0,478,4396,1189.2481943749
57950,5,26910,1524,725,5506,2795,0,932,1061,2501,11766,100,2249,24661,5311.9752682078
57968,3,14846,1060,271,5298,848,398,120,733,1807,3797,514,1331,13515,3012.7620924164
57976,2,25265,943,254,8439,2177,220,908,1555,1679,9043,48,1197,24069,1982.0803239582
57984,1,17945,832,441,8238,1164,1685,120,4442,399,328,296,1273,16672,872.1153425416
57992,1,11572,1085,331,5298,878,60,160,812,490,2118,338,1416,10154,1189.2481943749
58008,9,19638,2102,99,2906,2379,5331,616,205,3428,1075,1496,2201,17436,7690.4716569576
58016,3,6860,810,133,2804,775,67,87,218,1313,153,500,943,5917,2695.6292405831
58024,2,12747,1905,0,2797,113,0,700,478,837,5850,67,1905,10842,2140.6467498748
58032,6,28115,1710,1085,1849,1642,849,0,447,3320,17214,0,2795,25321,4756.9927774996
58040,5,17180,2843,1259,2840,1033,668,0,1263,1839,1202,4233,4102,13078,5311.9752682078
58057,5,48615,13288,0,4576,2524,3710,0,1408,11204,9126,2781,13288,35329,5549.8249070828
58065,6,26955,1387,475,1748,1798,0,2572,3551,2802,7539,5082,1862,25092,5549.8249070828
58073,9,9924,2770,22,2840,1444,0,0,510,1446,726,167,2792,7133,7849.0380828743
58081,5,13643,2208,818,2623,2141,0,0,472,3190,699,1491,3026,10616,4836.2759904579
58099,4,7820,2043,454,2504,862,33,0,708,639,368,208,2497,5322,4043.4438608746
58107,4,9575,1450,307,2623,2198,20,50,11,40,2859,17,1757,7818,4439.8599256663
58115,2,9612,2471,662,2504,1091,93,0,205,0,1495,1091,3133,6479,1982.0803239582
58123,5,17139,4231,1005,2623,1200,210,390,713,2370,2559,1839,5236,11904,5232.6920552495
58131,6,17568,4503,498,4306,1765,117,549,291,2759,2306,475,5001,12568,5787.6745459578
58149,6,5175,1069,260,2623,804,0,0,128,117,174,0,1329,3846,5232.6920552495
58156,6,12824,3678,486,3000,974,94,281,301,1396,1763,851,4164,8660,4836.2759904579
58164,1,1495,675,268,287,125,0,39,0,100,1,0,943,552,1109.9649814166
58172,2,10063,6132,631,2251,382,13,0,322,0,331,0,6763,3299,1744.2306850832
58180,4,16596,2401,517,2498,1131,107,410,2600,4724,1953,257,2918,13680,3171.3285183330
58198,1,36290,6846,608,4923,1473,5112,3670,1482,2289,9194,695,7454,28838,1109.9649814166
58206,5,33490,2851,295,4552,1108,197,515,676,4211,18539,546,3146,30344,4043.4438608746
58214,4,13764,3927,785,3596,1238,0,300,353,2132,1298,134,4712,9051,3884.8774349580
58222,4,18128,4181,330,3225,1645,336,1850,202,671,4178,1510,4511,13617,3964.1606479163
58230,6,13581,9138,243,599,668,65,513,775,100,1013,466,9381,4199,5074.1256293329
58248,6,18520,2289,316,2252,1510,60,75,1703,3404,6781,130,2605,15915,5549.8249070828
58255,1,10875,895,790,4470,811,0,780,71,1796,835,425,1685,9188,1109.9649814166
58263,3,31466,5436,1012,2400,722,852,3811,3683,3764,7871,1916,6448,25019,2695.6292405831
58271,2,5530,1454,508,2164,169,0,0,0,191,1044,0,1962,3568,1982.0803239582
58289,5,27425,6491,2069,3923,1447,585,120,827,4028,6635,1299,8560,18864,5311.9752682078
58297,3,25151,5815,1132,3456,1457,291,500,528,3314,7027,1632,6947,18205,2774.9124535414
58305,2,21683,2068,1386,3607,708,0,800,421,836,11857,0,3454,18229,1982.0803239582
58313,4,45250,5406,142,7037,1490,387,4957,1344,4781,4691,15015,5548,39702,4360.5767127079
58321,3,13589,3158,296,5503,1255,91,562,95,670,1801,159,3454,10136,3250.6117312914
58339,3,36157,4581,1086,11776,4029,135,2875,4457,1042,2753,3422,5667,30489,3171.3285183330
58347,7,34431,1324,326,5892,3229,26,450,1695,5481,15360,649,1650,32782,6818.3563144160
58354,2,7103,812,148,5387,249,0,140,0,0,80,287,960,6143,1982.0803239582
58362,1,11285,1868,877,4000,210,109,658,328,0,3202,33,2745,8540,872.1153425416
58370,3,18684,3629,770,4353,1265,3649,552,366,1504,2255,339,4399,14283,3171.3285183330
58388,6,49459,6055,922,5850,6154,4421,3297,2320,7205,11861,1373,6977,42481,5787.6745459578
58396,2,10490,1454,1174,4779,1484,87,0,491,443,179,399,2628,7862,1982.0803239582
58404,1,9604,934,264,4901,359,0,280,1668,154,391,651,1198,8404,872.1153425416
58412,2,11666,1414,253,3497,793,126,726,453,2020,2245,138,1667,9998,2299.2131757915
58420,1,10139,1440,301,3472,1463,2371,593,109,280,109,0,1741,8397,1109.9649814166
58438,4,16425,1361,1053,5122,1369,920,259,309,180,4209,1644,2414,14012,4439.8599256663
58446,2,11600,3957,571,4526,1638,0,0,350,245,313,0,4528,7072,1982.0803239582
58453,2,10083,1411,1083,3456,866,58,0,254,339,2454,162,2494,7589,1982.0803239582
58461,3,18029,3626,210,5150,1171,0,0,420,1857,2427,3169,3836,14194,2616.3460276248
58479,2,16165,1454,151,6216,3884,133,0,750,447,2836,294,1605,14560,1982.0803239582
58487,4,36038,7258,666,6422,3350,333,1407,910,2032,13504,155,7924,28113,4122.7270738330
58495,3,25399,2461,701,6366,1736,0,2153,1653,4744,3161,2424,3162,22237,2774.9124535414
58503,4,16046,304,0,5777,2053,117,150,779,4506,720,1641,304,15743,3171.3285183330
58511,5,10101,783,59,5020,885,564,201,0,1555,552,482,842,9259,5311.9752682078
58529,2,20248,2221,144,4094,2012,792,450,1536,1819,5705,1476,2365,17884,1982.0803239582
58537,4,35161,2768,214,3943,2070,436,5450,1913,13763,4359,244,2982,32178,4043.4438608746
58545,2,15628,2086,1005,3490,771,340,900,1414,1858,3603,160,3091,12536,2299.2131757915
58552,7,33023,1077,348,4060,2322,16491,3447,1187,2438,551,1101,1425,31597,6184.0906107494
58560,2,8117,997,147,3313,1177,66,1099,377,86,478,377,1144,6973,2140.6467498748
58578,1,4842,0,0,2341,665,0,0,1176,189,471,0,0,4842,872.1153425416
58586,5,8657,1645,1365,2449,1164,169,138,284,500,908,34,3010,5646,4677.7095645412
58594,3,11612,1903,1367,4735,913,345,0,468,512,501,868,3270,8342,3171.3285183330
58602,5,13645,3262,1376,3955,1321,86,100,309,1002,1774,459,4638,9006,5232.6920552495
58610,5,5696,148,196,2218,857,0,0,0,0,2278,0,344,5353,4915.5592034162
58628,5,25960,7399,2985,2203,3253,3516,1898,653,120,3478,454,10384,15575,4281.2934997496
58636,5,19277,4609,629,2203,2483,1515,1386,555,1251,3106,1539,5238,14038,4202.0102867913
58644,9,16219,516,87,3268,3387,0,0,136,0,7655,1170,603,15616,8086.8877217493
58651,5,23976,4617,855,2203,2112,2370,891,87,2101,7576,1165,5472,18505,5232.6920552495
58669,1,4910,508,343,2554,116,598,0,791,0,0,0,851,4059,872.1153425416
58677,2,11516,1790,677,1987,1148,716,0,2731,0,1000,1467,2467,9049,1982.0803239582
58685,2,9330,2715,859,1916,895,1767,0,142,0,802,234,3574,5756,1982.0803239582
58693,5,18213,2684,0,3938,784,398,3149,901,3359,2065,934,2684,15528,4202.0102867913
58701,3,9989,1121,2143,2218,1254,301,40,85,1350,870,608,3264,6726,2695.6292405831
58719,5,20588,2738,693,1479,5247,23,726,133,3746,5804,0,3431,17158,4756.9927774996
58727,2,5956,796,43,1462,460,33,310,944,0,1062,846,839,5117,1744.2306850832
58735,4,19062,5323,0,1767,1026,150,0,633,3520,2258,4384,5323,13738,4360.5767127079
58743,3,12349,2393,1355,2248,1233,2595,60,324,0,1056,1085,3748,8601,2854.1956664997
58750,2,15521,5271,714,1514,2806,0,1179,3885,0,1,152,5985,9537,1982.0803239582
58768,3,13315,3522,391,1767,2351,205,433,1406,303,2702,236,3913,9403,3171.3285183330
58776,4,20110,2039,231,2248,1667,50,1219,4156,2423,5799,278,2270,17840,3409.1781572080
58784,2,2821,861,52,1767,50,0,0,0,0,91,0,913,1908,1982.0803239582
58792,4,40259,2095,809,1937,2296,687,5744,895,2805,20903,2088,2904,37355,3488.4613701663
58800,7,9765,3136,571,2248,851,0,0,33,689,1241,996,3707,6058,6976.9227403327
58818,6,14511,3833,930,3301,570,371,709,553,1908,2005,332,4763,9749,6184.0906107494
58826,2,3853,1219,87,1178,514,50,0,82,0,549,174,1306,2547,1982.0803239582
58834,6,17017,2471,1407,2248,874,200,1149,1520,1811,2991,2346,3878,13139,6580.5066755411
58842,5,18681,2739,273,2641,1994,175,452,894,3727,4357,1428,3012,15668,4994.8424163745
58859,6,34153,5491,1322,1767,2769,567,5642,2825,3758,9073,940,6813,27341,6184.0906107494
58867,6,19464,3700,355,2870,846,2100,330,384,0,8451,428,4055,15409,6501.2234625827
58875,2,7676,563,658,1960,1106,0,220,1300,130,1523,216,1221,6455,1982.0803239582
58883,8,25696,2173,1315,1960,1624,250,0,1238,312,15992,833,3488,22209,7928.3212958326
58891,4,39784,3233,3071,1960,3857,1833,2817,868,2422,15746,3976,6304,33479,4043.4438608746
58909,5,16392,8449,1561,1960,1890,613,767,82,0,560,510,10010,6382,5232.6920552495
58917,4,23240,4389,2838,1960,1079,61,2357,1787,784,5587,2397,7227,16012,4439.8599256663
58925,6,25463,4683,662,2870,2284,1506,1099,330,3248,7825,956,5345,20118,6342.6570366661
58933,2,9612,0,0,5245,1380,0,270,422,1638,656,0,0,9611,1585.6642591665
58941,2,13247,4916,296,4973,898,113,26,458,322,659,586,5212,8035,2061.3635369165
58958,4,11820,1438,593,3197,1154,344,120,0,3243,803,928,2031,9789,3250.6117312914
58966,3,40697,6729,685,5250,1545,1125,738,851,20709,1813,1252,7414,33283,3012.7620924164
58974,5,49901,9657,984,6500,4052,4477,319,1130,4811,17528,443,10641,39260,4360.5767127079
58982,5,12785,864,851,3880,834,1069,1030,225,1717,2076,239,1715,11070,4756.9927774996
58990,2,10160,624,574,5033,1349,267,599,601,252,660,200,1198,8961,1982.0803239582
59006,2,15790,5788,312,4980,1206,194,0,240,439,2092,540,6100,9691,2140.6467498748
59014,2,10348,703,222,4095,644,0,28,1394,308,2953,0,925,9422,1982.0803239582
59022,3,22561,2181,0,6952,7299,142,0,4069,682,268,968,2181,20380,3171.3285183330
59030,2,20673,1090,432,5013,970,759,0,821,5454,6086,50,1522,19153,1982.0803239582
59048,2,4254,781,336,896,791,56,0,149,270,974,0,1117,3136,2299.2131757915
59055,1,6041,194,823,896,194,0,0,50,125,3758,0,1017,5023,1189.2481943749
59063,3,11580,810,412,1793,1795,0,0,1731,3892,997,151,1222,10359,2616.3460276248
59071,3,13579,119,0,6500,1076,0,1117,650,3145,639,333,119,13460,2616.3460276248
59089,1,12268,324,682,4271,1241,0,60,1020,1070,3112,488,1006,11262,872.1153425416
59097,2,28754,1678,299,7539,4219,403,300,1181,377,6108,6649,1977,26776,1982.0803239582
59105,2,15213,1598,874,6620,4700,0,0,140,331,950,0,2472,12741,1982.0803239582
59113,6,27766,1210,129,5161,2152,0,2779,2400,5517,8418,0,1339,26427,6580.5066755411
59121,4,28036,7426,744,5295,1744,0,0,827,520,10749,731,8170,19866,4122.7270738330
59139,5,18169,2338,859,4980,2282,450,1219,636,1826,3188,391,3197,14972,5074.1256293329
59147,2,17911,4201,1547,4236,2024,866,121,1711,240,2876,87,5748,12161,1982.0803239582
59154,6,19986,1897,641,4136,1719,309,1018,1482,3884,4423,476,2538,17447,5153.4088422912
59162,2,18513,1996,709,3685,566,0,599,373,400,9394,791,2705,15808,2140.6467498748
59170,1,7718,213,31,4988,1144,0,0,80,186,1076,0,244,7474,872.1153425416
59188,4,26427,1233,512,2398,2361,0,4700,1642,10675,1875,1032,1745,24683,3171.3285183330
59196,4,30535,2056,1839,6800,3307,1729,0,106,3750,10947,0,3895,26639,3647.0277960830
59204,2,10232,0,0,3197,568,534,250,0,488,1172,4022,0,10231,2061.3635369165
59212,1,13328,1418,590,2896,480,0,80,223,210,4825,2605,2008,11319,1109.9649814166
59220,1,9539,834,137,5497,521,304,0,1960,199,87,0,971,8568,1109.9649814166
59238,2,41694,4591,1246,4413,2374,2039,2739,1359,11053,11017,863,5837,35857,1982.0803239582
59246,2,8533,575,366,3472,3199,0,0,328,200,150,242,941,7591,1744.2306850832
59253,2,12360,74,51,4870,664,2810,0,0,0,3603,289,125,12236,2140.6467498748
59261,1,5672,1627,229,2888,398,0,0,20,0,64,446,1856,3816,872.1153425416
59279,1,3505,0,48,3187,269,0,0,0,0,1,0,48,3457,872.1153425416
59287,6,23087,5120,168,4495,2198,167,527,557,3391,6099,364,5288,17798,5866.9577589161
59295,6,24270,6350,200,4445,1900,1414,629,682,4482,817,3349,6550,17718,5549.8249070828
59303,1,5529,764,7,2359,532,164,0,1,187,1515,0,771,4758,872.1153425416
59311,5,23642,4733,970,2925,5132,0,0,423,1168,8175,116,5703,17939,3884.8774349580
59329,1,3190,334,56,1793,397,0,100,223,65,222,0,390,2800,1109.9649814166
59337,1,14383,527,1360,3849,1358,306,0,5519,560,530,375,1887,12497,872.1153425416
59345,8,14189,1850,324,4721,2109,183,0,1416,2742,117,727,2174,12015,7135.4891662493
59352,11,15159,1482,219,3278,1318,256,0,344,3531,4031,700,1701,13458,8800.4366383742
59360,5,19651,1432,142,5718,1984,0,351,663,330,8904,126,1574,18076,4281.2934997496
59378,4,39603,4973,423,4361,2921,1705,1319,820,6901,15986,195,5396,34208,3329.8949442497
59386,1,35194,3416,1261,5731,2406,1170,300,322,3305,16421,864,4677,30519,872.1153425416
59394,3,13564,2179,87,4401,879,0,0,179,1698,3769,372,2266,11298,2774.9124535414
59402,1,15934,503,530,8675,765,56,0,3513,170,477,1244,1033,14900,872.1153425416
59410,4,21055,1599,307,6159,2275,539,1401,1953,3359,759,2703,1906,19148,4281.2934997496
59428,4,10932,444,602,4449,2204,630,0,269,1296,943,95,1046,9886,4043.4438608746
59436,4,20223,3115,0,6746,900,855,0,233,4393,2624,1356,3115,17107,3250.6117312914
59444,2,8979,137,167,5755,1304,0,0,348,339,624,304,304,8674,1982.0803239582
59451,1,8829,487,19,3741,636,0,301,103,300,2868,374,506,8323,872.1153425416
59469,1,7611,407,167,3754,739,307,384,507,350,955,43,574,7039,872.1153425416
59477,2,15722,3048,1333,5800,1250,0,1354,343,190,450,1955,4381,11342,1982.0803239582
59485,2,11078,1462,945,5630,1533,0,0,720,80,98,610,2407,8671,1982.0803239582
59493,4,19459,2603,525,4332,1525,1209,0,669,3070,5172,354,3128,16331,3884.8774349580
59501,2,17056,2907,521,4441,1403,0,802,723,430,5708,122,3428,13629,1982.0803239582
59519,3,18198,2786,1616,4407,5845,66,0,2420,220,351,487,4402,13796,2854.1956664997
59527,4,6877,519,56,4545,798,17,320,181,114,327,0,575,6302,3964.1606479163
59535,2,17103,901,242,5931,1081,0,0,993,1127,6785,43,1143,15960,1982.0803239582
59543,3,14495,1583,721,2997,910,865,208,1336,3909,610,1356,2304,12191,2695.6292405831
59550,2,15784,730,408,7616,2672,238,135,1449,82,2335,120,1138,14647,1982.0803239582
59568,3,10245,1515,0,3430,4899,12,0,162,0,156,71,1515,8730,3012.7620924164
59576,6,24559,5174,934,5497,821,1251,829,599,3823,5532,100,6108,18452,6263.3738237078
59584,2,13491,2382,330,3248,785,1481,270,2174,1128,1694,0,2712,10780,1982.0803239582
59592,5,35723,3969,2364,4018,1110,2692,700,897,4912,13096,1963,6333,29388,4043.4438608746
59600,1,2965,1422,437,140,203,0,0,423,162,178,0,1859,1106,872.1153425416
59618,4,23559,809,1152,5179,1508,732,11,616,4029,8877,645,1961,21597,3567.7445831247
59626,2,17028,3360,1575,4406,2873,74,0,436,330,1849,2125,4935,12093,1982.0803239582
59634,3,7809,430,0,3814,1094,50,0,314,300,1666,141,430,7379,3012.7620924164
59642,6,21136,2232,0,4944,1788,134,1008,589,1217,8592,633,2232,18905,6025.5241848328
59659,6,14248,1534,107,3253,3307,186,760,430,2725,1422,523,1641,12606,4994.8424163745
59667,5,22565,3560,621,3303,1263,71,800,143,3942,7930,931,4181,18383,4202.0102867913
59675,3,23663,1036,805,6890,6649,69,521,1515,283,4564,1331,1841,21822,3171.3285183330
59683,5,8652,117,0,3600,528,267,0,982,430,1984,743,117,8534,4360.5767127079
59691,4,13892,1502,415,4884,1572,186,1923,358,968,1771,314,1917,11976,4122.7270738330
59709,2,27910,6075,792,5870,2731,295,579,1861,564,7386,1758,6867,21044,1982.0803239582
59717,4,25788,2696,519,7063,3885,285,321,803,4947,3097,2172,3215,22573,4360.5767127079
59725,5,59238,4129,627,7236,3757,0,0,1305,24412,16222,1549,4756,54481,5470.5416941245
59733,5,36298,4206,864,6081,3041,151,232,1538,2345,17415,424,5070,31227,4756.9927774996
59741,3,22811,6976,995,6149,2234,271,1198,1148,1184,1188,1468,7971,14840,3171.3285183330
59758,3,24031,1570,456,7221,4065,100,371,646,896,8613,94,2026,22006,3171.3285183330
59766,3,34846,8853,984,7288,2476,739,82,3308,6253,4682,181,9837,25009,3250.6117312914
59774,3,15917,1003,34,7751,1732,77,0,406,4470,444,0,1037,14880,2378.4963887498
59782,1,9286,767,319,3183,890,56,1192,494,704,1364,317,1086,8200,872.1153425416
59790,2,7308,292,238,3253,782,148,0,1584,168,414,430,530,6779,1982.0803239582
59808,2,10460,3262,80,4368,930,50,333,352,485,319,281,3342,7118,1982.0803239582
59816,4,24612,1683,677,5112,1383,120,464,762,5129,8546,736,2360,22252,3409.1781572080
59824,3,31755,3719,706,10013,5967,782,498,2029,1637,6107,299,4425,27332,3171.3285183330
59832,2,15835,0,0,8619,1986,180,61,1756,1613,1249,370,0,15834,1982.0803239582
59840,5,32457,4509,641,6392,3501,963,0,1239,1245,13813,153,5150,27306,5629.1081200412
59857,4,33601,3555,1834,5267,1759,237,64,3322,2683,12003,2875,5389,28210,4122.7270738330
59865,5,33108,8088,1214,5417,2559,193,138,560,8010,6473,457,9302,23807,4836.2759904579
59873,4,29935,6044,1662,5367,2362,6179,0,1256,3127,3453,486,7706,22230,3964.1606479163
59881,2,14624,1903,407,3821,1487,2354,1027,1372,730,633,892,2310,12316,1982.0803239582
59899,3,28095,6070,499,2498,2754,60,1302,3600,5914,4149,1250,6569,21527,2616.3460276248
59907,5,39767,2700,515,8192,4031,709,0,425,2902,18970,1324,3215,36553,3964.1606479163
59915,8,19777,1924,138,5659,2636,198,1019,402,4452,3296,53,2062,17715,8483.3037865409
59923,4,25365,6334,1771,3773,3128,643,1678,1166,958,2675,3239,8105,17260,3884.8774349580
59931,7,22059,14783,2128,2502,239,1760,150,31,322,2,142,16911,5148,5391.2584811662
59949,10,23790,2000,287,5720,3662,185,1583,2159,5630,2011,553,2287,21503,10306.8176845824
59956,2,13187,3458,580,5659,2611,82,198,416,40,79,65,4038,9150,1982.0803239582
59964,3,5342,473,69,4512,128,0,0,2,40,102,17,542,4801,2695.6292405831
59972,6,10389,775,393,3984,675,10,0,291,1732,1994,534,1168,9220,4677.7095645412
59980,2,6498,648,405,3430,1096,82,0,652,0,107,78,1053,5445,1982.0803239582
59998,1,1640,204,0,180,104,478,0,0,615,60,0,204,1437,872.1153425416
60004,4,19913,252,40,2611,1312,0,434,980,4187,9598,498,292,19620,3329.8949442497
60012,2,20730,2418,338,3928,1953,533,0,247,1442,9442,429,2756,17974,2061.3635369165
60020,4,14016,2327,349,3472,1676,1227,0,919,2155,1791,100,2676,11340,3171.3285183330
60038,4,7997,333,168,2338,648,20,339,327,474,2334,1016,501,7496,3171.3285183330
60046,2,13852,1961,733,4212,1451,268,0,2708,131,1702,686,2694,11158,1982.0803239582
60053,6,14782,2885,397,3497,1787,646,960,982,1855,1404,371,3282,11502,5311.9752682078
60061,2,24379,3403,2117,4078,2163,0,752,2109,5148,3065,1544,5520,18859,1982.0803239582
60079,5,27755,2726,274,4178,1769,242,580,1286,2450,13032,1218,3000,24755,5549.8249070828
60087,4,20088,3916,385,2498,957,70,498,2282,2546,5058,1878,4301,15787,3726.3110090413
60095,2,12363,1950,590,4083,991,531,30,540,1352,985,1311,2540,9823,1982.0803239582
60103,1,14587,6952,457,2338,1457,690,797,245,1180,360,112,7409,7179,1189.2481943749
60111,2,11139,2114,323,3984,908,225,0,1117,1308,75,1085,2437,8702,1982.0803239582
60129,8,24776,5019,1491,7017,1823,268,0,3708,1358,2834,1257,6510,18265,7056.2059532910
60137,2,17221,639,382,9178,968,427,1114,2246,466,1801,0,1021,16200,1744.2306850832
60145,1,16688,523,319,7159,1323,48,388,1921,1354,3602,50,842,15845,872.1153425416
60152,1,8351,703,0,2098,677,505,20,74,378,3896,0,703,7648,1189.2481943749
60160,1,20899,2107,129,10215,777,33,0,233,216,5467,1723,2236,18664,1189.2481943749
60178,1,5903,1234,0,3596,582,0,0,85,273,133,0,1234,4669,1189.2481943749
60186,1,7474,1077,0,3147,742,147,0,121,493,1579,169,1077,6398,1189.2481943749
60194,1,9663,1007,339,2997,830,235,518,1025,1120,1410,182,1346,8317,1189.2481943749
60202,4,14781,2404,450,6494,930,0,0,1568,2180,712,43,2854,11927,3171.3285183330
60210,1,4358,1105,138,1898,188,32,0,239,387,323,50,1243,3117,951.3985554999
60228,1,13024,733,415,5554,503,0,548,3509,316,1347,100,1148,11877,872.1153425416
60236,5,16565,2015,200,4167,1714,98,994,593,980,2033,3770,2215,14349,4202.0102867913
60244,5,14041,2399,324,2490,884,130,0,1827,3725,2110,151,2723,11317,4994.8424163745
60251,3,15931,2361,424,2361,1056,524,518,324,3016,4947,400,2785,13146,3250.6117312914
60269,2,11148,1128,213,2537,1184,979,547,325,2272,1690,272,1341,9806,1982.0803239582
60277,4,11947,356,406,4296,1500,145,1733,611,2361,540,0,762,11186,4202.0102867913
60285,4,13014,297,0,3253,934,50,199,709,3840,3731,0,297,12716,3250.6117312914
60293,2,43315,3847,1497,4996,1496,39,1275,3197,2629,24304,35,5344,37971,1982.0803239582
60301,1,20219,1920,979,3930,2273,264,559,2237,1905,5998,153,2899,17319,872.1153425416
60319,2,7401,164,6,2398,1143,13,22,86,2416,1154,0,170,7232,2140.6467498748
60327,2,29261,2498,715,4622,4536,119,2988,1383,1299,10084,1015,3213,26046,1982.0803239582
60335,4,17992,2017,203,3814,1740,428,219,634,4051,4574,312,2220,15772,3884.8774349580
60343,4,10413,0,0,4884,975,0,1,34,3841,677,0,0,10412,3250.6117312914
60350,7,7722,192,0,4559,840,0,0,847,1003,282,0,192,7531,5787.6745459578
60368,3,9454,642,26,1662,724,2509,0,899,1235,1464,293,668,8786,2695.6292405831
60376,2,17470,1195,450,2547,1038,147,0,1382,1524,9169,18,1645,15825,1982.0803239582
60384,1,6948,217,0,2115,559,0,155,814,277,2811,0,217,6731,872.1153425416
60392,1,4418,153,143,2527,753,0,0,0,0,842,0,296,4122,872.1153425416
60400,4,24352,4157,902,5659,3074,845,377,2377,1708,4843,409,5059,19292,4122.7270738330
60418,4,34224,2931,295,4527,2588,176,0,1452,20247,1797,211,3226,30998,4043.4438608746
60426,2,13304,1811,381,4332,2374,269,827,257,1417,840,797,2192,11113,2061.3635369165
60434,2,16518,585,128,3814,1057,46,322,179,3557,6786,43,713,15804,1427.0978332499
60442,2,8875,1513,86,2797,391,123,906,107,1136,1482,333,1599,7275,1664.9474721248
60459,7,17135,219,0,4721,1658,120,0,861,1607,7076,872,219,16915,6421.9402496244
60467,2,17724,2139,1070,4943,1519,167,200,1571,1225,4890,0,3209,14515,1982.0803239582
60475,2,15950,1135,84,5630,1957,634,0,2098,626,3647,140,1219,14732,1982.0803239582
60483,4,17745,1694,176,4332,1076,338,500,2240,60,7156,173,1870,15875,4202.0102867913
60491,2,29969,1973,1433,5897,1538,699,450,6393,4753,6789,43,3406,26562,1982.0803239582
60509,5,20750,3228,1148,3806,3070,3398,797,722,2808,1362,412,4376,16375,5153.4088422912
60517,2,18623,64,142,4634,1577,1667,39,1441,609,8351,100,206,18418,1982.0803239582
60525,2,8418,1321,323,2806,1879,0,0,1,582,1507,0,1644,6775,1982.0803239582
60533,2,11988,706,514,2152,5830,0,0,2424,0,311,52,1220,10769,1744.2306850832
60541,2,15135,2171,464,4430,2508,998,0,1926,998,1186,454,2635,12500,1982.0803239582
60558,2,24889,1982,57,4734,4194,473,199,212,1486,6798,4753,2039,22849,1982.0803239582
60566,3,6971,2221,515,1693,873,172,0,342,243,455,455,2736,4233,2695.6292405831
60574,2,39173,2172,1179,4472,1520,3207,0,955,21034,1734,2899,3351,35821,1982.0803239582
60582,2,22304,1848,801,7351,793,5993,0,426,0,5092,0,2649,19655,1982.0803239582
60590,2,6100,1484,306,2502,896,0,0,456,240,216,0,1790,4310,1982.0803239582
60608,5,9714,1960,450,1394,1009,0,529,2315,87,1657,312,2410,7303,5153.4088422912
60616,4,8063,260,1385,2502,560,0,0,872,280,2160,43,1645,6417,4122.7270738330
60624,3,21002,1855,598,5770,1490,0,498,2582,187,5382,2638,2453,18547,3171.3285183330
60632,2,12175,1805,698,4234,1400,284,398,1119,734,1502,0,2503,9671,1982.0803239582
60640,2,16587,2698,612,2152,2588,794,1365,1078,218,3727,1355,3310,13277,1982.0803239582
60657,3,13150,698,223,3646,1599,1024,431,151,2458,2147,773,921,12229,2378.4963887498
60665,3,22169,2900,1762,5694,1214,0,550,614,2753,5892,788,4662,17505,2774.9124535414
60673,6,8713,1635,223,711,705,951,374,531,20,3044,520,1858,6856,6739.0731014577
60681,1,13811,1415,22,1982,573,500,0,2248,380,5391,1302,1437,12376,1109.9649814166
60699,2,8251,1012,732,2789,911,0,140,775,1026,867,0,1744,6508,1982.0803239582
60707,1,1716,72,20,926,235,0,0,268,135,62,0,92,1626,872.1153425416
60715,2,14121,4425,620,3290,1561,434,174,373,829,2118,296,5045,9075,1982.0803239582
60723,8,12349,2314,717,3508,1460,588,433,107,1793,620,809,3031,9318,6184.0906107494
60731,3,11883,2973,866,4641,1208,307,0,183,263,589,853,3839,8044,3250.6117312914
60749,1,11851,743,145,3196,1050,73,708,203,518,5215,0,888,10963,1109.9649814166
60756,1,14910,1159,703,1719,688,250,430,6099,455,3277,130,1862,13048,872.1153425416
60764,2,21467,4536,1333,5261,1682,864,416,307,1144,5881,43,5869,15598,1982.0803239582
60772,3,16261,1026,220,5361,1762,346,607,2309,1799,1729,1100,1246,15013,2378.4963887498
60780,2,24098,1727,548,6130,868,3105,0,1683,299,8601,1137,2275,21823,1982.0803239582
60798,3,13254,52,0,5671,2627,665,1154,733,249,1610,494,52,13203,2695.6292405831
60806,2,24725,3570,3054,6500,7641,0,0,820,1254,1009,877,6624,18101,1982.0803239582
60814,6,21398,3576,603,5587,2109,188,280,1264,2794,2616,2379,4179,17217,4677.7095645412
60822,1,12350,304,206,5587,2231,1427,0,432,1881,283,0,510,11841,872.1153425416
60830,2,18734,4138,344,4227,1496,4259,0,575,192,3087,417,4482,14253,1982.0803239582
60848,3,9462,1336,448,5161,1456,0,0,201,200,660,0,1784,7678,3092.0453053747
60855,1,8676,1857,230,3302,1227,120,0,1469,228,141,103,2087,6590,872.1153425416
60863,3,17424,2089,402,4233,1491,1665,663,312,3483,2022,1064,2491,14933,2616.3460276248
60871,8,47873,5805,542,5885,1400,453,0,357,8847,16466,8118,6347,41526,7611.1884439993
60889,2,15298,245,139,4136,913,942,480,2334,971,1742,3396,384,14914,2061.3635369165
60897,6,8698,322,47,4491,1399,87,0,0,978,1324,50,369,8329,4915.5592034162
60905,5,20543,3434,800,5487,2979,56,1199,2462,659,3077,392,4234,16311,5549.8249070828
60913,4,21638,2981,1207,4095,2883,47,43,722,3526,5774,359,4188,17449,3647.0277960830
60921,2,9234,1531,1150,4913,858,0,0,289,250,225,20,2681,6555,1982.0803239582
60939,2,7794,696,0,4304,1056,151,0,140,260,1188,0,696,7099,1982.0803239582
60947,3,13454,1558,143,4095,2312,28,179,573,3006,1559,0,1701,11752,2774.9124535414
60954,2,14443,2129,831,6620,1998,0,0,1524,150,532,661,2960,11485,1982.0803239582
60962,4,13637,705,671,4046,1437,17,0,1927,241,2763,1829,1376,12260,4122.7270738330
60970,4,22614,3992,1685,4913,1683,125,0,128,3802,3885,2402,5677,16938,3567.7445831247
60988,5,15851,894,0,0,1532,0,0,1018,5367,4200,2841,894,14958,3964.1606479163
60996,5,28798,3499,769,6767,2720,277,1890,366,4760,6393,1358,4268,24531,4439.8599256663
61002,5,10914,473,1580,1444,3081,50,200,391,370,1118,2207,2053,8861,5074.1256293329
61010,9,33260,3706,1421,4702,2087,1236,2831,2062,9839,3752,1624,5127,28133,8721.1534254159
61028,10,13641,1689,118,3996,935,2923,651,497,2283,334,216,1807,11835,9434.7023420408
61036,2,9989,804,690,4507,1519,0,0,487,235,1746,0,1494,8494,1982.0803239582
61044,1,6936,678,192,3984,1124,487,0,150,97,223,0,870,6065,872.1153425416
61051,1,9767,1466,130,3519,522,0,0,1179,509,2399,43,1596,8171,872.1153425416
61069,4,10576,703,0,3489,656,1229,119,151,1807,387,2035,703,9873,3250.6117312914
61077,6,13837,1481,407,4145,1751,132,462,1327,1766,333,2033,1888,11949,4915.5592034162
61085,5,34199,6130,1893,3485,1982,1776,1509,1434,3629,10578,1782,8023,26175,5311.9752682078
61093,10,17044,2549,516,3485,1345,1361,2638,1077,2460,399,1215,3065,13980,8483.3037865409
61101,7,23279,1308,562,4993,2153,3535,3706,423,2645,3628,326,1870,21409,6818.3563144160
61119,3,21175,1500,629,5144,2655,0,573,506,5153,4922,93,2129,19046,3250.6117312914
61127,9,25553,3906,446,4815,3133,1143,589,233,6964,3394,931,4352,21202,7769.7548699160
61135,3,18917,5279,2046,2988,1166,497,1709,0,4658,339,234,7325,11591,3409.1781572080
61143,5,56417,595,498,5614,3186,7914,468,1525,4308,32308,0,1093,55323,5232.6920552495
61150,5,35233,3218,868,6727,2757,139,1076,1774,4993,13021,661,4086,31148,4202.0102867913
61168,2,21895,3059,717,5717,1852,2598,968,1938,1555,3492,0,3776,18120,1982.0803239582
61176,2,18243,1517,763,6643,959,1718,0,562,240,4230,1611,2280,15963,1982.0803239582
61184,2,17700,4058,274,4737,1671,365,637,758,3834,664,701,4332,13367,1982.0803239582
61192,2,8621,1234,1228,3302,999,177,0,376,295,470,540,2462,6159,1982.0803239582
61200,5,29494,3103,1315,4497,3159,3880,199,822,4263,8256,0,4418,25076,5074.1256293329
61218,4,10951,835,307,4136,1662,0,946,100,2406,439,121,1142,9810,4202.0102867913
61226,1,5905,43,0,3187,750,138,0,1172,100,515,0,43,5862,1109.9649814166
61234,2,23846,1039,102,5793,2413,229,0,1546,996,8506,3221,1141,22704,1982.0803239582
61242,4,22443,990,2006,5714,3163,4449,0,398,4845,728,150,2996,19447,3171.3285183330
61259,2,10869,1221,416,6480,1085,0,0,564,170,933,0,1637,9232,1982.0803239582
61267,1,7530,33,0,3846,1051,0,0,323,441,230,1606,33,7497,872.1153425416
61275,3,9375,1029,396,2797,1903,20,500,266,1757,443,263,1425,7949,2616.3460276248
61283,3,5565,151,368,3785,1090,0,0,0,0,170,0,519,5045,3250.6117312914
61291,1,4508,197,117,2988,410,0,0,214,161,421,0,314,4194,872.1153425416
61309,1,9080,1081,265,3785,498,1167,0,0,0,2284,0,1346,7734,1109.9649814166
61317,2,14066,2397,558,4143,1238,617,0,1638,2613,691,171,2955,11111,1982.0803239582
61325,1,5028,310,321,3253,635,0,0,217,0,292,0,631,4397,872.1153425416
61333,5,12718,2462,264,2498,1454,59,60,417,3439,1125,941,2726,9993,4043.4438608746
61341,6,72066,4018,1407,4110,8723,13026,1833,1019,8808,23775,5347,5425,66641,5787.6745459578
61358,5,30598,5019,612,4219,4002,1847,802,4538,6289,3162,108,5631,24967,4598.4263515829
61366,2,16904,2883,296,4059,2532,249,155,4598,194,1860,78,3179,13725,1982.0803239582
61374,7,16218,4646,1310,4031,697,26,454,837,932,2127,1157,5956,10261,6421.9402496244
61382,4,18076,570,90,7318,1473,1416,0,727,3580,2404,499,660,17417,3329.8949442497
61390,1,11649,3167,0,4116,519,1548,0,49,645,1604,0,3167,8481,1189.2481943749
61408,1,8621,304,0,4819,480,0,0,110,1682,1066,160,304,8317,1189.2481943749
61416,2,12954,1186,871,4980,836,241,0,876,591,3374,0,2057,10898,1744.2306850832
61424,2,31746,3739,458,5777,972,0,3168,447,10150,6214,822,4197,27550,2140.6467498748
61432,5,39184,5880,932,9002,4103,102,350,571,4938,12264,1042,6812,32372,4756.9927774996
61440,4,36105,2331,1285,8552,1793,872,1885,1217,2404,13979,1787,3616,32489,3964.1606479163
61457,4,14273,720,35,5795,1323,33,150,734,3096,2316,70,755,13517,3171.3285183330
61465,6,13485,2979,632,4136,1314,206,120,516,2218,1037,326,3611,9873,5629.1081200412
61473,5,18425,3751,383,4136,1454,480,217,326,2257,4802,619,4134,14291,4598.4263515829
61481,3,16181,2426,1029,4016,1592,25,0,317,2530,3012,1234,3455,12726,2537.0628146664
61499,2,22770,2260,591,3486,912,596,3533,1163,1819,6802,1609,2851,19920,2140.6467498748
61507,2,7955,1617,829,3459,1748,0,0,200,0,102,0,2446,5509,1982.0803239582
61515,9,18235,1903,1465,5425,1328,1043,788,726,4090,706,761,3368,14867,8800.4366383742
61523,2,14934,3156,1189,3427,1182,320,568,221,499,2708,1665,4345,10590,1982.0803239582
61531,4,18958,2487,544,5537,2088,746,369,1571,3385,2071,161,3031,15928,3884.8774349580
61549,4,12653,1697,1040,5487,1726,498,0,401,1154,524,126,2737,9916,4122.7270738330
61556,2,8238,2256,123,3796,698,0,60,106,0,279,920,2379,5859,2299.2131757915
61564,2,11668,2402,578,3472,809,300,677,267,477,1319,1367,2980,8688,1982.0803239582
61572,4,26355,7940,533,3472,1618,100,966,559,2171,7620,1376,8473,17882,3726.3110090413
61580,3,14235,1822,1116,3571,5410,51,0,696,334,497,738,2938,11297,2933.4788794581
61598,1,10317,419,0,3716,575,0,199,344,220,3207,1636,419,9897,872.1153425416
61606,5,8975,915,719,1494,698,188,1123,560,1945,402,932,1634,7342,4043.4438608746
61614,3,13747,1625,811,2777,300,0,0,2215,1197,1992,2829,2436,11310,2933.4788794581
61622,3,15862,2809,449,3594,888,1855,1349,1442,1216,1009,1250,3258,12603,3171.3285183330
61630,3,23731,2454,1405,6719,3599,72,896,2015,1417,4910,241,3859,19869,3329.8949442497
61648,4,11643,1197,260,4988,1131,69,304,494,1001,1763,434,1457,10184,3567.7445831247
61655,5,23810,1474,531,5048,2202,719,552,803,3374,8699,409,2005,21806,4915.5592034162
61663,1,7326,559,120,5387,359,450,80,154,0,218,0,679,6648,872.1153425416
61671,5,13570,1762,584,4795,1656,60,0,553,1745,2414,0,2346,11223,4677.7095645412
61689,2,22946,2229,39,6094,1129,229,3967,333,817,8051,58,2268,20678,2061.3635369165
61697,2,12513,2536,185,5412,663,360,65,531,611,2061,91,2721,9794,2140.6467498748
61705,3,17857,3707,112,5667,2471,231,0,566,4147,701,255,3819,14038,2537.0628146664
61713,2,7308,788,233,3472,898,0,0,372,180,1366,0,1021,6288,1982.0803239582
61721,4,11686,517,0,4733,1442,380,199,433,1270,2711,0,517,11168,4122.7270738330
61739,4,34504,4777,731,7124,3326,5484,1817,1308,1817,6764,1355,5508,28995,4122.7270738330
61747,1,5467,1352,281,2847,172,0,688,22,0,83,21,1633,3833,1189.2481943749
61754,2,12468,303,256,5478,1000,0,619,732,3452,463,164,559,11908,2140.6467498748
61762,2,14140,1353,240,5387,679,1105,413,1558,732,1566,1108,1593,12548,2061.3635369165
61770,2,15629,2002,1013,4980,656,558,359,44,2536,3189,291,3015,12613,2140.6467498748
61788,1,6448,867,69,4200,429,0,70,567,120,125,0,936,5511,1109.9649814166
61796,3,14754,2205,0,4509,2874,574,0,1145,524,1481,1443,2205,12550,2616.3460276248
61804,6,27939,651,0,4884,2897,4535,0,1225,7701,5549,498,651,27289,5311.9752682078
61812,2,12591,2659,1037,3864,1244,372,60,675,949,1732,0,3696,8896,1982.0803239582
61820,2,19347,1109,0,3097,643,0,683,69,4269,9347,130,1109,18238,2140.6467498748
61838,1,14342,2732,547,4608,1399,101,100,2777,712,862,504,3279,11063,872.1153425416
61846,2,25458,4808,1242,7018,2417,695,0,1943,944,6027,364,6050,19408,1982.0803239582
61853,1,34979,1420,205,5959,2515,4880,0,1400,1497,17102,0,1625,33353,1109.9649814166
61861,4,29902,3628,1585,4598,1288,189,339,436,9878,6679,1282,5213,24689,3805.5942219997
61879,2,31053,1140,569,5969,1911,40,974,1112,2026,10405,6906,1709,29343,1982.0803239582
61887,2,4682,0,0,3651,901,0,0,130,0,0,0,0,4682,1982.0803239582
61895,3,17575,3728,564,6396,2074,1609,500,186,350,2168,0,4292,13283,2616.3460276248
61903,2,17370,2599,904,6400,1041,87,0,101,977,5162,99,3503,13867,1982.0803239582
61911,4,26507,1568,1421,5063,1740,1030,4309,2880,4429,3954,115,2989,23520,4360.5767127079
61929,5,50794,10135,1042,20533,1958,4204,1113,2828,2991,1287,4702,11177,39616,4836.2759904579
61937,6,17959,1108,341,5873,1165,36,149,638,3594,5008,47,1449,16510,4756.9927774996
61945,5,22798,4981,1985,4745,1531,1085,611,454,3696,1793,1919,6966,15834,4519.1431386246
61952,5,32157,8707,740,4604,912,456,4605,1008,4759,4074,2293,9447,22711,4677.7095645412
61960,3,23458,3389,416,3386,906,173,1184,1175,2454,9853,521,3805,19652,2616.3460276248
61978,2,6355,269,124,4995,432,0,0,10,180,345,0,393,5962,1902.7971109998
61986,2,22868,3060,378,7212,525,5993,1096,294,330,3743,239,3438,19432,2140.6467498748
61994,1,5240,304,0,4496,310,0,0,0,0,131,0,304,4937,1189.2481943749
62000,4,9705,2681,744,4283,1282,0,91,0,284,339,0,3425,6279,3964.1606479163
62018,5,17849,2544,397,4283,1655,1303,550,729,3515,1704,1168,2941,14907,4202.0102867913
62026,1,5966,269,105,4283,630,20,0,281,226,68,83,374,5591,1109.9649814166
62034,2,14346,1314,443,3800,1101,0,129,2054,220,4733,554,1757,12591,1982.0803239582
62042,3,20030,1107,228,5668,4344,1365,299,3627,1129,1524,738,1335,18694,3171.3285183330
62059,3,17253,2607,428,6474,1910,324,100,196,3327,1649,237,3035,14217,2695.6292405831
62067,4,16344,2783,576,4417,1054,292,719,1194,2979,1640,690,3359,12985,3171.3285183330
62075,2,19029,1858,408,5478,1023,0,0,1908,2366,5988,0,2266,16763,1982.0803239582
62083,2,10406,792,0,4558,1709,52,22,1183,1471,619,0,792,9614,1982.0803239582
62091,3,31721,2496,944,4908,3200,60,1544,1446,1470,14871,781,3440,28280,2854.1956664997
62109,4,24780,5339,919,4612,2683,383,949,1730,3915,3880,370,6258,18522,3488.4613701663
62117,2,15564,856,173,4244,1323,164,0,1806,2102,4188,709,1029,14536,1982.0803239582
62125,2,15387,1913,544,2897,613,0,633,70,412,7298,1006,2457,12929,2140.6467498748
62133,2,10649,1004,0,3240,467,0,0,197,450,5290,0,1004,9644,2299.2131757915
62141,3,7678,440,149,1874,979,300,328,373,2087,725,422,589,7088,2695.6292405831
62158,4,26952,3267,886,3340,2973,0,0,929,2371,12768,418,4153,22799,3805.5942219997
62166,5,8559,885,373,2291,1003,695,601,606,240,1684,182,1258,7302,5074.1256293329
62174,4,40269,9973,1155,3298,902,1627,444,389,4907,15466,2107,11128,29140,3409.1781572080
62182,1,10462,811,303,4520,1258,0,30,253,487,2552,248,1114,9348,872.1153425416
62190,1,14956,1036,469,3870,2331,773,249,1406,1325,3360,136,1505,13450,872.1153425416
62208,1,4729,715,162,3302,235,0,0,246,0,70,0,877,3853,872.1153425416
62216,2,28976,561,299,3486,727,0,1918,71,156,21516,241,860,28115,2140.6467498748
62224,1,9895,267,69,3302,817,0,299,116,90,4935,0,336,9559,1109.9649814166
62232,2,8375,1157,581,3302,686,22,0,912,364,1156,195,1738,6637,1982.0803239582
62240,3,13703,3449,437,4287,1235,120,1167,1379,424,837,368,3886,9817,2695.6292405831
62257,7,23506,6106,850,4641,1894,326,164,1313,1744,4864,1605,6956,16551,6976.9227403327
62265,4,18312,1035,11,4641,1314,0,108,851,1877,7998,478,1046,17267,3964.1606479163
62273,2,13035,626,413,3310,2087,1059,50,95,2581,1944,869,1039,11995,1427.0978332499
62281,3,17755,3176,330,3196,3225,1058,950,202,3433,991,1193,3506,14248,2616.3460276248
62299,4,22087,3344,550,4722,2153,153,1036,1421,1251,7258,200,3894,18194,4360.5767127079
62307,5,13409,1505,1007,2539,760,927,1096,404,3262,1634,275,2512,10897,4202.0102867913
62315,1,6377,519,0,1299,257,0,0,120,229,3954,0,519,5859,1189.2481943749
62323,1,1213,439,113,79,59,60,0,419,0,1,43,552,661,872.1153425416
62331,3,5021,233,57,617,315,0,170,415,232,2840,143,290,4732,2616.3460276248
62349,1,4919,2284,305,144,99,0,0,1541,341,141,65,2589,2331,1109.9649814166
62356,1,8299,883,321,4273,1161,0,0,100,380,1050,131,1204,7095,872.1153425416
62364,4,17612,3379,819,4914,1887,342,519,623,4398,500,229,4198,13412,3171.3285183330
62372,4,10518,654,116,3493,1320,47,679,456,3174,519,60,770,9748,3884.8774349580
62380,2,6000,707,303,3161,721,0,310,240,327,154,78,1010,4991,1982.0803239582
62398,4,12915,1838,209,5092,1238,0,1074,381,1843,537,704,2047,10869,3329.8949442497
62406,5,23399,1642,128,4913,3439,229,4226,415,5226,1671,1509,1770,21628,4836.2759904579
62414,2,14320,910,206,5144,1069,0,265,754,600,4948,424,1116,13204,1982.0803239582
62422,3,17985,92,262,3596,624,136,0,206,2945,10012,112,354,17631,2695.6292405831
62430,2,19704,1366,142,2678,1443,50,607,234,612,9250,3320,1508,18194,2061.3635369165
62448,1,10180,3620,0,3302,1199,233,299,319,538,158,512,3620,6560,872.1153425416
62455,4,14203,2075,579,4195,1290,100,0,1177,530,4258,0,2654,11550,4202.0102867913
62463,5,21672,4465,368,5873,2587,0,1594,1757,2414,2355,260,4833,16840,4598.4263515829
62471,2,9216,1031,1099,3689,1785,283,398,55,327,397,151,2130,7085,2061.3635369165
62489,4,33536,4196,332,5963,2658,57,2809,2029,2139,12571,783,4528,29009,4043.4438608746
62497,2,9614,1391,750,4293,1374,0,0,445,800,561,0,2141,7473,1982.0803239582
62505,8,13844,920,211,4035,1850,0,0,671,819,2894,2444,1131,12713,6580.5066755411
62513,10,15732,1418,501,5516,1423,197,0,1231,3854,1040,553,1919,13814,9434.7023420408
62521,8,38596,2168,426,5481,1183,1113,5040,849,19451,1796,1090,2594,36003,7135.4891662493
62539,8,10811,1784,370,3835,1259,37,927,411,1615,111,463,2154,8658,6818.3563144160
62547,6,12298,1517,334,3835,594,30,565,330,4498,563,33,1851,10448,4598.4263515829
62554,7,13673,4321,336,4135,2093,89,408,293,891,458,647,4657,9014,5787.6745459578
62562,8,24922,2348,749,5416,1827,51,2988,860,9635,612,436,3097,21825,8245.4541476659
62570,11,13654,366,257,5526,1708,60,0,329,3494,1026,886,623,13029,8721.1534254159
62588,3,8337,876,139,3796,1260,930,0,608,130,371,226,1015,7321,2933.4788794581
62596,3,12314,2709,542,2498,818,102,272,267,566,4308,233,3251,9064,2695.6292405831
62604,3,17346,1209,245,2505,783,3298,1004,5753,1574,476,498,1454,15891,2457.7796017081
62612,4,20796,4286,947,2893,1948,2413,1269,521,1278,5058,183,5233,15563,4519.1431386246
62620,3,22831,1964,487,6739,3867,1648,1372,1264,2319,1898,1271,2451,20378,3250.6117312914
62638,1,6504,422,557,3614,560,0,669,149,451,81,0,979,5524,872.1153425416
62646,1,10112,1352,33,1494,239,0,0,0,0,3460,3533,1385,8726,1189.2481943749
62653,3,19389,4706,528,3704,999,544,100,549,55,6639,1564,5234,14154,3092.0453053747
62661,7,23571,4493,2086,4092,2298,2509,605,410,3520,2543,1015,6579,16992,5549.8249070828
62679,4,10823,1112,529,4062,1273,0,0,429,608,2407,403,1641,9182,4519.1431386246
62687,2,16086,379,22,2597,362,0,249,2,3544,8932,0,401,15686,2378.4963887498
62695,2,15936,331,48,3927,2883,460,996,296,3751,3013,233,379,15559,1982.0803239582
62703,6,32986,4476,2030,3927,2073,627,657,895,8883,8770,649,6506,26481,4598.4263515829
62711,7,35426,4530,408,4027,4589,188,1444,675,13933,4235,1397,4938,30488,6739.0731014577
62729,3,13704,3402,864,1998,649,602,630,808,815,441,3494,4266,9437,3012.7620924164
62737,1,4796,645,94,1499,583,167,219,135,370,636,448,739,4057,872.1153425416
62745,1,2127,754,225,110,148,0,0,187,220,483,0,979,1148,1109.9649814166
62752,2,9982,0,0,2393,958,779,0,4212,435,1205,0,0,9982,1982.0803239582
62760,6,7271,1390,451,2562,888,199,339,288,417,381,357,1841,5431,4677.7095645412
62778,5,13464,2173,999,4099,1490,266,0,450,1027,2847,112,3172,10291,5232.6920552495
62786,1,6808,202,0,4105,664,253,458,405,316,404,0,202,6605,872.1153425416
62794,3,16688,1354,651,5131,1477,266,528,2890,3104,948,339,2005,14683,2933.4788794581
62802,4,18248,2353,614,5195,1953,513,0,514,3802,1987,1318,2967,15282,3329.8949442497
62810,1,6168,195,0,3752,765,0,0,199,182,1017,58,195,5973,1189.2481943749
62828,3,13913,2220,770,3752,1274,200,0,4061,353,284,999,2990,10923,3171.3285183330
62836,4,15336,2796,426,3752,829,759,1163,263,1663,2640,1045,3222,12114,3250.6117312914
62844,4,19376,428,682,3722,1006,697,40,1320,6980,3275,1228,1110,18268,3409.1781572080
62851,3,9569,1971,242,2565,1354,1421,400,376,563,678,0,2213,7357,3012.7620924164
62869,1,8931,2047,359,2218,1093,384,0,1911,0,866,52,2406,6524,872.1153425416
62877,1,12164,4527,1208,2565,1449,558,0,567,0,1082,208,5735,6429,872.1153425416
62885,3,9661,803,456,2565,1129,434,398,1441,33,1323,1078,1259,8401,3171.3285183330
62893,4,25441,3863,602,3880,1814,2360,1748,1010,17,9025,1121,4465,20975,3805.5942219997
62901,8,28179,2586,518,5821,1434,0,0,3044,11957,2481,337,3104,25074,7531.9052310410
62919,4,18788,975,314,3769,2044,4808,1165,615,2366,1963,768,1289,17498,3884.8774349580
62927,2,20310,2933,199,3899,2497,447,347,1579,1581,6757,72,3132,17179,1982.0803239582
62935,6,18320,1398,0,4210,1084,160,2052,419,5647,3000,350,1398,16922,5866.9577589161
62943,4,23377,6999,1308,400,1954,516,1345,1113,5282,1286,3174,8307,15070,3805.5942219997
62950,4,11627,0,0,3314,1177,856,899,116,658,4607,0,0,11627,3567.7445831247
62968,3,15192,1741,240,3769,2489,68,889,1320,3563,1113,0,1981,13211,3250.6117312914
62976,4,41370,4439,1302,10190,5533,110,0,1058,6060,10820,1858,5741,35629,3171.3285183330
62984,1,3968,336,0,1758,71,0,0,72,960,276,494,336,3631,1189.2481943749
62992,1,4311,232,285,3278,0,0,0,0,0,59,456,517,3793,1189.2481943749
63008,6,36276,11586,1129,1960,1584,672,1111,1732,6077,7510,2916,12715,23562,6501.2234625827
63016,5,12019,1402,760,1843,1113,0,1514,219,1102,3337,729,2162,9857,4202.0102867913
63024,2,19586,2244,326,2870,1512,4416,349,189,50,7609,22,2570,17017,2061.3635369165
63032,2,8893,1498,304,2870,1594,0,0,858,116,1653,0,1802,7091,1744.2306850832
63040,5,6647,198,22,3849,337,313,400,513,17,956,43,220,6428,3805.5942219997
63057,4,13924,3018,0,599,952,1501,670,497,2929,2954,805,3018,10907,3488.4613701663
63065,5,43447,5901,573,2870,1022,4022,2221,4948,1131,17725,3034,6474,36973,5311.9752682078
63073,5,13093,2562,417,2713,2045,167,1069,454,2143,498,1023,2979,10112,3964.1606479163
63081,8,12715,554,266,3485,1241,310,2924,639,1912,855,529,820,11895,6501.2234625827
63099,4,5821,2029,193,100,699,385,728,136,1146,166,240,2222,3600,3488.4613701663
63107,2,13721,1979,871,2687,2200,222,371,534,779,3901,178,2850,10872,2061.3635369165
63115,7,7742,878,62,3485,557,5,80,316,1797,86,478,940,6804,5311.9752682078
63123,9,10730,758,487,2687,387,0,2377,26,2449,1280,280,1245,9486,6818.3563144160
63131,8,14527,1710,387,5053,1341,167,509,394,4092,556,317,2097,12429,8404.0205735826
63149,7,5403,539,222,2687,594,71,0,256,714,170,150,761,4642,5787.6745459578
63156,5,26041,2447,228,6024,1583,247,2732,866,4209,978,6727,2675,23366,4202.0102867913
63164,3,12505,622,163,3849,910,1276,1399,397,668,2972,249,785,11720,3092.0453053747
63172,2,8882,908,129,4016,780,518,60,48,961,510,952,1037,7845,2140.6467498748
63180,2,7674,1501,148,3849,568,1083,0,165,60,100,200,1649,6025,1982.0803239582
63198,1,4897,413,347,3700,168,0,0,71,0,170,28,760,4137,872.1153425416
63206,3,14255,3131,430,4496,1286,82,70,1342,1337,1569,512,3561,10694,2695.6292405831
63214,3,8003,1200,711,3260,860,401,0,0,0,785,785,1911,6091,3171.3285183330
63222,14,7581,916,196,3260,893,0,0,17,327,140,1832,1112,6469,12288.8980085405
63230,6,9124,2129,201,3260,728,80,0,221,1331,442,733,2330,6795,6263.3738237078
63248,5,10006,1488,448,3260,705,65,180,364,534,2442,521,1936,8071,4756.9927774996
63255,4,19494,4013,1145,4980,1471,357,1289,1511,1394,2455,879,5158,14336,4043.4438608746
63263,6,20504,1689,74,6630,1811,0,145,1433,2021,5875,827,1763,18742,6421.9402496244
63271,4,7561,912,246,2797,858,170,0,387,937,1128,125,1158,6402,3250.6117312914
63289,3,14436,342,36,3287,1034,100,2093,344,1173,5745,282,378,14058,2695.6292405831
63297,7,11472,1702,751,3485,1204,0,705,553,1997,672,402,2453,9018,5470.5416941245
63305,7,12471,2428,279,4993,772,176,374,179,2456,448,366,2707,9764,5946.2409718745
63313,5,9817,1042,0,2747,1245,126,1026,59,908,2185,479,1042,8775,3964.1606479163
63321,9,16547,2188,947,3497,1309,324,1855,2722,1665,1378,662,3135,13412,7611.1884439993
63339,4,22533,489,0,5478,2098,2331,60,591,2710,8727,50,489,22045,4122.7270738330
63347,2,18783,688,150,4733,1271,552,677,2224,1945,5719,825,838,17946,1902.7971109998
63354,3,9253,390,267,4980,768,267,649,1,1562,368,0,657,8595,2774.9124535414
63362,1,20044,1731,219,10022,661,1591,70,1052,1990,2707,0,1950,18093,1109.9649814166
63370,1,7325,1497,813,3023,1496,0,0,245,150,101,0,2310,5015,872.1153425416
63388,3,30101,4077,374,6377,10623,780,90,2119,2240,1950,1472,4451,25651,3171.3285183330
63396,2,11295,656,698,4833,1217,60,50,2083,795,886,17,1354,9941,1982.0803239582
63404,2,7518,879,53,3932,928,145,0,772,351,271,187,932,6586,1982.0803239582
63412,2,25991,1762,651,3996,496,434,620,127,9454,8450,0,2413,23577,2061.3635369165
63420,5,6718,1085,342,599,865,138,88,434,1732,1434,0,1427,5290,4122.7270738330
63438,2,5650,1065,67,3000,215,27,270,0,0,936,70,1132,4518,2061.3635369165
63446,2,12137,223,123,7017,3968,183,0,537,45,41,0,346,11791,1982.0803239582
63453,1,6792,388,166,5387,281,131,0,115,80,61,183,554,6238,872.1153425416
63461,2,26655,2175,2893,4551,736,220,0,1547,976,12187,1370,5068,21587,1982.0803239582
63479,3,36877,2909,1271,4759,681,4214,3018,648,4784,10632,3962,4180,32698,3171.3285183330
63487,2,47966,895,943,3689,508,0,0,464,41058,408,0,1838,46127,1982.0803239582
63495,2,6888,837,261,3459,1176,0,0,612,119,426,0,1098,5792,1982.0803239582
63503,2,10340,1838,211,3693,1172,679,80,477,583,460,1147,2049,8291,1982.0803239582
63511,1,4985,318,0,2512,409,73,330,2,1199,142,0,318,4667,951.3985554999
63529,3,14044,3319,1095,2512,1280,599,0,445,2464,1843,486,4414,9629,2933.4788794581
63537,3,6508,0,0,4120,1,0,1076,0,878,216,217,0,6508,2774.9124535414
63545,1,7907,1138,274,3332,1008,27,249,596,435,455,394,1412,6496,872.1153425416
63552,3,8552,2545,425,2191,607,1259,0,177,0,1253,95,2970,5582,2616.3460276248
63560,2,10248,467,2121,3386,822,663,471,130,943,1225,18,2588,7658,2061.3635369165
63578,4,22023,792,246,3287,1442,1478,1493,1050,2969,8757,510,1038,20986,3329.8949442497
63586,1,16638,1413,419,2638,497,177,1113,1836,0,6609,1936,1832,14806,1109.9649814166
63594,1,11831,2692,1003,3240,1385,0,0,170,253,2874,214,3695,8136,1109.9649814166
63602,5,23494,2820,1049,3240,3840,6836,0,275,3833,557,1044,3869,19625,4122.7270738330
63610,2,7518,1688,162,3187,856,69,0,106,250,1200,0,1850,5668,2140.6467498748
63628,2,24287,1992,337,0,1310,43,518,540,2026,15657,1863,2329,21957,2061.3635369165
63636,5,21402,3461,464,3240,1773,0,646,536,3165,6939,1178,3925,17477,4360.5767127079
63644,1,7728,0,0,3398,2035,0,0,979,711,606,0,0,7729,872.1153425416
63651,4,11499,2258,2860,1954,1188,661,179,385,1102,834,77,5118,6380,4439.8599256663
63669,1,5690,1170,274,2459,678,0,0,481,210,323,95,1444,4246,1109.9649814166
63677,3,13628,5420,1743,2622,1997,0,0,166,300,523,858,7163,6466,3012.7620924164
63685,8,26217,1384,1290,2502,2282,0,0,395,1242,4871,12251,2674,23543,7531.9052310410
63693,3,14291,1412,609,3196,975,81,0,2500,1703,1638,2177,2021,12270,3171.3285183330
63701,2,25792,948,582,3527,2549,302,331,5735,808,10296,716,1530,24264,1982.0803239582
63719,2,23939,1481,253,4699,1260,0,190,11782,1259,1348,1665,1734,22203,1982.0803239582
63727,2,6504,844,214,1099,1028,1438,0,103,239,1517,23,1058,5447,1982.0803239582
63735,2,12827,1340,115,2745,741,0,756,760,1263,732,4374,1455,11371,1982.0803239582
63743,4,13975,1317,459,2994,1415,0,2024,180,1538,3138,911,1776,12200,4439.8599256663
63750,4,8460,159,75,2997,1298,67,349,628,246,2591,52,234,8228,4202.0102867913
63768,1,7007,1129,151,3196,639,0,525,507,199,501,160,1280,5727,872.1153425416
63776,2,13873,2733,324,2348,569,1897,229,763,1079,3016,916,3057,10817,1823.5138980415
63784,4,32489,1850,751,4099,1344,540,1747,1134,9363,10974,687,2601,29888,3884.8774349580
63792,5,18593,9439,230,2925,788,1072,1992,0,952,1196,0,9669,8925,4202.0102867913
63800,4,10764,2327,460,2925,864,50,0,2529,823,787,0,2787,7978,4281.2934997496
63818,1,6737,1028,697,2925,491,0,293,736,98,159,309,1725,5011,872.1153425416
63826,3,8027,860,151,1698,1012,133,369,156,1528,1250,870,1011,7016,2695.6292405831
63834,3,12755,703,0,1199,450,469,1087,152,4251,4060,382,703,12050,3329.8949442497
63842,5,19454,1013,0,2897,1570,203,289,518,6721,3729,2513,1013,18440,4202.0102867913
63859,2,25433,3394,453,2303,653,151,120,1565,2049,13712,1034,3847,21587,2061.3635369165
63867,4,13824,1126,568,3140,1555,349,714,431,2046,3681,213,1694,12129,4360.5767127079
63875,1,2685,741,174,996,218,0,20,0,106,309,122,915,1771,872.1153425416
63883,4,13654,2257,720,2390,1384,487,992,258,3135,378,1653,2977,10677,3250.6117312914
63891,1,15180,4382,742,3838,753,2996,1099,347,180,594,249,5124,10056,872.1153425416
63909,1,84399,3290,833,2764,583,167,149,100,2352,13431,60730,4123,80276,1109.9649814166
63917,7,19693,3558,1043,2110,2316,1746,1781,1042,1198,3188,1710,4601,15091,6342.6570366661
63925,6,9725,1551,387,2198,336,7,672,296,2098,613,1566,1938,7786,4360.5767127079
63933,2,7855,633,662,3838,613,0,0,762,773,309,264,1295,6559,1982.0803239582
63941,5,12659,3062,370,2664,1546,107,0,921,1651,2051,288,3432,9228,4915.5592034162
63958,6,4566,1372,300,2110,421,48,0,0,0,100,217,1672,2896,5946.2409718745
63966,2,5479,0,0,1992,533,67,777,405,1201,468,37,0,5480,2140.6467498748
63974,2,29556,1466,726,8792,1556,564,56,1141,3918,8226,3111,2192,27364,1982.0803239582
63982,2,16800,2132,627,4340,1944,103,1000,2052,2122,1988,492,2759,14041,1982.0803239582
63990,3,18627,1630,590,2830,1146,405,498,1251,1900,8081,295,2220,16406,2774.9124535414
64006,1,5191,974,130,1748,183,229,0,0,116,1810,0,1104,4086,1189.2481943749
64014,2,20081,4139,950,3852,1835,0,0,794,501,6187,1823,5089,14992,1982.0803239582
64022,5,38221,3331,1003,4083,3245,9289,528,476,3971,12242,53,4334,33887,4836.2759904579
64030,2,20912,1591,152,2930,11450,174,0,275,1642,851,1848,1743,19170,1744.2306850832
64048,2,16319,1420,125,3976,4075,0,0,489,554,5678,0,1545,14772,1982.0803239582
64055,1,8267,1151,0,5321,732,0,0,59,216,788,0,1151,7116,872.1153425416
64063,4,20598,1366,1006,4310,2079,0,0,2027,5925,2176,1710,2372,18227,3488.4613701663
64071,5,35636,1639,738,5571,3041,3646,369,2786,5805,9913,2127,2377,33258,5153.4088422912
64089,5,17198,2130,1074,4136,2991,17,320,259,713,5307,251,3204,13994,4202.0102867913
64097,2,20562,1771,0,4913,2995,2276,0,1115,1007,6401,83,1771,18790,1982.0803239582
64105,2,38394,1679,726,4737,1013,100,887,1028,4293,23931,0,2405,35989,1982.0803239582
64113,1,13384,2574,401,3957,802,0,120,1466,685,3331,47,2975,10408,872.1153425416
64121,5,21980,2241,693,6053,2190,1841,351,2610,3306,2638,56,2934,19045,5391.2584811662
64139,2,14152,2910,719,4558,1051,69,181,365,1843,1435,1021,3629,10523,1982.0803239582
64147,1,26647,2738,0,6149,1614,0,0,994,235,14889,28,2738,23909,1109.9649814166
64154,2,20699,3152,1646,7369,1560,33,1043,1634,1587,2511,165,4798,15902,1982.0803239582
64162,1,21280,9145,1929,5020,1371,145,698,134,311,1541,987,11074,10207,872.1153425416
64170,5,21092,2776,785,6375,1258,200,114,1206,5989,2380,10,3561,17532,4202.0102867913
64188,1,10734,1290,543,2734,345,83,0,625,619,4495,0,1833,8901,872.1153425416
64196,3,13841,1317,266,1992,890,58,659,408,0,5933,2317,1583,12257,3012.7620924164
64204,2,12313,883,93,3473,913,100,0,1187,210,2092,3363,976,11338,1982.0803239582
64212,4,9283,408,533,4419,670,0,150,1083,280,1740,0,941,8342,3964.1606479163
64220,3,16960,1801,1146,4419,1038,3299,976,1344,344,2484,107,2947,14011,2933.4788794581
64238,2,6470,0,0,4333,1219,0,200,300,138,280,0,0,6470,1744.2306850832
64246,3,17784,1692,713,4332,2050,105,1270,914,2399,4126,181,2405,15377,2616.3460276248
64253,5,13619,1418,199,5630,1791,362,94,603,1100,1503,919,1617,12002,4836.2759904579
64261,2,17017,725,1330,4474,882,0,0,347,0,8060,1200,2055,14963,1982.0803239582
64279,1,3878,672,274,899,900,134,0,176,1,619,203,946,2932,872.1153425416
64287,5,13343,1791,550,4196,1177,270,580,212,552,4015,0,2341,11002,4360.5767127079
64295,2,8372,817,569,3791,686,54,0,1039,127,1289,0,1386,6986,1982.0803239582
64303,4,17388,3321,817,5630,1490,0,95,1525,2197,2105,207,4138,13249,3884.8774349580
64311,4,10191,1525,496,3691,1249,136,2064,91,250,221,467,2021,8169,3647.0277960830
64329,2,6869,126,137,3691,487,0,0,192,246,1829,160,263,6605,1823.5138980415
64337,2,9486,1820,609,3691,687,213,599,100,391,50,1326,2429,7057,1982.0803239582
64345,2,6210,214,102,3691,832,0,0,464,0,344,564,316,5895,1982.0803239582
64352,1,10759,3658,0,3411,120,0,1399,174,1513,94,390,3658,7101,1189.2481943749
64360,1,7794,1371,152,3347,339,43,239,781,492,818,213,1523,6272,1189.2481943749
64378,2,13601,751,817,5437,1229,612,0,333,1062,3165,195,1568,12033,2061.3635369165
64386,5,41939,5121,1264,9101,2669,2285,949,4173,3291,11400,1686,6385,35554,4915.5592034162
64394,4,14687,2105,282,6506,2484,0,86,1310,469,1219,225,2387,12299,4122.7270738330
64402,5,61436,5676,586,5954,998,359,13031,762,4326,27861,1883,6262,55174,5074.1256293329
64410,4,24872,2372,0,4478,1940,120,171,1070,4582,8816,1324,2372,22501,3409.1781572080
64428,3,16919,317,0,4614,1782,747,1003,411,3748,3965,332,317,16602,2695.6292405831
64436,5,41329,5996,1212,6099,2378,247,4302,2194,835,17024,1041,7208,34120,5074.1256293329
64444,2,19341,2364,762,3479,2263,121,50,3621,406,5949,326,3126,16215,1982.0803239582
64451,2,8442,422,386,3814,509,936,0,1054,254,409,658,808,7634,1982.0803239582
64469,2,11071,3135,405,3511,726,0,0,860,1861,575,0,3540,7533,1982.0803239582
64477,5,18749,1032,1225,4234,1403,116,0,1995,2307,6344,94,2257,16493,4756.9927774996
64485,3,18470,1168,0,4461,1547,2081,0,808,3592,4814,0,1168,17303,3171.3285183330
64493,6,25523,1821,649,4795,2469,0,200,199,9726,5635,30,2470,23054,4677.7095645412
64501,5,20347,2895,25,3240,1144,1670,0,826,2367,6841,1339,2920,17427,4836.2759904579
64519,2,38777,3353,2033,2680,2609,5697,1700,2531,508,17511,155,5386,33391,1982.0803239582
64527,6,26257,4343,260,2565,1126,0,480,737,1235,11201,4309,4603,21653,6184.0906107494
64535,3,6300,348,0,2218,1202,0,0,59,350,1069,1054,348,5952,3012.7620924164
64543,4,8717,1473,0,2192,935,100,0,0,0,3575,441,1473,7243,4360.5767127079
64550,4,27159,2933,869,2218,335,786,4154,575,2254,11428,1606,3802,23356,3409.1781572080
64568,5,37798,7372,2237,5715,2533,3899,0,1068,3608,10665,700,9609,28188,5391.2584811662
64576,4,24442,1895,852,5209,1726,383,1176,1223,2441,8284,1254,2747,21696,3805.5942219997
64584,4,41818,5522,1655,4294,2964,2071,2295,1342,18879,2699,95,7177,34639,4122.7270738330
64592,1,4638,639,39,999,133,60,349,17,1672,731,0,678,3961,1189.2481943749
64600,1,5752,2046,30,999,133,7,0,1,2281,256,0,2076,3677,1189.2481943749
64618,1,3086,399,0,999,300,17,0,0,0,1372,0,399,2688,1268.5314073332
64626,6,94444,2898,78,4234,76243,0,150,1109,1664,5798,2271,2976,91469,5946.2409718745
64634,2,12546,1217,960,4358,1258,65,0,2464,119,1567,538,2177,10369,1982.0803239582
64642,5,32879,3316,1353,4300,2262,0,1100,476,1566,18456,50,4669,28210,5629.1081200412
64659,5,52394,4496,562,22009,6298,9702,0,606,3419,4801,501,5058,47336,4360.5767127079
64667,1,7336,814,95,2956,539,1867,0,377,545,80,63,909,6427,1109.9649814166
64675,5,31088,4650,1723,4245,1531,1137,0,970,2924,13844,65,6373,24716,5629.1081200412
64683,1,11182,2908,0,1874,1262,164,190,84,691,3842,167,2908,8274,1189.2481943749
64691,2,2994,1607,154,108,427,201,0,45,99,268,86,1761,1234,1982.0803239582
64709,3,20450,7220,491,4470,3396,50,699,480,411,2506,727,7711,12739,3171.3285183330
64717,2,12761,2771,1540,2805,893,422,0,267,1073,1758,1231,4311,8449,1982.0803239582
64725,2,8764,2921,446,512,632,0,400,101,834,1356,1562,3367,5397,2457.7796017081
64733,5,17805,1121,318,3938,1330,447,204,1485,3655,3726,1579,1439,16364,5311.9752682078
64741,6,16500,1158,332,4892,1156,249,1355,87,3603,1179,2489,1490,15010,4598.4263515829
64758,9,13173,2217,434,3838,942,278,976,1,2740,1194,554,2651,10523,8483.3037865409
64766,7,24809,5184,2240,3838,1180,606,2500,113,7214,1280,654,7424,17385,5866.9577589161
64774,4,26564,3044,654,3276,1344,0,420,200,3938,13246,442,3698,22866,3250.6117312914
64782,2,15215,1313,902,3586,1501,210,719,1712,228,4977,67,2215,13000,1982.0803239582
64790,5,21880,4015,674,3466,1830,60,959,451,6427,3625,373,4689,17191,3726.3110090413
64808,3,14593,2694,1339,4342,1537,0,0,331,1254,2052,1045,4033,10561,2854.1956664997
64816,6,24373,2649,1654,4262,2174,711,1419,1274,2827,6565,838,4303,20070,4994.8424163745
64824,4,20851,3149,450,2459,1998,95,150,1061,2456,8493,541,3599,17253,3647.0277960830
64832,6,34974,4645,1389,2512,1702,0,1464,2653,2321,18228,60,6034,28940,4756.9927774996
64840,1,6316,1199,43,2689,322,155,308,1298,0,106,195,1242,5073,1189.2481943749
64857,3,16543,3059,473,3240,1520,67,1598,1146,2001,1190,2248,3532,13010,2616.3460276248
64865,3,17456,4738,122,2512,1031,197,760,301,1968,2076,3751,4860,12596,2933.4788794581
64873,2,18989,3984,238,2614,555,204,0,3033,812,7484,65,4222,14767,1982.0803239582
64881,7,15282,4901,1738,3240,724,1013,479,29,803,2045,310,6639,8643,7294.0555921660
64899,2,14733,4953,498,1960,1110,57,877,2030,117,3133,0,5451,9284,1982.0803239582
64907,2,17087,1662,896,2870,346,217,0,50,10323,723,0,2558,14529,1982.0803239582
64915,3,7572,394,887,2449,399,0,0,1709,400,1096,237,1281,6290,3171.3285183330
64923,4,12743,561,938,1960,988,888,1030,306,1555,780,3737,1499,11244,3250.6117312914
64931,3,12983,1442,461,2508,862,227,424,559,2077,4423,0,1903,11080,3171.3285183330
64949,5,24382,3947,1678,2565,1599,844,808,1236,2886,5451,3369,5625,18758,4281.2934997496
64956,3,12425,889,772,3880,2245,1397,0,130,1663,1425,26,1661,10766,2695.6292405831
64964,2,16894,1351,489,4735,2166,1386,0,2256,962,3533,17,1840,15055,1982.0803239582
64972,2,7773,854,1098,3112,1118,0,180,636,361,364,50,1952,5821,1982.0803239582
64980,4,19936,2965,2226,2090,1421,20,0,298,260,9655,1002,5191,14746,3964.1606479163
64998,2,14159,1829,567,1479,1120,163,0,198,199,5822,2782,2396,11763,2061.3635369165
65003,4,60380,4515,334,2870,1769,33,3158,27543,267,19891,0,4849,55531,4043.4438608746
65011,1,6050,2361,994,1565,912,0,0,0,217,0,0,3355,2694,872.1153425416
65029,2,5617,651,838,2554,553,0,0,209,0,682,130,1489,4128,1982.0803239582
65037,5,12389,943,216,2870,1202,0,1449,285,2431,2371,623,1159,11231,5232.6920552495
65045,4,24613,2513,893,1960,640,34,4350,589,3806,7742,2087,3406,21208,3250.6117312914
65052,2,8095,1449,372,747,1974,110,206,21,1080,1333,805,1821,6276,2219.9299628331
65060,2,7096,139,0,2395,393,0,300,473,0,2964,433,139,6958,2061.3635369165
65078,4,14242,1492,396,2519,1507,100,0,2369,757,5068,33,1888,12353,3884.8774349580
65086,3,17726,2134,250,4127,1423,602,189,372,2224,5726,680,2384,15343,3171.3285183330
65094,3,24847,3108,438,4227,1265,482,1935,1662,4953,3777,2999,3546,21300,2695.6292405831
65102,2,10669,1624,801,2617,1395,100,0,1684,947,1388,112,2425,8243,1982.0803239582
65110,1,12832,1823,0,2191,651,0,450,1,150,3442,4124,1823,11009,951.3985554999
65128,4,17413,3611,356,3497,566,84,900,2732,706,2688,2275,3967,13448,3647.0277960830
65136,4,5987,408,64,2198,579,0,80,132,1375,436,714,472,5514,3250.6117312914
65144,5,39917,5870,2786,3390,3317,0,0,1229,4751,17534,1040,8656,31261,5232.6920552495
65151,2,10032,2822,425,2797,814,270,600,1705,67,270,261,3247,6784,1982.0803239582
65169,3,21229,1502,43,3596,927,970,980,176,2805,5745,4484,1545,19683,2695.6292405831
65177,2,7139,772,543,3302,1283,0,0,585,276,378,0,1315,5824,1982.0803239582
65185,2,7247,864,770,3297,648,0,35,0,317,1295,22,1634,5614,2061.3635369165
65193,2,9255,550,0,4205,664,30,0,1544,961,1245,56,550,8705,1744.2306850832
65201,2,9156,1363,556,3187,624,0,0,456,70,2900,0,1919,7237,1982.0803239582
65219,2,8762,1326,171,3302,341,83,0,1053,280,78,2127,1497,7264,1744.2306850832
65227,2,7538,59,82,3302,575,1,100,2894,1,91,433,141,7397,1982.0803239582
65235,2,11582,812,267,3302,396,0,369,453,152,1112,4719,1079,10503,1982.0803239582
65243,1,3522,507,35,1992,649,0,0,0,200,139,0,542,2980,1189.2481943749
65250,6,14719,255,441,4206,1438,77,350,1287,5407,587,671,696,14023,4915.5592034162
65268,5,22304,743,277,5487,1197,821,470,248,7109,5353,600,1020,21285,3726.3110090413
65276,7,19951,3919,377,3979,1187,287,1833,582,3221,285,4281,4296,15655,6897.6395273744
65284,6,12432,2665,100,3232,1156,27,250,519,3200,114,1169,2765,9667,4598.4263515829
65292,7,4464,629,296,1693,520,72,0,50,548,248,408,925,3539,5232.6920552495
65300,7,13543,2656,1095,3979,853,452,335,980,1869,869,455,3751,9792,7056.2059532910
65318,2,18087,1322,305,4345,2607,303,924,1374,2718,4064,126,1627,16461,1982.0803239582
65326,5,19591,2170,539,4281,1045,1337,0,767,6706,2207,540,2709,16883,3964.1606479163
65334,1,10179,22,0,5612,1574,0,0,2394,190,367,20,22,10157,872.1153425416
65342,2,11113,1030,581,3459,5845,0,0,77,0,50,70,1611,9501,2061.3635369165
65359,3,9779,3194,427,3147,711,127,0,1317,204,585,67,3621,6158,3092.0453053747
65367,5,34461,3921,550,10989,4933,0,747,411,3105,9471,333,4471,29989,4122.7270738330
65375,5,20433,2468,1069,5425,3730,224,268,620,2718,3404,507,3537,16896,4677.7095645412
65383,6,15561,2286,782,3343,982,211,1277,2695,3270,439,275,3068,12492,5629.1081200411
65391,6,15169,2193,436,3175,750,541,1456,616,2998,1227,1775,2629,12538,4915.5592034162
65409,4,16511,3554,859,2988,998,433,1179,1241,2521,2451,287,4413,12098,3171.3285183330
65417,4,30511,470,51,11095,1451,13333,0,627,2263,1007,215,521,29991,3884.8774349580
65425,2,10760,1637,383,3546,1628,290,0,331,1220,1652,75,2020,8742,2299.2131757915
65433,2,5142,378,43,3187,893,16,123,1,0,289,212,421,4721,2061.3635369165
65441,5,27701,1538,218,8446,3234,137,363,3014,1444,8006,1301,1756,25945,4994.8424163745
65458,2,50693,4146,331,7584,3895,1129,2259,11451,1052,14828,4018,4477,46216,1982.0803239582
65466,4,24737,2111,409,8288,993,1601,1167,295,6868,2532,473,2520,22217,3171.3285183330
65474,2,15097,1047,466,5549,1817,2220,0,1045,404,2550,0,1513,13585,1982.0803239582
65482,5,12642,1954,435,3187,1039,113,0,610,665,4638,0,2389,10252,4677.7095645412
65490,3,16448,1739,229,4332,985,3480,1812,1136,495,1471,767,1968,14478,2299.2131757915
65508,1,45029,7669,411,9037,2466,4761,1185,2367,3354,10184,3597,8080,36951,872.1153425416
65516,1,7274,783,274,5387,468,0,0,245,0,115,0,1057,6215,1109.9649814166
65524,4,12434,148,39,3800,470,95,1109,606,125,6042,0,187,12247,3488.4613701663
65532,2,4722,150,195,3302,417,0,0,142,231,160,126,345,4378,1982.0803239582
65540,5,16331,2754,187,3497,1115,56,0,72,1410,1472,5768,2941,13390,3567.7445831247
65557,2,11178,2799,467,3472,1315,0,120,550,283,1782,391,3266,7913,1982.0803239582
65565,1,11569,2469,1371,2896,504,313,2605,363,347,270,432,3840,7730,1109.9649814166
65573,6,10039,1175,276,4136,1792,120,0,342,184,1887,126,1451,8587,5232.6920552495
65581,2,24966,5446,136,3302,988,0,0,76,421,5925,8672,5582,19384,2140.6467498748
65599,4,24474,3763,560,5863,3267,21,549,946,276,9142,86,4323,20150,4439.8599256663
65607,2,30694,3608,656,4277,1254,850,599,579,512,18211,148,4264,26430,1982.0803239582
65615,1,6229,429,0,4136,1083,0,0,232,255,51,43,429,5800,872.1153425416
65623,2,9990,678,223,5487,1765,0,0,966,300,571,0,901,9089,1982.0803239582
65631,2,11182,3164,221,4269,1437,0,82,1024,215,712,59,3385,7798,1744.2306850832
65649,4,12548,952,90,4572,1049,233,867,730,1917,1656,484,1042,11508,4043.4438608746
65656,5,41208,2216,285,4884,1809,1398,8443,577,5616,15978,0,2501,38705,4202.0102867913
65664,4,42149,1848,1408,4991,2912,1548,946,3455,4194,19115,1732,3256,38893,3884.8774349580
65672,4,19226,1575,897,6972,1270,3705,1302,301,2048,969,187,2472,16754,3647.0277960830
65680,5,39451,1250,155,7141,5611,2381,785,4249,4690,11651,1537,1405,38045,3805.5942219997
65698,1,15509,872,763,5070,1387,1858,297,1253,1823,1597,588,1635,13873,872.1153425416
65706,3,20212,2529,1173,7017,2009,272,0,622,1530,4759,302,3702,16511,2933.4788794581
65714,5,18300,3016,225,5788,2242,227,1204,405,1679,3095,420,3241,15060,5153.4088422912
65722,1,2238,252,108,1347,95,0,50,173,150,63,0,360,1878,1109.9649814166
65730,5,11639,619,180,7017,1037,246,410,479,0,1200,451,799,10840,5232.6920552495
65748,1,7290,622,134,3335,1025,100,299,428,519,733,95,756,6534,1189.2481943749
65755,1,8791,1284,114,2198,513,165,603,49,1188,2504,173,1398,7393,872.1153425416
65763,1,11006,689,268,4885,1104,65,0,372,110,3237,277,957,10050,872.1153425416
65771,5,28075,2480,1075,5268,2155,172,824,2609,1272,11949,272,3555,24521,5549.8249070828
65789,4,7306,1450,521,1999,1582,65,498,1061,0,130,0,1971,5335,2854.1956664997
65797,8,11054,2787,1011,2241,1688,356,1315,519,174,615,347,3798,7255,7294.0555921660
65805,1,8532,4345,534,2008,979,0,0,501,0,0,165,4879,3653,872.1153425416
65813,4,19107,3872,395,2321,1066,133,906,2204,609,6758,842,4267,14839,3250.6117312914
65821,5,22894,4840,1177,2241,786,83,776,190,1398,10961,443,6017,16878,4281.2934997496
65839,6,46686,27035,3998,3740,2264,4326,825,0,1500,917,2083,31033,15655,5946.2409718745
65847,3,13787,5378,729,1999,994,217,0,0,0,3780,690,6107,7680,2854.1956664997
65854,4,18085,6776,1480,2241,2142,550,585,50,865,1972,1424,8256,9829,4202.0102867913
65862,6,12682,3654,390,2241,983,1333,727,252,1172,1842,87,4044,8637,6025.5241848328
65870,4,30743,12944,2652,1999,2002,3643,0,6072,0,813,616,15596,15145,4360.5767127079
65888,2,15657,4183,407,2390,1812,0,0,170,869,5218,608,4590,11067,1902.7971109998
65896,1,4547,1133,200,1793,251,191,250,111,0,618,0,1333,3214,1189.2481943749
65904,4,19091,3162,966,2098,530,1697,1808,398,2077,5033,1322,4128,14963,3409.1781572080
65912,3,10026,1234,91,3586,229,50,500,1578,2456,151,151,1325,8701,3567.7445831247
65920,3,9745,441,563,2925,1167,1000,0,135,877,2341,296,1004,8741,3012.7620924164
65938,2,8001,1601,37,0,1469,560,0,54,380,3898,0,1638,6361,2140.6467498748
65946,5,29754,3470,320,2241,13703,1132,0,1616,1979,3616,1676,3790,25963,5153.4088422912
65953,5,19750,5510,3436,2241,1338,4047,0,147,449,1865,716,8946,10803,4281.2934997496
65961,7,34067,4325,2518,5174,2230,228,1870,3561,7507,5667,987,6843,27224,6342.6570366661
65979,2,8438,707,317,2615,3051,0,0,165,0,1335,247,1024,7413,1982.0803239582
65987,4,7773,1374,47,2647,921,50,109,272,476,1075,802,1421,6352,3092.0453053747
65995,1,4641,351,109,3314,415,0,0,130,0,322,0,460,4181,872.1153425416
66001,5,14369,446,0,5793,1700,0,1399,184,2636,1779,433,446,13924,4756.9927774996
66019,2,5538,754,253,2893,511,10,0,215,234,415,253,1007,4531,1982.0803239582
66027,2,14772,765,290,5695,1575,745,0,1049,270,3585,799,1055,13718,1982.0803239582
66035,3,14493,1472,408,3614,947,375,2546,302,505,3682,642,1880,12613,2616.3460276248
66043,6,11832,601,68,3794,1542,25,2994,397,1739,337,336,669,11164,4281.2934997496
66050,4,12748,931,747,5397,1027,471,0,376,1421,2171,208,1678,11071,3647.0277960830
66068,3,11320,3083,637,3097,1433,235,0,587,293,1217,738,3720,7600,3171.3285183330
66076,2,4111,1439,1038,120,355,0,147,652,220,140,0,2477,1634,1982.0803239582
66084,3,6253,1024,247,3097,774,83,100,248,0,599,82,1271,4983,3171.3285183330
66092,3,4597,461,35,2498,279,0,247,66,647,299,65,496,4101,2695.6292405831
66100,2,7146,1256,516,3347,522,346,43,161,359,543,52,1772,5373,2061.3635369165
66118,2,4678,736,286,2997,290,60,0,0,0,100,210,1022,3657,2140.6467498748
66126,4,56463,3503,608,3880,1884,286,4054,9383,1768,27493,3605,4111,52353,4122.7270738330
66134,2,10061,1662,369,4094,897,284,650,0,0,1282,823,2031,8030,1982.0803239582
66142,5,20804,3816,498,5457,1495,100,1748,532,67,5766,1324,4314,16489,4043.4438608746
66159,4,24087,5843,532,4094,1504,233,2677,2556,167,6317,164,6375,17712,4360.5767127079
66167,5,16599,1615,508,2720,975,416,1026,3157,4319,1231,632,2123,14476,4915.5592034162
66175,5,10614,2639,182,2192,2811,87,0,43,326,524,1810,2821,7793,4836.2759904579
66183,6,7495,1397,834,2192,864,20,369,199,414,1207,0,2231,5265,4915.5592034162
66191,2,19903,5160,336,2192,1896,2168,2177,1331,371,3963,308,5496,14406,2140.6467498748
66209,3,25316,7206,473,2720,1871,4179,2822,249,1262,3329,1207,7679,17639,2695.6292405831
66217,8,16303,3706,564,2720,1517,0,2540,600,2086,2570,0,4270,12033,8324.7373606242
66225,5,64445,5127,2010,2720,4032,106,1014,2864,2867,39977,3727,7137,57307,4360.5767127079
66233,3,13255,1398,334,1562,1027,0,398,2512,83,5767,174,1732,11523,2695.6292405831
66241,3,12231,2782,417,1562,147,653,877,3828,52,1913,0,3199,9032,2695.6292405831
66258,5,8532,1102,1028,2192,1413,52,2088,266,110,130,152,2130,6403,4360.5767127079
66266,2,30388,1955,360,4974,2627,1764,699,2886,5741,7231,2149,2315,28071,1823.5138980415
66274,9,22100,5912,878,2597,1966,1195,1215,493,5115,1311,1416,6790,15308,7135.4891662493
66282,5,25927,3547,521,5668,2178,2863,299,2146,2037,5255,1415,4068,21861,5074.1256293329
66290,1,10922,623,263,4438,703,0,0,1306,210,2389,990,886,10036,1109.9649814166
66308,3,11228,1471,61,4332,987,356,697,403,298,1348,1274,1532,9695,2695.6292405831
66316,4,10910,1080,1037,4183,1313,379,747,222,1442,77,430,2117,8793,3964.1606479163
66324,5,8851,1581,162,1233,912,389,800,79,1465,1908,320,1743,7106,4043.4438608746
66332,6,35093,1702,856,5659,3617,529,267,7434,5212,8283,1534,2558,32535,5470.5416941245
66340,6,19512,2499,1757,6993,1796,147,342,896,2309,2036,737,4256,15256,5391.2584811662
66357,7,20306,3008,614,4253,1526,352,369,287,4740,4784,373,3622,16684,6104.8073977911
66365,9,17324,1499,443,1848,1385,629,0,208,10118,586,608,1942,15382,7531.9052310410
66373,4,13988,2514,874,0,920,368,548,551,3274,3564,1375,3388,10600,3250.6117312914
66381,5,26759,7690,419,8779,1469,604,279,147,4138,2091,1144,8109,18651,4439.8599256663
66399,5,41833,3454,465,7190,4182,687,1018,2202,9895,12139,602,3919,37915,4439.8599256663
66407,5,40067,997,367,4093,4703,197,857,3728,9324,15581,221,1364,38704,4360.5767127079
66415,6,19756,911,162,3943,4070,97,179,3016,3230,3776,373,1073,18684,5866.9577589161
66423,5,44209,1693,271,3943,2471,0,598,1979,635,31642,977,1964,42245,5629.1081200412
66431,5,53918,10108,1605,6293,1502,1152,0,886,17253,12163,2957,11713,42206,5153.4088422912
66449,3,16921,2303,560,6493,2555,557,0,1197,519,994,1744,2863,14059,2854.1956664997
66456,3,11782,1261,69,3596,1398,1035,1585,115,1810,536,377,1330,10452,2616.3460276248
66464,3,12182,1380,33,3058,1013,432,388,1720,130,4029,0,1413,10770,3092.0453053747
66472,5,6777,277,177,5101,4,0,398,1,190,542,87,454,6323,4756.9927774996
66480,5,24135,2505,0,6376,1992,3121,1832,83,5373,2853,0,2505,21630,4439.8599256663
66498,5,37852,4284,973,8740,3415,233,0,316,1360,18071,459,5257,32594,4677.7095645412
66506,3,6450,140,217,3195,1590,0,0,936,175,165,33,357,6094,3012.7620924164
66514,5,28308,6526,429,5392,1860,5279,478,464,4284,3111,485,6955,21353,4043.4438608746
66522,5,19647,2154,480,5267,1618,159,398,312,4028,4217,1013,2634,17012,3964.1606479163
66530,5,23184,3107,156,4053,2460,182,199,911,8387,2760,969,3263,19921,3884.8774349580
66548,4,19182,3826,228,4496,1521,276,558,1040,3730,2480,1028,4054,15129,3647.0277960830
66555,3,22596,3077,386,6693,1432,284,0,105,5456,4484,679,3463,19133,2616.3460276248
66563,2,12519,1157,245,4795,638,113,749,100,430,4140,152,1402,11117,1982.0803239582
66571,4,13046,2202,98,5176,1342,0,0,992,1091,1937,208,2300,10746,4122.7270738330
66589,5,37113,7868,1791,5516,1640,574,712,448,6345,11888,330,9659,27453,4519.1431386246
66597,5,50607,5017,1467,5553,5892,3448,873,1829,12530,13462,537,6484,44124,4598.4263515829
66605,2,11287,1440,396,2518,1275,47,0,276,1,4814,522,1836,9453,1982.0803239582
66613,4,22622,0,0,7992,1676,0,0,1178,3630,7947,200,0,22623,3884.8774349580
66621,2,28872,1980,1072,6893,2339,1902,99,1811,4519,7797,460,3052,25820,1982.0803239582
66639,3,21591,2369,562,6494,838,1949,550,2326,947,5429,127,2931,18660,2616.3460276248
66647,5,25066,1446,1085,6054,1136,100,2490,1,4875,7490,389,2531,22535,3884.8774349580
66654,1,30435,816,945,5501,1980,0,0,1152,618,18403,1021,1761,28675,872.1153425416
66662,1,25868,2172,87,4595,491,0,4034,338,3853,10100,199,2259,23610,1189.2481943749
66670,2,10559,1879,781,3731,1064,0,0,330,2662,100,13,2660,7900,2061.3635369165
66688,2,11238,1556,298,2896,1581,454,647,2079,242,1017,468,1854,9384,1982.0803239582
66696,1,3486,0,0,2802,165,0,0,260,220,40,0,0,3487,872.1153425416
66704,4,10309,207,28,3992,851,0,0,470,3879,875,7,235,10074,3409.1781572080
66712,3,18686,1431,317,4698,1099,304,0,1497,5171,4170,0,1748,16939,3329.8949442497
66720,4,15498,2577,600,4393,1377,476,0,489,3004,1785,797,3177,12321,3884.8774349580
66738,5,6803,516,145,3940,657,33,799,244,260,207,0,661,6140,4994.8424163745
66746,5,15574,2686,925,4040,2114,227,149,1444,1974,1080,935,3611,11963,4915.5592034162
66753,4,16110,2257,567,4030,1309,1062,357,254,4810,1464,0,2824,13286,4043.4438608746
66761,2,8529,435,153,4010,885,43,0,519,180,2089,216,588,7942,1744.2306850832
66779,2,9894,630,106,4007,1054,70,1898,221,877,865,167,736,9159,1823.5138980415
66787,1,5569,798,64,3097,655,43,549,121,83,158,0,862,4706,872.1153425416
66795,5,22788,752,0,4020,2044,360,647,1134,11956,1088,788,752,22037,4994.8424163745
66803,3,11563,1692,1134,4060,1541,167,0,638,1041,895,395,2826,8737,3012.7620924164
66811,4,6146,1841,454,677,1038,91,0,737,240,1069,0,2295,3852,4360.5767127079
66829,2,14864,915,1089,5397,1295,811,41,3433,980,355,547,2004,12859,1982.0803239582
66837,1,10547,2623,179,2361,1297,277,679,1077,1025,490,539,2802,7745,872.1153425416
66845,1,4759,1278,56,1851,711,90,360,374,0,39,0,1334,3425,1109.9649814166
66852,1,4608,434,532,1851,625,190,450,386,0,140,0,966,3642,872.1153425416
66860,1,9112,1662,0,847,632,699,1195,945,450,831,1852,1662,7451,951.3985554999
66878,4,15295,551,520,5397,1468,0,150,1010,349,5850,0,1071,14224,3884.8774349580
66886,4,10244,1460,447,1996,963,257,0,983,2193,1622,322,1907,8336,3647.0277960830
66894,3,23043,3003,421,5397,1540,6841,599,1033,409,3682,116,3424,19617,3171.3285183330
66902,1,3863,121,206,928,108,89,334,1827,144,107,0,327,3537,872.1153425416
66910,1,6397,951,200,2341,694,0,200,1462,220,329,0,1151,5246,872.1153425416
66928,4,14734,3132,794,1199,822,1504,0,353,902,4036,1992,3926,10808,3726.3110090413
66936,1,7324,696,199,2177,868,230,790,1053,268,346,695,895,6427,872.1153425416
66944,2,3191,188,152,1228,426,0,586,181,170,81,180,340,2852,1982.0803239582
66951,11,8742,1307,560,3232,787,62,0,73,2242,120,359,1867,6875,9355.4191290825
66969,4,14074,2212,21,4196,1629,80,0,271,2789,1412,1465,2233,11842,3567.7445831247
66977,3,6370,1166,217,2498,669,0,0,196,542,613,470,1383,4988,2933.4788794581
66985,3,9951,2066,490,2797,751,571,376,269,1004,534,1092,2556,7394,2774.9124535414
66993,2,7708,841,87,2722,759,349,100,1025,649,860,317,928,6781,1982.0803239582
67009,5,14850,1126,659,4903,1119,1089,350,729,755,2894,1227,1785,13066,4836.2759904579
67017,8,16471,604,1588,4225,1854,4622,200,577,1746,701,355,2192,14280,7849.0380828743
67025,1,23339,4275,932,4332,4157,40,0,121,139,2357,6986,5207,18132,1109.9649814166
67033,3,19708,2805,730,4145,2152,499,391,487,1542,5159,1797,3535,16172,2854.1956664997
67041,4,20721,4348,259,5425,1128,178,2189,0,5496,151,1548,4607,16115,4360.5767127079
67058,9,13259,2188,930,3159,1250,305,26,367,3203,1210,619,3118,10139,7294.0555921660
67066,9,18991,2488,578,7908,779,2255,538,263,2663,431,1089,3066,15926,7056.2059532910
67074,5,14512,1557,655,5425,2014,557,0,533,2060,161,1549,2212,12299,5311.9752682078
67082,3,14202,1992,79,4745,1162,0,2296,765,753,610,1801,2071,12132,2616.3460276248
67090,3,18567,1800,262,5839,1240,0,579,664,2390,2140,3654,2062,16506,2774.9124535414
67108,7,12870,1052,383,8944,1012,43,0,460,180,796,0,1435,11435,6104.8073977911
67116,1,14147,412,228,8902,1023,0,524,0,230,2829,0,640,13508,1109.9649814166
67124,1,757,325,0,117,147,0,0,0,0,81,87,325,432,1109.9649814166
67132,4,42169,4576,788,7074,8365,35,709,1601,2939,15605,477,5364,36805,3171.3285183330
67140,1,4280,0,0,3493,308,0,0,48,200,231,0,0,4280,1189.2481943749
67157,3,5761,65,0,3940,582,0,217,206,0,131,620,65,5696,2695.6292405831
67165,4,24049,4090,712,3940,1450,66,1551,866,1857,6188,3330,4802,19248,3488.4613701663
67173,4,21643,3140,1332,3097,1127,1003,0,623,487,10833,0,4472,17170,3884.8774349580
67181,3,7949,758,238,3197,839,549,161,243,1061,631,272,996,6953,2299.2131757915
67199,1,3606,69,0,2395,270,0,0,0,2,50,820,69,3537,1109.9649814166
67207,2,87438,1258,146,3097,526,0,0,0,66667,14744,1000,1404,86034,2140.6467498748
67215,6,34165,2696,1953,2598,1836,5867,0,1045,6223,11784,162,4649,29515,6342.6570366661
67223,4,13590,716,838,2565,1151,3500,450,186,3144,839,202,1554,12037,3409.1781572080
67231,5,21425,5127,864,2565,1494,2221,850,238,4238,2847,981,5991,15434,4915.5592034162
67249,5,8059,1757,1226,2565,708,0,0,742,0,967,94,2983,5076,4519.1431386246
67256,4,27574,3147,304,3233,1813,4871,1270,97,234,9566,3039,3451,24123,3250.6117312914
67264,8,12408,2237,802,2565,1114,854,2530,411,77,1688,130,3039,9369,6659.7898884994
67272,6,19107,2275,1003,1499,1209,110,2530,1144,1181,4832,3324,3278,15829,5866.9577589161
67280,7,39623,2525,1203,4876,1535,5089,1878,53,9388,11954,1121,3728,35894,7056.2059532910
67298,6,33546,5547,1135,2565,2805,1129,947,9700,4009,4355,1353,6682,26863,5787.6745459578
67306,6,23348,4635,0,2565,2201,100,2867,164,700,9329,786,4635,18712,5074.1256293329
67314,2,6079,845,137,75,547,1392,2004,88,216,725,50,982,5097,1744.2306850832
67322,2,27753,2308,773,2098,1594,3953,398,140,1661,14234,594,3081,24672,1982.0803239582
67330,2,20159,5648,795,2897,2612,2511,349,3113,180,1869,186,6443,13717,1982.0803239582
67348,2,9734,1025,1346,2328,903,150,0,2140,120,511,1212,2371,7364,1982.0803239582
67355,3,11789,2237,1023,3769,1533,50,0,1403,235,1434,106,3260,8530,3171.3285183330
67363,1,13016,844,70,1494,548,0,0,165,466,9378,52,914,12103,872.1153425416
67371,9,42686,12623,2908,2565,1472,4016,87,1825,9583,3454,4153,15531,27155,8959.0030642908
67389,1,4742,1753,231,1449,153,113,159,282,273,204,126,1984,2759,872.1153425416
67397,2,6842,1653,427,3155,811,73,0,217,167,250,89,2080,4762,1982.0803239582
67405,2,3873,2029,853,67,302,0,0,145,0,390,87,2882,991,1982.0803239582
67413,3,21868,3290,1734,4479,1857,782,0,427,1787,7469,43,5024,16844,2933.4788794581
67421,2,11928,1225,549,3112,1298,255,0,529,100,3472,1389,1774,10155,2061.3635369165
67439,1,18970,2138,373,2519,588,121,0,3550,2150,7530,0,2511,16458,1109.9649814166
67447,5,16171,1300,98,2300,784,216,1604,126,3865,5187,689,1398,14771,4122.7270738330
67454,3,7189,1821,809,1892,734,125,400,609,0,666,133,2630,4559,3092.0453053747
67462,3,3276,986,459,151,275,500,0,386,215,305,0,1445,1832,3012.7620924164
67470,2,8436,1163,147,3569,449,23,0,176,1744,355,810,1310,7126,1902.7971109998
67488,2,13367,52,0,3202,2015,865,1674,164,1,5394,0,52,13315,2061.3635369165
67496,6,6622,125,238,3834,1763,73,50,0,220,319,0,363,6259,5866.9577589161
67504,5,32448,5230,670,5034,1637,245,1987,1632,2573,12377,1062,5900,26547,4519.1431386246
67512,5,19142,2707,663,3871,1795,2707,1251,706,2116,1611,1716,3370,15773,5311.9752682078
67520,6,23264,8212,862,3088,1719,843,0,306,3929,3037,1269,9074,14191,4677.7095645412
67538,4,26258,3013,821,6350,2980,561,1508,80,3498,7143,305,3834,22425,4043.4438608746
67546,2,36057,1749,708,2115,1848,803,0,331,1561,23947,2995,2457,33600,1982.0803239582
67553,4,17414,3485,766,3839,3440,239,0,1467,1937,1771,471,4251,13164,4360.5767127079
67561,5,17189,832,30,4579,3274,253,498,1980,1876,3760,108,862,16328,4915.5592034162
67579,2,6348,2024,589,2627,450,108,100,194,67,60,130,2613,3736,1982.0803239582
67587,2,11835,1774,519,2527,568,576,0,332,289,3642,1608,2293,9542,1982.0803239582
67595,2,4463,1138,122,2115,162,57,0,133,516,220,0,1260,3203,1982.0803239582
67603,3,6852,614,308,2794,623,43,373,299,198,1461,139,922,5930,2854.1956664997
67611,4,17463,1920,54,3797,1818,211,0,161,4616,2114,2772,1974,15489,3171.3285183330
67629,3,8454,1539,464,2379,1087,185,444,204,1110,643,399,2003,6451,2933.4788794581
67637,3,4957,0,0,2115,698,47,108,192,926,808,64,0,4958,2695.6292405831
67645,3,7295,1086,407,2527,844,841,0,261,867,463,0,1493,5803,2774.9124535414
67652,3,25155,621,106,2527,2914,7667,0,1570,1531,4291,3929,727,24429,3171.3285183330
67660,1,1187,0,0,1099,50,38,0,0,0,0,0,0,1187,872.1153425416
67678,2,13419,2407,1029,2208,1501,2423,590,544,158,549,2010,3436,9983,1982.0803239582
67686,2,12616,2406,537,3944,1301,0,0,1289,2369,770,0,2943,9673,1982.0803239582
67694,2,9813,1335,320,3996,1667,140,472,467,232,1154,30,1655,8158,1982.0803239582
67702,5,22230,3074,545,4307,1840,1066,200,691,4729,5523,255,3619,18611,4439.8599256663
67710,2,8409,2025,178,1956,522,0,0,1628,579,1522,0,2203,6207,2061.3635369165
67728,1,7307,1782,173,1896,502,87,0,1667,0,147,1053,1955,5352,1109.9649814166
67736,2,8596,880,616,1297,2290,136,300,1501,50,118,1409,1496,7101,1982.0803239582
67744,5,29118,1572,766,2261,1614,83,1295,776,3730,16508,514,2338,26781,4677.7095645412
67751,3,8376,2538,737,1796,692,0,0,1690,204,286,431,3275,5099,2854.1956664997
67769,2,21165,1178,1535,3936,3281,0,708,410,0,10041,77,2713,18453,1982.0803239582
67777,1,7857,1458,1025,1896,464,999,983,753,150,62,67,2483,5374,1109.9649814166
67785,4,18970,1231,267,3769,1255,1447,2171,416,4287,3340,787,1498,17472,3250.6117312914
67793,4,11206,1333,91,3792,1344,333,688,560,1545,1338,182,1424,9782,3329.8949442497
67801,2,5837,1487,877,1996,478,56,0,140,15,589,200,2364,3474,1982.0803239582
67819,1,5543,271,87,2495,334,350,0,0,599,1408,0,358,5186,872.1153425416
67827,2,8996,2148,411,2146,315,2039,173,494,689,139,442,2559,6437,2140.6467498748
67835,4,16606,2927,255,3769,1268,296,898,814,4068,1507,804,3182,13424,3884.8774349580
67843,3,9561,1105,392,2512,849,77,389,595,842,2802,0,1497,8066,3012.7620924164
67850,2,8436,1555,275,3240,1300,70,0,200,80,1313,403,1830,6606,2219.9299628331
67868,6,16383,1317,398,6159,1772,447,300,352,3567,1666,405,1715,14668,5074.1256293329
67876,2,19639,2940,608,5755,2342,230,0,2396,2386,2564,417,3548,16090,2299.2131757915
67884,3,16802,2053,517,5813,2039,56,459,330,1368,3176,991,2570,14232,3171.3285183330
67892,5,13491,1468,277,3261,830,2334,1189,428,637,2092,975,1745,11746,4519.1431386246
67900,1,6988,706,7,3261,518,667,0,777,493,110,450,713,6276,872.1153425416
67918,4,34310,3153,750,3834,1128,0,0,1328,21938,1592,587,3903,30407,4122.7270738330
67926,4,21431,2518,342,5385,1845,1819,0,631,3169,5656,64,2860,18569,3647.0277960830
67934,4,7631,591,0,3327,982,100,300,0,1523,440,367,591,7039,4043.4438608746
67942,2,12407,653,472,3261,7263,0,200,354,96,65,43,1125,11282,1744.2306850832
67959,4,19757,1083,352,4042,2344,151,400,2158,1523,7601,103,1435,18322,4360.5767127079
67967,2,17592,3863,2369,5265,2060,811,1110,903,486,579,146,6232,11360,1982.0803239582
67975,4,23719,5106,1343,2130,1302,1106,3721,188,3761,3259,1803,6449,17270,4122.7270738330
67983,8,29249,3563,1738,2623,3306,952,4062,5240,2170,3448,2147,5301,23948,8324.7373606242
67991,6,13222,2957,1237,4591,1472,304,299,409,1265,529,158,4194,9027,6263.3738237078
68007,3,13659,1661,736,3785,579,0,0,819,2675,3405,0,2397,11263,2774.9124535414
68015,3,20368,522,800,3691,665,0,2928,1548,1793,7798,622,1322,19045,2774.9124535414
68023,5,17809,2552,1909,5630,1390,1345,200,260,1680,2510,332,4461,13347,5074.1256293329
68031,2,14320,985,1762,4332,995,299,330,1442,259,3757,159,2747,11573,1982.0803239582
68049,4,18795,3394,1227,4980,1424,296,749,1041,4103,1029,551,4621,14173,3964.1606479163
68056,2,29963,1521,302,5630,1632,2470,608,265,445,16908,180,1823,28138,1982.0803239582
68064,1,8323,590,306,4432,1002,37,0,597,938,421,0,896,7427,872.1153425416
68072,1,4455,1007,0,1992,178,0,0,0,1,459,818,1007,3448,1189.2481943749
68080,3,8747,1283,512,3691,841,400,0,680,465,874,0,1795,6951,2695.6292405831
68098,2,17768,1735,546,3497,1101,1544,0,104,752,8488,0,2281,15486,2140.6467498748
68106,1,4857,664,0,3691,471,0,0,0,0,31,0,664,4193,872.1153425416
68114,4,15936,3211,724,3486,1459,482,1414,0,2335,2491,333,3935,12000,3884.8774349580
68122,1,10896,782,64,3691,642,185,0,250,153,5128,0,846,10049,1189.2481943749
68130,2,11471,1571,0,3691,5585,0,0,186,230,122,87,1571,9901,1744.2306850832
68148,1,4328,1086,208,1943,730,0,0,170,0,190,0,1294,3033,872.1153425416
68155,4,23670,1462,1431,6076,1745,6096,170,1148,1160,4302,82,2893,20779,3884.8774349580
68163,3,17034,3270,1402,2243,1192,339,0,817,1979,4674,1119,4672,12363,2933.4788794581
68171,4,21396,150,0,4332,1047,4931,184,370,8198,1595,589,150,21246,3250.6117312914
68189,2,22132,3783,1216,4418,1129,1568,279,4748,739,3926,326,4999,17133,1982.0803239582
68197,4,17069,739,499,4332,1413,173,456,634,3263,4324,1235,1238,15830,3409.1781572080
68205,1,5472,642,273,3497,599,0,0,111,0,349,0,915,4556,872.1153425416
68213,2,16328,1823,628,3497,1084,175,923,1033,2324,4212,629,2451,13877,1982.0803239582
68221,2,14507,1499,921,3881,2327,992,349,2440,1017,830,251,2420,12087,1982.0803239582
68239,4,13713,3763,546,3696,936,87,0,319,2485,1880,0,4309,9403,3171.3285183330
68247,5,9655,941,75,5630,1628,109,43,0,410,594,226,1016,8640,5549.8249070828
68254,2,21400,5910,209,4346,702,2207,303,1864,280,4248,1331,6119,15281,2061.3635369165
68262,4,16293,1786,52,5668,1666,203,2866,1474,1777,1,800,1838,14455,3805.5942219997
68270,4,12889,3630,752,4391,1210,201,43,312,832,1221,295,4382,8505,3647.0277960830
68288,5,18844,3860,328,5295,1363,168,52,654,397,6468,260,4188,14657,4915.5592034162
68296,4,6755,251,0,3138,603,1328,149,0,799,486,0,251,6503,3329.8949442497
68304,2,13275,1862,175,3543,532,33,1680,1778,313,3360,0,2037,11239,2140.6467498748
68312,6,47486,3606,719,5090,2830,7631,3197,1253,6573,6467,10119,4325,43160,4994.8424163745
68320,1,24078,2893,306,7250,3367,313,338,1492,1311,6807,0,3199,20878,1109.9649814166
68338,4,28492,3576,1138,8436,1607,0,30,1911,4874,2071,4849,4714,23778,3726.3110090413
68346,5,23602,2616,104,7586,2894,992,869,4607,1808,1708,420,2720,20884,5629.1081200412
68353,2,28480,1689,164,7759,1920,471,0,1234,3686,11210,347,1853,26627,1982.0803239582
68361,2,11232,902,538,7335,1035,0,287,191,402,268,274,1440,9792,2140.6467498748
68379,1,11613,3711,0,3138,1338,721,0,1360,250,62,1033,3711,7902,1109.9649814166
68387,4,35260,3541,578,5668,2298,594,712,283,5673,14620,1293,4119,31141,3171.3285183330
68395,1,6775,1474,0,2498,727,0,0,0,0,1244,833,1474,5302,1109.9649814166
68403,2,25741,2959,28,5195,598,0,1119,308,87,14624,825,2987,22756,2140.6467498748
68411,4,17695,2025,568,3056,1595,2809,896,130,610,5808,198,2593,15102,3171.3285183330
68429,5,26232,1539,754,4401,1124,582,448,2468,4537,9448,932,2293,23940,4756.9927774996
68437,1,5344,863,113,2513,787,248,309,122,120,209,60,976,4368,1109.9649814166
68445,9,15079,2266,352,4145,1403,30,537,830,5036,143,338,2618,12462,9434.7023420408
68452,9,19274,2951,645,5542,2296,177,719,1506,1747,2291,1399,3596,15677,8562.5869994992
68460,4,11383,500,131,3459,813,1758,555,114,3417,321,315,631,10752,3250.6117312914
68478,5,9452,1106,126,3489,815,0,142,190,1362,1492,728,1232,8218,4043.4438608746
68486,5,10917,1194,156,3459,682,224,619,1319,1741,1132,389,1350,9565,5311.9752682078
68494,6,8749,390,217,3992,545,0,200,469,1524,1351,60,607,8141,4677.7095645412
68502,3,20662,784,204,6684,2898,153,0,1197,2055,6628,59,988,19674,2933.4788794581
68510,1,11760,1113,688,4395,505,233,1345,240,861,754,1625,1801,9958,872.1153425416
68528,4,9158,1147,177,3194,1229,91,0,0,177,3091,52,1324,7834,3647.0277960830
68536,7,27702,1887,1142,5487,2671,333,1118,618,4880,9147,419,3029,24673,6421.9402496244
68544,2,7453,810,455,3472,912,0,0,336,678,546,243,1265,6187,1744.2306850832
68551,4,20400,4105,253,4796,2309,60,1200,145,5143,1903,486,4358,16042,3171.3285183330
68569,3,45889,5447,238,6700,3810,2819,1696,3286,5209,12700,3985,5685,40205,2616.3460276248
68577,3,20382,1170,1129,4995,1584,0,0,3383,3596,4326,200,2299,18084,3171.3285183330
68585,3,49658,5148,1465,8939,4486,3835,2398,2273,2824,13794,4496,6613,43045,3092.0453053747
68593,3,16866,1383,301,5398,5003,58,282,800,2837,802,0,1684,15180,2774.9124535414
68601,2,28924,3213,1151,8403,2668,788,3133,1913,1598,5722,333,4364,24558,1982.0803239582
68619,7,57797,3822,883,8446,2946,116,1522,4013,14413,20548,1086,4705,53090,6342.6570366661
68627,4,20050,2801,736,5348,1396,303,719,1529,3800,3244,174,3537,16513,3567.7445831247
68635,1,4248,645,0,1474,441,0,0,334,1062,218,74,645,3603,951.3985554999
68643,1,1234,325,0,0,565,0,0,147,0,1,195,325,908,951.3985554999
68650,1,5753,904,0,1469,332,0,777,304,1966,1,0,904,4849,951.3985554999
68668,1,2354,442,0,0,351,0,239,1,65,70,1185,442,1911,951.3985554999
68676,2,19590,1244,0,4719,977,233,300,1903,5072,2640,2501,1244,18345,1664.9474721248
68684,4,28577,5399,999,6169,4612,2645,350,1509,3227,3668,0,6398,22180,3329.8949442497
68692,2,11285,1183,863,4273,2373,169,150,1473,362,439,0,2046,9239,1982.0803239582
68700,4,20656,4327,620,4558,2976,26,0,956,4762,1689,743,4947,15710,3329.8949442497
68718,3,14131,2097,439,4558,1502,1092,300,981,1210,1332,618,2536,11593,2695.6292405831
68726,5,37631,650,477,5971,1670,267,999,189,2822,24272,314,1127,36504,4043.4438608746
68734,3,21698,1549,911,5060,1390,163,769,1188,2610,7529,528,2460,19237,2774.9124535414
68759,2,12013,1340,1460,4219,1939,53,0,584,210,2008,200,2800,9213,1982.0803239582
68767,3,12762,3963,512,3183,1147,2331,0,388,269,836,131,4475,8285,3171.3285183330
68775,2,10393,1285,566,2593,1094,87,152,698,615,2793,511,1851,8543,2140.6467498748
68783,3,11106,0,0,4995,5491,0,0,182,319,120,0,0,11107,2854.1956664997
68791,3,29272,4265,1214,5574,6907,150,1644,269,3796,5132,318,5479,23790,2933.4788794581
68809,2,9898,1433,866,3183,983,0,0,151,325,1780,1177,2299,7599,2299.2131757915
68817,3,3724,0,0,2295,450,200,0,326,207,246,0,0,3724,2774.9124535414
68825,3,29020,6989,243,2192,189,686,2164,181,1744,12258,2374,7232,21788,2695.6292405831
68833,7,45364,7697,720,2192,3975,2286,4166,887,7335,11797,4308,8417,36946,7135.4891662493
68841,5,21011,2660,155,2720,1678,390,480,708,2245,8175,1800,2815,18196,5391.2584811662
68858,4,21422,8088,633,2192,818,423,2695,66,2363,3393,751,8721,12701,3250.6117312914
68866,2,8835,1878,1743,1614,313,1195,0,652,0,1439,0,3621,5213,1982.0803239582
68874,3,7571,2151,1055,1600,728,0,0,978,0,330,730,3206,4366,3012.7620924164
68882,3,18417,6965,1041,2036,1171,190,400,1194,376,4315,730,8006,10412,3171.3285183330
68890,6,7648,1596,104,2036,1411,66,509,72,433,900,520,1700,5947,5470.5416941245
68908,3,9762,1006,325,2036,1373,128,547,688,0,1083,2576,1331,8431,2933.4788794581
68916,4,18161,3286,946,2241,1722,0,2429,48,2233,4692,564,4232,13929,4360.5767127079
68924,5,12835,2405,560,2326,1041,599,596,279,836,3845,347,2965,9869,4043.4438608746
68932,1,12166,624,140,5387,1236,0,0,3248,1031,500,0,764,11402,1109.9649814166
68940,1,12663,821,648,5485,1683,243,0,3063,308,264,147,1469,11193,872.1153425416
68957,3,3017,1283,90,0,658,157,430,325,0,73,0,1373,1643,2854.1956664997
68965,4,6722,2335,685,0,722,0,799,4,278,1661,239,3020,3703,3805.5942219997
68973,5,24123,3074,718,5999,2743,136,1995,3412,3182,2829,34,3792,20330,4439.8599256663
68981,5,18878,3740,349,4196,947,40,1793,1192,3298,3216,108,4089,14790,4439.8599256663
68999,4,25465,3839,644,9017,2491,0,729,804,2861,5058,22,4483,20982,3329.8949442497
69005,7,41058,5426,1437,5457,1516,100,3500,0,150,20412,3060,6863,34195,6421.9402496244
69013,5,34346,3641,113,5457,1859,6359,2360,734,1785,9734,2303,3754,30591,4677.7095645412
69021,4,49662,7046,901,5457,2647,1521,999,1338,3326,25718,708,7947,41714,4202.0102867913
69039,1,18378,2044,631,9002,1691,2331,0,333,818,1510,19,2675,15704,1109.9649814166
69047,3,10521,912,605,3400,1707,96,1289,306,1795,151,260,1517,9004,2140.6467498748
69054,2,18325,2506,910,7618,1084,175,1184,359,597,3539,353,3416,14909,1982.0803239582
69062,2,9290,2004,172,5694,814,0,0,49,281,224,52,2176,7114,2061.3635369165
69070,2,14677,830,777,6494,301,498,2251,401,1198,1628,300,1607,13071,1902.7971109998
69088,7,21268,6746,130,1649,1044,0,1574,117,233,7605,2170,6876,14392,5391.2584811662
69096,2,12952,1102,477,4306,843,1205,0,1736,1628,1273,382,1579,11373,1982.0803239582
69104,3,23828,6856,1076,3939,3723,1166,1071,558,83,2409,2947,7932,15896,3171.3285183330
69112,3,23265,2075,789,3595,2269,3266,3287,2008,1671,2915,1391,2864,20402,2695.6292405831
69120,4,17868,1982,750,2192,5825,1598,0,0,1880,3451,190,2732,15136,3488.4613701663
69138,4,12320,2194,729,2192,916,406,999,651,626,2263,1344,2923,9397,3884.8774349580
69146,2,6710,1180,624,1562,1061,43,0,1518,60,120,542,1804,4906,2061.3635369165
69153,5,24341,4569,857,2720,2295,0,2013,730,0,4066,7090,5426,18914,5311.9752682078
69161,5,44061,5609,1135,2720,1042,664,3147,388,8221,6607,14527,6744,37316,5391.2584811662
69179,4,8251,1084,256,2192,623,50,579,2772,563,50,82,1340,6911,3488.4613701663
69187,2,19700,3643,217,2192,308,0,2831,936,828,7682,1062,3860,15839,2140.6467498748
69195,5,18686,8413,1661,2192,1816,0,0,370,724,2056,1454,10074,8612,5232.6920552495
69203,5,10792,1370,108,2192,1065,416,609,334,1558,1533,1605,1478,9312,5391.2584811662
69211,3,16279,3651,928,2720,1737,100,500,267,3067,2880,429,4579,11700,2854.1956664997
69229,6,9047,2316,278,2192,1420,100,100,0,133,1750,759,2594,6454,5787.6745459578
69237,3,10913,2893,764,2682,500,1059,0,425,1034,1556,0,3657,7256,2933.4788794581
69245,3,50477,3019,499,27020,2037,7178,416,2517,5619,2171,0,3518,46958,3171.3285183330
69252,1,24376,4608,346,9086,3490,656,269,592,3187,1974,169,4954,19423,1109.9649814166
69260,2,18917,2652,561,2198,961,30,149,6418,1556,3774,618,3213,15704,2061.3635369165
69278,1,9580,394,17,3012,264,4217,0,1,1026,560,90,411,9170,1189.2481943749
69286,5,44449,7581,1493,17053,3139,0,278,2514,3563,7844,983,9074,35374,5708.3913329995
69294,4,13354,1080,352,3084,1325,0,500,2770,2290,1726,227,1432,11922,3805.5942219997
69302,1,8779,169,40,2994,854,117,0,223,461,3921,0,209,8570,1109.9649814166
69310,3,15256,3273,783,3106,1801,176,275,1719,2047,1412,664,4056,11200,2933.4788794581
69328,1,7418,132,43,5298,1438,0,0,426,1,80,0,175,7243,872.1153425416
69336,7,66345,5418,1129,8614,11551,1435,1180,9783,2978,21630,2628,6547,59799,6739.0731014577
69344,3,16956,2760,648,5428,991,133,229,2726,1881,1707,452,3408,13547,3250.6117312914
69351,5,13390,538,0,4641,1882,60,936,863,2509,1961,0,538,12852,4836.2759904579
69369,1,25215,1116,0,7151,3041,4699,129,1868,2614,4597,0,1116,24099,872.1153425416
69377,2,21978,3631,1032,7543,2061,1264,0,1077,3097,1776,498,4663,17316,1982.0803239582
69385,5,25711,4455,619,9170,6267,60,618,1776,1860,887,0,5074,20638,5153.4088422912
69393,1,51596,8870,678,11577,4277,588,1701,3436,10328,7808,2332,9548,42047,1189.2481943749
69401,2,17043,1437,289,7046,3979,126,40,478,3007,454,187,1726,15317,1982.0803239582
69419,1,22922,2572,405,7250,3609,4462,229,962,811,2067,555,2977,19945,872.1153425416
69427,2,15353,2818,398,4558,1506,43,0,996,3654,1061,319,3216,12137,1902.7971109998
69435,5,33422,6626,1944,8134,4311,730,976,779,4458,4303,1161,8570,24852,5232.6920552495
69443,6,23712,3102,502,5899,3429,366,0,359,3016,6959,82,3604,20110,5470.5416941245
69450,4,22239,2074,282,6543,2202,483,0,1749,2446,3064,3397,2356,19884,4043.4438608746
69468,2,17782,1812,718,6313,2067,758,0,1821,90,4020,184,2530,15253,1982.0803239582
69476,4,23538,1375,874,6563,2824,0,0,2581,1773,6952,596,2249,21289,3805.5942219997
69484,4,18794,1518,499,3488,1200,989,2038,1104,3857,3952,150,2017,16778,3409.1781572080
69492,6,25975,1859,247,8902,4110,310,0,862,5570,2954,1160,2106,23868,5549.8249070828
69500,4,32026,3451,304,5387,9505,4620,212,911,6305,1330,0,3755,28270,3171.3285183330
69518,2,18217,3187,1658,7227,1986,219,179,1780,371,641,970,4845,13373,1982.0803239582
69526,4,34015,11033,679,8902,2716,496,818,530,1684,6250,906,11712,22302,4122.7270738330
69534,4,25668,4656,770,3355,2121,1909,0,1552,1045,9762,500,5426,20244,3964.1606479163
69542,2,116842,2703,69,3240,2299,88355,665,486,7173,8432,3421,2772,114071,1982.0803239582
69559,5,19248,1770,1152,4234,3079,0,300,562,2904,5247,0,2922,16326,5311.9752682078
69567,1,2225,528,43,0,100,0,39,1,679,835,0,571,1654,951.3985554999
69575,1,12194,356,0,0,141,109,199,1,4094,7294,0,356,11838,951.3985554999
69583,1,4807,1542,100,0,85,57,689,531,1180,128,496,1642,3166,951.3985554999
69591,1,2918,0,0,0,205,5,200,0,911,1228,368,0,2917,951.3985554999
69609,1,1163,411,57,0,26,3,0,11,200,439,15,468,694,951.3985554999
69617,1,2488,868,0,0,25,0,120,121,0,834,520,868,1620,951.3985554999
69625,6,23110,4894,1378,4120,3515,234,1199,480,2102,4339,850,6272,16839,5311.9752682078
69633,1,8233,1161,52,2574,3577,130,0,287,342,110,0,1213,7020,872.1153425416
69641,5,40071,3154,564,4050,1470,3168,1222,1807,3815,17401,3419,3718,36352,4836.2759904579
69658,5,43374,7674,522,4334,2425,320,1436,14189,4280,5871,2322,8196,35177,5311.9752682078
69666,4,21767,329,0,4044,3112,1167,200,869,2647,9400,0,329,21439,3884.8774349580
69674,5,29492,1905,478,4645,2858,629,225,1452,4363,12074,862,2383,27108,3964.1606479163
69682,5,26424,1456,1218,7760,1965,521,229,1619,3307,5321,3027,2674,23749,5153.4088422912
69690,5,22562,1869,950,4324,2602,2940,0,678,1664,7466,70,2819,19744,5311.9752682078
69708,4,23054,1279,373,4694,1320,65,149,489,4372,10311,0,1652,21400,3329.8949442497
69716,2,12135,724,351,452,1202,2198,498,3834,1726,1150,0,1075,11060,2061.3635369165
69724,2,6689,167,162,2098,486,39,0,432,200,2973,133,329,6361,1902.7971109998
69732,6,53859,3503,1395,4870,5116,7475,1478,2873,7194,18784,1171,4898,48961,5708.3913329995
69740,6,23272,4504,158,4085,1820,3330,878,1354,0,4229,2914,4662,18610,6025.5241848328
69757,1,6420,848,221,3335,742,266,200,585,0,50,173,1069,5351,1109.9649814166
69765,1,6372,2212,304,2727,345,67,0,466,0,95,156,2516,3856,872.1153425416
69773,7,24494,4392,1067,4085,2417,2484,2547,1460,798,3247,1996,5459,19034,5787.6745459578
69781,6,16447,2524,1053,4085,1365,143,948,392,1944,2964,1029,3577,12870,6342.6570366661
69799,2,6313,1643,331,2021,993,67,0,1068,0,60,131,1974,4340,1982.0803239582
69807,3,10514,321,209,4296,442,0,1199,117,3762,169,0,530,9985,1982.0803239582
69815,5,22828,1565,730,5933,2387,49,598,361,7254,3639,310,2295,20531,5074.1256293329
69823,6,23577,1671,61,4293,3687,101,1119,821,2711,8776,338,1732,21846,5946.2409718745
69831,3,14493,2962,811,5956,1417,326,0,548,276,781,1417,3773,10721,2854.1956664997
69849,2,17346,4291,998,6143,2044,96,130,584,1617,829,615,5289,12058,1982.0803239582
69856,1,10772,959,463,4533,1324,0,0,380,225,2889,0,1422,9351,872.1153425416
69864,2,13407,1128,1294,3665,918,2076,1397,1159,513,693,564,2422,10985,1982.0803239582
69872,2,12718,1153,676,4970,1439,364,194,656,719,2448,100,1829,10890,1982.0803239582
69880,6,20655,1350,511,8109,3213,333,0,682,3576,2715,166,1861,18794,5311.9752682078
69898,5,19551,2480,752,5813,2671,0,3123,919,2248,1545,0,3232,16319,5153.4088422912
69906,4,16390,1270,671,5743,2073,60,260,1727,1031,3369,185,1941,14448,4360.5767127079
69914,3,15516,1442,73,4419,1990,216,749,1271,3360,1829,168,1515,14002,2695.6292405831
69922,3,20447,2305,540,6587,1339,677,1199,676,4858,1735,532,2845,17603,2616.3460276248
69948,4,16948,1231,911,3729,1383,1064,819,1193,5306,1090,222,2142,14806,3409.1781572080
69955,4,23973,1420,110,4293,2303,90,0,562,3249,11441,505,1530,22443,3567.7445831247
69963,4,5404,2086,331,180,734,52,0,0,718,1138,165,2417,2987,3409.1781572080
69971,1,6249,204,131,3992,537,0,0,1168,0,138,80,335,5915,872.1153425416
69989,2,7710,0,0,3689,1529,70,999,162,944,317,0,0,7710,2140.6467498748
69997,4,13925,0,0,6056,1205,60,620,1379,1794,2307,502,0,13923,4360.5767127079
70003,7,49269,2160,0,2130,8042,4322,200,4976,1365,14742,11332,2160,47109,7452.6220180827
70011,6,27607,5486,1840,2840,2650,0,0,4432,4678,4467,1214,7326,20281,6818.3563144160
70029,5,21940,5507,867,2840,841,1760,4436,217,1015,3455,1001,6374,15565,4994.8424163745
70037,1,5630,415,89,2623,589,0,300,789,0,127,698,504,5126,1109.9649814166
70045,5,17433,5064,416,2130,1147,133,250,1282,2181,4759,70,5480,11952,3726.3110090413
70052,4,9416,896,515,2130,666,98,949,1768,414,1200,781,1411,8006,3964.1606479163
70060,7,26298,4720,386,3927,2659,445,1225,1432,6737,4241,527,5106,21193,6342.6570366661
70078,8,22940,3427,511,4496,2529,2517,929,239,1513,4958,1822,3938,19003,6580.5066755411
70086,6,20154,2068,333,4027,1431,373,1356,1346,3655,5346,219,2401,17753,5946.2409718745
70094,5,7473,1720,222,1998,41,64,0,114,2296,414,605,1942,5532,3726.3110090413
70102,5,22415,1777,446,3927,1587,437,2250,897,6684,2139,2272,2223,20193,5311.9752682078
70110,7,33055,695,0,4077,6201,8691,899,2290,7783,1705,715,695,32361,7056.2059532910
70128,2,6330,503,109,2695,412,0,0,1755,204,392,261,612,5719,1982.0803239582
70136,5,30156,6585,78,8238,1487,279,497,1416,7216,4315,45,6663,23493,5311.9752682078
70144,1,7632,482,259,5090,569,0,100,350,411,347,23,741,6890,872.1153425416
70151,2,24978,1732,142,6142,1452,0,250,4266,3814,6849,331,1874,23104,1982.0803239582
70169,3,16798,1460,118,5617,948,1996,250,2313,1377,1992,728,1578,15221,3092.0453053747
70177,3,32878,4059,0,8297,1226,812,2107,1583,3557,9584,1652,4059,28818,2616.3460276248
70185,2,73366,6760,2048,11558,3680,0,1161,3515,7273,36892,479,8808,64558,1982.0803239582
70193,2,16107,2301,347,6926,5981,0,0,293,157,103,0,2648,13460,1744.2306850832
70201,1,7149,500,205,4361,787,90,60,345,269,98,434,705,6444,872.1153425416
70219,1,18996,4779,143,4192,496,4702,0,1513,518,1467,1186,4922,14074,1189.2481943749
70227,2,17629,2154,393,3693,709,26,1207,249,359,8730,109,2547,15082,2061.3635369165
70235,2,9826,754,198,5020,748,0,150,2186,422,163,186,952,8875,1982.0803239582
70243,3,14325,1890,753,4691,1034,270,549,3550,526,679,384,2643,11683,2854.1956664997
70250,1,16567,1955,346,9807,809,0,0,171,666,1147,1665,2301,14265,1109.9649814166
70268,1,10576,777,478,4314,823,0,699,508,1038,1472,467,1255,9321,1109.9649814166
70276,4,36109,1211,0,8570,4766,1665,2066,3500,1700,11966,666,1211,34899,4360.5767127079
70284,5,24628,3862,389,5498,3704,316,1399,2154,1479,5827,0,4251,20377,5153.4088422912
70292,1,18033,2338,273,5728,5957,95,208,522,302,1613,997,2611,15422,872.1153425416
70300,3,17573,993,495,4161,1224,4628,0,529,1603,2241,1700,1488,16086,2854.1956664997
70318,1,21645,6561,1148,2797,902,467,598,2784,1669,4110,608,7709,13935,1189.2481943749
70326,5,21475,2757,451,4283,3614,345,77,1024,2337,5768,819,3208,18267,4756.9927774996
70334,4,25985,4972,379,2925,1100,275,622,86,5598,8621,1406,5351,20633,3171.3285183330
70342,2,12981,3147,1161,2896,1768,87,219,250,383,641,2430,4308,8674,2061.3635369165
70359,5,16553,3944,864,2925,1392,340,598,1534,3257,1539,160,4808,11745,4915.5592034162
70367,4,5939,1051,65,2251,695,116,0,237,560,964,0,1116,4823,3884.8774349580
70375,1,4689,308,321,3472,164,0,0,319,0,105,0,629,4060,1109.9649814166
70383,7,11225,2836,404,4296,741,145,269,877,1398,173,87,3240,7986,6104.8073977911
70391,1,12878,3587,165,3526,2209,321,39,1781,270,244,737,3752,9127,872.1153425416
70409,2,10640,1759,1235,4296,960,260,0,0,259,1770,100,2994,7645,1982.0803239582
70417,2,21151,2587,1003,3593,1409,1737,695,1512,511,7664,440,3590,17561,1982.0803239582
70425,2,16606,5662,1322,3456,1703,599,0,2233,403,852,376,6984,9622,1982.0803239582
70433,5,10583,832,658,5668,1682,86,0,445,601,525,86,1490,9093,4915.5592034162
70441,1,7143,315,347,3472,813,60,130,412,372,1222,0,662,6481,872.1153425416
70458,6,28788,3004,640,4722,2782,27,2420,976,4378,9840,0,3644,25145,5787.6745459578
70466,1,5200,1245,338,1707,641,168,79,1,478,543,0,1583,3617,951.3985554999
70474,6,5105,1496,465,503,596,0,100,0,1364,580,0,1961,3143,4519.1431386246
70482,4,15833,5011,715,2498,634,0,599,322,610,3845,1598,5726,10106,4519.1431386246
70490,2,22365,1535,191,2838,642,920,879,1099,765,13496,0,1726,20639,1982.0803239582
70508,4,14768,1732,259,2539,1034,736,300,2587,639,3775,1167,1991,12777,3884.8774349580
70516,1,46960,932,376,2584,675,44,0,183,1106,1538,39522,1308,45652,1189.2481943749
70524,6,18669,2585,692,3225,1047,2602,1245,1034,3729,2246,266,3277,15394,5153.4088422912
70532,1,9273,449,167,3835,662,223,0,221,977,2738,0,616,8656,872.1153425416
70540,2,5827,721,173,2498,774,0,0,612,286,763,0,894,4933,1982.0803239582
70557,2,4724,462,152,2498,812,0,127,0,159,514,0,614,4110,1744.2306850832
70565,9,4406,1152,234,150,431,0,0,390,1839,210,0,1386,3020,7056.2059532910
70573,2,13540,1090,787,4236,2168,772,0,850,2218,1420,0,1877,11664,1982.0803239582
70581,2,7525,346,108,5487,847,0,0,737,0,0,0,454,7071,1982.0803239582
70599,6,31656,1178,338,5600,1978,0,0,514,1801,20015,233,1516,30141,6025.5241848328
70607,2,13876,1636,697,5487,1178,136,280,1250,765,2403,45,2333,11544,1982.0803239582
70615,3,20425,3440,658,5487,2832,888,969,234,4421,499,997,4098,16327,1982.0803239582
70623,2,10392,1582,315,5133,1339,230,140,529,341,614,169,1897,8495,1982.0803239582
70631,2,14032,1108,542,4913,778,60,918,946,545,3147,1076,1650,12383,2061.3635369165
70649,2,93092,6657,1174,20856,2794,50698,0,3222,2177,1547,3966,7831,85260,1982.0803239582
70656,6,10156,1245,313,5057,1805,0,200,166,361,1011,0,1558,8600,4677.7095645412
70664,5,15752,774,0,5003,3094,784,90,798,1522,2590,1097,774,14978,4202.0102867913
70672,2,9428,895,617,5090,1498,148,0,539,297,193,151,1512,7916,1982.0803239582
70680,5,22590,1659,858,6500,2065,0,674,580,1737,8477,40,2517,20073,4915.5592034162
70698,1,7700,1052,17,3792,63,0,0,0,2664,111,0,1069,6630,1189.2481943749
70706,2,9188,1024,371,4980,812,108,0,987,333,479,95,1395,7794,1982.0803239582
70714,1,22705,2598,43,6986,740,66,1199,460,1697,8915,0,2641,20063,1189.2481943749
70722,5,28088,2192,994,5579,2682,113,3986,719,3701,7720,403,3186,24903,5153.4088422912
70730,2,18086,2159,1456,5587,3031,87,0,347,5240,180,0,3615,14472,1982.0803239582
70748,1,11130,1069,214,5596,1142,58,0,328,367,2253,103,1283,9847,872.1153425416
70755,5,28014,1403,837,5245,3327,165,752,6480,3005,5299,1501,2240,25774,5074.1256293329
70763,2,21053,2242,416,6520,1052,3603,200,850,1008,3561,1602,2658,18396,1982.0803239582
70771,2,16706,714,1227,4953,2105,0,0,984,3774,1882,1067,1941,14765,1982.0803239582
70789,1,11219,1365,215,6616,1707,50,0,235,509,522,0,1580,9639,872.1153425416
70797,1,10524,998,148,5339,1320,94,924,665,446,244,346,1146,9378,872.1153425416
70805,3,8102,4860,731,250,790,0,0,163,0,458,851,5591,2512,2933.4788794581
70813,4,7512,0,0,4632,1061,69,0,132,233,1384,0,0,7511,3329.8949442497
70821,2,17701,1385,590,5122,1809,908,0,2854,1178,3846,10,1975,15727,1982.0803239582
70839,4,12962,2531,1182,2251,1705,1175,450,304,2054,991,320,3713,9250,3805.5942219997
70847,5,22698,4384,406,4907,1446,6036,107,883,2531,1842,156,4790,17908,4677.7095645412
70854,7,10393,997,325,2512,585,3017,220,497,1148,269,823,1322,9071,5391.2584811662
70862,3,18983,2174,2098,3323,987,100,1076,1010,1356,6709,151,4272,14712,3171.3285183330
70870,3,21915,3565,287,4261,2687,0,649,2397,5991,1772,306,3852,18063,3171.3285183330
70888,3,40034,7879,1568,4120,3100,735,2424,846,3787,6495,9080,9447,30587,2933.4788794581
70896,3,18966,2258,495,2703,913,400,500,1562,8005,893,1239,2753,16215,2695.6292405831
70904,2,12170,1765,117,3605,1782,0,438,1945,851,1666,0,1882,10287,1982.0803239582
70912,2,30920,4965,581,3618,2050,1705,0,2665,2645,11721,969,5546,25373,1982.0803239582
70920,2,12138,886,344,3385,1480,50,200,118,430,5245,0,1230,10908,1982.0803239582
70938,3,5117,186,0,2129,31,0,0,442,1868,89,372,186,4931,1982.0803239582
70946,4,26617,1968,611,4331,839,29,0,917,2186,15736,0,2579,24038,4360.5767127079
70953,6,14027,3163,564,3385,1750,229,517,390,300,3201,530,3727,10302,5787.6745459578
70961,5,12077,2132,273,2382,1984,281,0,155,3668,1037,164,2405,9671,4122.7270738330
70979,5,33136,5339,505,3385,3407,3484,1794,2279,2323,10559,63,5844,27294,5391.2584811662
70987,5,21448,8520,1540,3385,2139,169,299,1127,2267,1608,393,10060,11387,5074.1256293329
70995,5,20443,1460,607,3385,2242,820,0,1446,4981,3295,2206,2067,18375,4122.7270738330
71001,7,15564,1361,621,4288,1404,60,288,467,3913,2051,1111,1982,13582,6025.5241848328
71019,2,20170,1550,639,4620,1744,84,579,355,504,10029,65,2189,17980,1982.0803239582
71027,5,37176,3980,3964,5830,2884,2990,1998,748,9062,5721,0,7944,29233,5470.5416941245
71035,4,12752,1683,366,5296,1098,0,1497,510,863,1189,249,2049,10702,4202.0102867913
71043,5,19400,1247,735,4180,2103,0,906,1120,4962,2576,1571,1982,17418,4122.7270738330
71050,1,7766,1314,288,3183,1100,0,0,1397,339,145,0,1602,6164,1109.9649814166
71068,2,18582,391,846,4219,817,0,300,5404,1554,5051,0,1237,17345,1982.0803239582
71076,1,4209,780,0,928,431,0,0,256,230,1477,108,780,3430,1109.9649814166
71084,1,3396,633,233,123,181,53,100,285,170,1249,369,866,2530,872.1153425416
71092,4,9851,3371,817,0,597,3309,209,166,1089,50,243,4188,5663,2695.6292405831
71100,2,6984,1481,734,2164,431,0,0,591,755,393,434,2215,4768,2140.6467498748
71118,1,1570,710,47,73,89,0,0,0,0,0,651,757,813,1109.9649814166
71126,5,24382,3566,1259,3164,2134,121,1843,1400,4121,5604,1170,4825,19557,4360.5767127079
71134,2,34283,912,772,9114,3496,1736,499,7361,1587,5844,2961,1684,32598,1982.0803239582
71142,4,4266,1745,22,0,742,713,0,1,509,461,74,1767,2500,3726.3110090413
71159,2,12339,1359,844,7017,1124,257,379,193,454,712,0,2203,10136,1982.0803239582
71167,2,17691,2673,154,5520,1219,992,1014,2342,259,3418,100,2827,14864,1982.0803239582
71175,1,17461,399,425,5689,1292,712,347,5933,199,1398,1068,824,16638,872.1153425416
71183,4,37856,3635,896,8802,1897,10092,1213,614,3728,6979,0,4531,33325,3488.4613701663
71191,6,34391,4092,158,8034,3091,83,1349,3887,11188,2261,248,4250,30141,5708.3913329995
71209,2,29193,1003,503,9035,1473,112,0,489,831,14596,1151,1506,27687,1982.0803239582
71217,2,28731,5551,480,8068,1423,370,0,1334,2361,9025,120,6031,22701,1982.0803239582
71225,4,13169,1578,410,4591,2480,122,0,654,1303,1934,97,1988,11181,3884.8774349580
71233,4,12447,1162,98,3996,1186,0,0,0,3774,2231,0,1260,11187,3329.8949442497
71241,5,16639,2822,417,5093,1473,425,359,364,1259,4287,141,3239,13401,4439.8599256663
71258,4,23239,2443,554,5375,1549,1203,1888,1065,2998,3699,2465,2997,20242,3488.4613701663
71266,3,43527,5782,916,6327,5365,491,0,939,15488,8124,95,6698,36829,2933.4788794581
71274,2,19925,1652,1357,7017,8011,114,0,567,396,220,590,3009,16915,1744.2306850832
71282,2,15133,1844,396,4990,544,2731,1117,585,750,1808,368,2240,12893,2140.6467498748
71290,2,25795,1895,17,2597,596,300,598,2,827,17646,1317,1912,23883,1902.7971109998
71308,3,22558,2152,0,5694,3878,60,1020,2764,4023,520,2447,2152,20406,1982.0803239582
71316,4,20648,4233,762,9177,1543,0,0,1566,1153,2213,0,4995,15652,4043.4438608746
71324,3,35271,2278,455,10418,1280,43,0,5099,7920,6759,1019,2733,32538,3171.3285183330
71332,6,9681,1869,594,2320,1239,1232,120,347,646,1314,0,2463,7218,6184.0906107494
71340,4,17235,327,1168,3328,1643,67,499,1939,4876,2956,433,1495,15741,3488.4613701663
71357,5,22443,2272,810,2565,1711,850,1713,1485,2581,7950,508,3082,19363,5391.2584811662
71365,4,8341,2231,187,3880,1154,0,0,266,120,200,304,2418,5924,3805.5942219997
71373,4,10681,2411,694,5425,1345,334,0,0,0,286,186,3105,7576,4122.7270738330
71381,5,23461,6136,1990,1960,994,1863,589,474,3629,2552,3273,8126,15334,4202.0102867913
71399,4,17197,4061,842,1960,925,0,0,640,2984,5786,0,4903,12295,3409.1781572080
71407,1,13361,1811,0,2596,326,0,0,0,672,7737,219,1811,11550,1189.2481943749
71415,5,7214,1171,590,1470,1190,240,779,180,100,1495,0,1761,5454,3884.8774349580
71423,6,20939,2835,1401,1285,2295,880,1129,1087,2442,7300,286,4236,16704,6104.8073977911
71431,6,46946,10429,1867,1470,1168,216,1198,120,1036,24560,4882,12296,34650,4677.7095645412
71449,8,35006,7586,1693,1470,1983,127,1013,6060,2169,8720,4185,9279,25727,8879.7198513325
71456,5,11928,2510,239,1470,1941,366,0,796,629,2021,1957,2749,9180,5391.2584811662
71464,7,16711,3641,1447,1470,1302,0,699,2823,103,3286,1940,5088,11623,7769.7548699160
71472,2,7161,373,431,3649,815,273,65,856,349,140,210,804,6357,1982.0803239582
71480,1,6347,718,299,3096,453,332,0,1032,180,236,0,1017,5329,872.1153425416
71498,1,10506,1358,994,3761,825,266,269,1578,546,772,136,2352,8153,1189.2481943749
71506,4,20206,1824,383,4407,1896,359,180,2927,1123,6832,275,2207,17999,4360.5767127079
71514,2,15365,2524,614,4663,1277,764,0,571,624,4004,325,3138,12228,1982.0803239582
71522,2,7334,108,0,2495,171,160,200,92,1798,2261,50,108,7227,2140.6467498748
71530,2,8780,702,0,2000,80,103,458,400,1931,1273,1832,702,8077,2140.6467498748
71548,2,20356,894,74,4552,2100,0,279,2074,3795,4751,1836,968,19387,1982.0803239582
71555,6,27881,4638,739,5807,1346,1043,240,611,2015,11077,366,5377,22505,5074.1256293329
71563,4,28312,1888,951,5794,4392,0,1386,2044,6460,4933,463,2839,25472,3171.3285183330
71571,2,31622,2218,401,8609,1920,40,0,5128,582,9322,3402,2619,29003,1982.0803239582
71589,4,30406,4282,553,5290,1578,0,1515,2417,6279,8494,0,4835,25573,3884.8774349580
71597,2,14223,3070,133,4990,478,614,889,0,1173,2876,0,3203,11020,1902.7971109998
71605,2,18824,3381,1072,8448,1441,147,0,471,353,476,3035,4453,14371,1982.0803239582
71613,4,25583,2050,87,5024,2222,745,1025,640,4174,9288,328,2137,23446,3647.0277960830
71621,3,5697,334,0,3619,774,0,0,257,90,623,0,334,5363,2933.4788794581
71639,1,4202,330,93,3183,218,0,80,43,123,76,56,423,3779,872.1153425416
71647,1,4258,436,192,1851,368,289,100,588,259,176,0,628,3631,872.1153425416
71654,3,9518,2492,826,3225,729,436,139,966,339,365,0,3318,6199,3171.3285183330
71662,5,23671,5098,928,4062,1155,50,0,621,1738,9950,69,6026,17645,4836.2759904579
71670,2,6834,2081,234,2912,924,8,180,0,0,495,0,2315,4519,1982.0803239582
71688,2,8286,1174,347,4501,575,437,199,1,222,348,482,1521,6765,1902.7971109998
71696,3,10716,539,150,3593,1176,3260,1199,10,533,256,0,689,10027,2537.0628146664
71704,1,4379,666,181,2925,217,0,0,227,90,60,13,847,3532,1109.9649814166
71712,3,9342,1594,386,2925,619,0,0,247,198,2107,1266,1980,7362,3171.3285183330
71720,1,5814,385,441,2925,699,0,0,308,262,794,0,826,4988,872.1153425416
71738,2,7093,490,520,2925,904,101,160,587,462,802,142,1010,6083,1982.0803239582
71746,1,1776,327,116,196,372,0,135,298,258,74,0,443,1333,872.1153425416
71753,1,3609,462,343,1948,330,0,0,268,154,104,0,805,2804,1109.9649814166
71761,3,15372,6216,2170,2251,842,197,180,389,727,1244,1157,8386,6987,3092.0453053747
71779,4,5766,1389,333,369,536,1,0,557,127,754,1700,1722,4044,4122.7270738330
71787,4,12946,2310,492,2511,476,337,159,1488,4583,125,465,2802,10144,3329.8949442497
71795,1,3505,147,59,2498,193,133,0,183,200,92,0,206,3299,872.1153425416
71803,1,9125,260,0,2794,1132,253,400,441,306,2347,1191,260,8864,1109.9649814166
71811,1,3291,87,0,1848,166,0,0,1,1039,150,0,87,3204,1189.2481943749
71829,2,11993,734,214,3175,4798,30,0,684,576,1639,145,948,11047,1744.2306850832
71837,4,40214,5184,913,3295,984,56,632,1563,3253,23843,490,6097,34116,4122.7270738330
71845,2,5576,1004,52,2805,1336,0,0,300,0,80,0,1056,4521,2061.3635369165
71852,1,1477,347,0,0,191,0,0,0,792,147,0,347,1130,1189.2481943749
71860,1,5494,353,9,0,158,0,914,1,1041,2871,147,362,5132,1189.2481943749
71878,2,8199,1888,0,64,317,0,469,9,3102,2351,0,1888,6312,2061.3635369165
71886,4,13072,1820,922,3467,1515,83,686,646,894,652,2387,2742,10330,3884.8774349580
71894,2,16058,2683,651,2864,2405,1214,956,1066,339,1382,2498,3334,12724,2061.3635369165
71902,2,4979,1184,91,0,262,0,0,477,2746,86,133,1275,3704,2140.6467498748
71910,1,3722,298,39,0,52,60,1002,233,1427,543,69,337,3386,1189.2481943749
71928,2,2562,325,0,1848,52,0,0,61,214,56,5,325,2236,2061.3635369165
71936,3,11622,1117,118,4296,446,300,0,671,2387,2179,109,1235,10388,3567.7445831247
71944,2,12199,1177,305,7013,1878,52,0,554,210,1010,0,1482,10717,1982.0803239582
71951,5,13319,0,0,2805,1006,72,797,73,2017,3538,3013,0,13321,3964.1606479163
71969,5,16348,1271,1867,4553,1180,100,2818,1061,2303,896,300,3138,13211,5074.1256293329
71977,4,15069,3204,798,2040,1366,185,100,707,2779,1774,2116,4002,11067,3488.4613701663
71985,2,4652,390,0,2198,474,0,548,1,0,1042,0,390,4263,2140.6467498748
71993,2,24257,1777,484,3266,1575,330,260,2507,1068,6063,6927,2261,21996,1982.0803239582
72009,1,24487,125,279,4217,2267,212,349,1010,1401,13981,646,404,24083,872.1153425416
72017,4,15463,2771,532,4682,1725,286,0,666,2326,1615,862,3303,12162,3726.3110090413
72025,2,12843,2875,240,2997,568,596,0,411,2735,2422,0,3115,9729,2140.6467498748
72033,2,10604,1733,238,2747,755,0,0,119,300,3520,1192,1971,8633,2299.2131757915
72041,1,6559,658,117,2620,415,0,0,1684,537,506,22,775,5784,1109.9649814166
72058,2,10977,586,169,2747,1079,83,0,1994,451,3646,221,755,10221,1744.2306850832
72066,3,26925,3266,476,2805,887,2789,1126,523,3716,11084,253,3742,23183,3171.3285183330
72074,2,14905,2642,859,2611,974,1784,876,840,1560,1939,819,3501,11403,1427.0978332499
72082,6,7903,2808,173,2790,650,200,80,1,828,373,0,2981,4922,5153.4088422912
72090,4,17536,1088,653,3139,1073,295,0,594,4777,5221,696,1741,15795,3171.3285183330
72108,2,31502,5621,521,3821,1905,719,1768,3313,0,2553,11282,6142,25361,1982.0803239582
72116,1,1229,579,79,0,2,0,0,0,0,417,152,658,571,1189.2481943749
72124,1,507,95,0,0,2,7,0,1,340,2,60,95,412,951.3985554999
72132,3,13938,3466,256,0,601,33,1944,406,4951,1887,393,3722,10215,2616.3460276248
72140,4,16616,3647,1038,3256,967,251,671,1161,3408,1759,457,4685,11930,3647.0277960830
72157,2,16699,3924,295,2922,1034,215,179,1117,3107,3475,430,4219,12479,1982.0803239582
72165,3,5017,487,0,2298,423,100,0,1,1112,596,0,487,4530,2299.2131757915
72173,2,21196,1037,54,3154,10785,390,169,2429,1113,1517,547,1091,20104,1664.9474721248
72181,1,12023,1428,441,3079,1603,855,200,1218,503,2271,426,1869,10155,872.1153425416
72199,10,12524,2289,550,5250,634,183,86,736,643,1682,470,2839,9684,8483.3037865409
72207,9,10515,1410,677,2805,1383,853,199,138,1567,960,522,2087,8427,7135.4891662493
72215,3,15936,2158,781,4470,1583,2194,797,102,443,3098,309,2939,12996,3250.6117312914
72223,2,8958,890,162,3079,834,0,431,0,537,2596,429,1052,7906,1982.0803239582
72231,1,8360,1647,305,2310,1415,120,0,537,646,1155,224,1952,6407,872.1153425416
72249,4,15153,2347,669,4198,1618,176,0,936,2564,2210,435,3016,12137,3171.3285183330
72256,5,13514,1868,680,3240,706,138,640,534,2883,1415,1410,2548,10966,4202.0102867913
72264,4,17673,2795,252,3369,1317,377,0,1014,3199,4935,415,3047,14626,3171.3285183330
72272,2,15571,1691,0,5387,1242,2722,208,177,2090,2055,0,1691,13881,2061.3635369165
72280,1,19355,4267,108,5666,1166,520,0,518,3898,2734,478,4375,14980,872.1153425416
72298,1,14210,1197,0,7117,2972,0,250,1608,895,170,0,1197,13012,872.1153425416
72306,2,13060,2863,1131,4923,648,0,100,936,1315,831,313,3994,9066,2378.4963887498
72314,2,13836,813,438,5467,873,0,0,1368,3772,1106,0,1251,12586,1982.0803239582
72322,2,10179,1792,416,5289,500,0,599,198,585,565,233,2208,7969,2140.6467498748
72330,3,11796,560,219,3175,609,183,0,1112,170,5488,281,779,11018,3171.3285183330
72348,3,9909,653,0,3009,962,1415,399,0,2826,645,0,653,9256,2616.3460276248
72355,2,13906,1297,523,3291,914,65,922,620,662,4515,1097,1820,12086,1982.0803239582
72363,1,12755,1220,288,3479,1071,0,0,1585,692,4420,0,1508,11247,1189.2481943749
72371,2,13719,2336,384,2802,751,121,1048,142,779,4245,1111,2720,10999,2140.6467498748
72389,3,5835,760,417,1874,1318,0,0,0,150,1010,306,1177,4658,3012.7620924164
72397,4,16035,1618,528,3055,1254,1456,0,3305,2731,756,1334,2146,13891,3884.8774349580
72405,1,7787,738,0,2888,586,67,1586,774,662,330,157,738,7050,872.1153425416
72413,7,12617,2837,222,4470,1930,465,190,696,1318,280,209,3059,9558,5946.2409718745
72421,5,33266,11351,114,4470,2092,0,0,2299,783,5098,7059,11465,21801,4915.5592034162
72439,6,28345,9133,1415,5425,4787,500,295,1386,2635,1123,1646,10548,17797,5232.6920552495
72447,2,7420,1199,623,3157,310,109,30,230,65,692,1006,1822,5599,2140.6467498748
72454,11,17797,4123,957,1515,2084,99,0,338,5984,1805,891,5080,12716,10386.1008975407
72462,10,42193,2671,369,2346,1382,3577,0,993,7675,22981,200,3040,39154,8641.8702124575
72470,2,14082,3617,434,1767,1302,413,50,377,1605,3950,569,4051,10033,2140.6467498748
72488,5,23330,4990,998,3459,1772,3689,1148,398,805,5163,908,5988,17342,4677.7095645412
72496,2,3107,269,208,1515,665,0,0,237,0,0,212,477,2629,1982.0803239582
72504,4,30823,2945,2632,2356,2761,1727,699,913,153,2498,14140,5577,25247,4519.1431386246
72512,6,29478,3725,650,3370,1430,4619,1748,140,1930,11649,216,4375,25102,4677.7095645412
72520,4,25617,2302,212,3130,838,220,1155,641,3699,12931,489,2514,23103,3805.5942219997
72538,4,20003,2452,48,5266,952,0,619,507,1871,8162,126,2500,17503,3567.7445831247
72546,4,19688,1758,209,4507,2538,150,1748,214,3512,4470,583,1967,17722,4598.4263515829
72553,2,9568,1815,363,3696,866,73,428,330,259,1064,672,2178,7388,2140.6467498748
72561,3,28816,6847,116,8343,1208,0,190,872,4723,3584,2933,6963,21853,2616.3460276248
72579,2,15766,3052,942,3472,1093,73,1039,425,333,5147,190,3994,11772,1982.0803239582
72587,4,12594,2291,728,3472,627,160,0,336,1596,3383,0,3019,9574,4043.4438608746
72595,2,5570,233,466,3472,575,0,0,273,1,106,443,699,4870,1982.0803239582
72603,9,22322,3283,143,1857,6662,2177,299,232,1148,4587,1933,3426,18895,7611.1884439993
72611,4,19601,2108,301,4367,3776,371,130,2173,3826,2486,63,2409,17192,3805.5942219997
72629,6,16166,1739,277,5771,1110,419,1648,488,2388,1873,454,2016,14151,4756.9927774996
72637,2,12982,2239,909,4905,1273,302,65,2132,254,776,127,3148,9834,1982.0803239582
72645,5,21152,6713,2095,3233,2334,0,450,220,2269,2629,1210,8808,12345,4439.8599256663
72652,6,39401,3101,1301,4878,2283,8495,2742,308,6850,7740,1702,4402,34998,5866.9577589161
72660,6,26467,4026,781,4307,3015,3943,1016,1155,6860,1130,233,4807,21659,5232.6920552495
72678,6,14559,3277,514,3268,3235,249,1277,385,505,1782,65,3791,10766,5470.5416941245
72686,6,16464,2035,623,2203,3396,732,1317,1157,1297,2314,1388,2658,13804,5153.4088422912
72694,2,6218,693,786,2449,531,0,0,1405,265,90,0,1479,4740,1982.0803239582
72702,2,11714,695,83,4579,849,0,836,1039,3271,329,33,778,10936,1982.0803239582
72710,2,9310,832,718,3112,918,72,0,1198,306,2153,0,1550,7759,1982.0803239582
72728,3,20047,3371,800,3097,1389,2082,159,1565,3234,1268,3081,4171,15875,2537.0628146664
72736,2,8515,2123,765,2449,915,309,100,604,388,613,249,2888,5627,2061.3635369165
72744,1,8784,636,366,2449,998,11,1264,324,90,2288,358,1002,7782,1109.9649814166
72751,2,21360,510,0,3112,1676,2656,0,698,1104,11587,17,510,20850,1982.0803239582
72769,2,15980,1857,1020,4100,1077,65,1730,754,1305,3972,100,2877,13103,1982.0803239582
72777,4,26343,1788,743,3311,1218,1695,725,563,2506,13577,218,2531,23813,4202.0102867913
72785,2,11363,2160,167,4017,973,242,0,406,1371,1302,726,2327,9037,1664.9474721248
72793,4,12245,1481,286,5211,1111,433,434,281,1462,1546,0,1767,10478,4202.0102867913
72801,3,10901,542,247,3211,1174,106,160,736,788,3937,0,789,10112,2854.1956664997
72819,2,11236,2601,553,4409,1423,0,0,530,726,615,379,3154,8082,1982.0803239582
72827,6,28649,2637,456,5460,2612,1840,200,1153,5781,7731,779,3093,25556,6342.6570366661
72835,5,31719,7465,852,8963,3049,75,130,456,6110,2140,2481,8317,23404,4677.7095645412
72843,3,24708,3010,1344,5328,3027,200,1249,1273,1631,7321,325,4354,20354,3171.3285183330
72850,1,10107,3506,1622,3211,457,524,0,504,225,58,0,5128,4979,872.1153425416
72868,3,7106,0,0,3593,532,1,1004,242,275,793,665,0,7105,2616.3460276248
72876,1,45357,134,68,5004,1522,67,0,200,37937,292,133,202,45155,1189.2481943749
72884,2,6386,832,260,4095,714,0,0,266,0,218,0,1092,5293,1982.0803239582
72892,2,10181,1386,0,5008,1123,0,319,666,436,1243,0,1386,8795,1902.7971109998
72900,3,13387,2002,1061,3693,2098,43,408,392,3208,388,95,3063,10325,2695.6292405831
72918,6,7743,448,67,3409,606,613,0,352,1561,292,394,515,7227,4915.5592034162
72926,6,14338,1961,597,3945,914,45,1033,333,2597,2477,435,2558,11779,4994.8424163745
72934,3,8421,867,225,3148,1201,134,299,70,170,1808,499,1092,7329,2695.6292405831
72942,4,7859,156,0,3321,480,0,669,258,486,2011,478,156,7703,3250.6117312914
72959,6,18311,1956,419,5556,1353,332,518,458,5504,406,1809,2375,15936,5787.6745459578
72967,5,13631,2262,635,3459,1606,395,235,363,2348,675,1654,2897,10735,4043.4438608746
72975,3,20922,3024,325,5637,1595,0,0,460,1592,6985,1304,3349,17573,2537.0628146664
72983,4,16778,1113,91,4136,964,90,0,1402,2041,6256,685,1204,15574,3884.8774349580
72991,2,17858,2730,1478,4612,1592,0,0,1127,2451,3868,0,4208,13650,1982.0803239582
73007,1,3633,904,18,2006,204,0,0,0,227,274,0,922,2711,872.1153425416
73015,3,14827,2398,0,3511,1439,103,478,815,3143,2452,487,2398,12428,2616.3460276248
73023,2,5655,466,232,2595,498,0,289,269,40,1233,34,698,4958,1982.0803239582
73031,1,3982,408,70,2708,317,0,65,320,0,94,0,478,3504,872.1153425416
73049,1,9741,1000,249,2006,523,0,979,1343,1185,804,1652,1249,8492,872.1153425416
73056,3,10749,2012,798,3336,1041,118,94,343,1131,1874,0,2810,7937,2774.9124535414
73064,1,3599,65,89,2372,272,0,0,512,20,269,0,154,3445,1109.9649814166
73072,2,8315,618,257,2595,962,261,239,841,760,1260,523,875,7441,1506.3810462082
73080,1,1589,139,87,397,260,0,150,71,222,263,0,226,1363,872.1153425416
73098,4,15832,2677,237,4965,1755,331,567,1141,3058,862,238,2914,12917,3884.8774349580
73106,5,24226,4315,959,5016,2576,2728,516,820,5532,1090,674,5274,18952,4043.4438608746
73114,6,28187,1834,292,5014,967,64,1472,1026,8912,7514,1093,2126,26062,4519.1431386246
73122,1,5178,76,0,4527,3,20,30,217,0,1,304,76,5102,951.3985554999
73130,1,5540,468,0,4527,2,0,180,1,0,267,95,468,5072,951.3985554999
73148,1,5298,245,22,4527,2,0,500,1,0,1,0,267,5031,951.3985554999
73155,1,5957,399,0,4527,3,0,80,0,855,1,93,399,5559,951.3985554999
73163,1,5904,719,0,4527,2,26,260,287,0,1,82,719,5185,951.3985554999
73171,1,5396,473,0,4527,4,0,100,1,291,1,0,473,4924,951.3985554999
73189,2,17088,3099,793,2654,1516,106,749,2593,3763,1373,442,3892,13196,1982.0803239582
73197,4,21043,3577,1358,3240,1266,873,1798,202,6047,1559,1122,4935,16107,3647.0277960830
73205,3,12706,551,524,3420,1859,67,175,1970,1113,3021,7,1075,11632,2933.4788794581
73213,1,16929,1696,0,2146,755,304,340,1776,6647,3139,126,1696,15233,1109.9649814166
73221,3,13615,864,0,2850,1376,1605,898,630,1031,4049,312,864,12751,2616.3460276248
73239,4,28578,4922,896,2860,1690,108,2947,1507,4121,8271,1256,5818,22760,3409.1781572080
73247,6,7760,747,57,2453,977,87,1144,139,934,846,377,804,6957,5708.3913329995
73254,6,19477,3585,0,7589,1530,362,999,1727,1723,1778,183,3585,15891,5549.8249070828
73262,4,11166,1677,528,2695,1739,1551,0,320,642,1387,627,2205,8961,3567.7445831247
73270,4,10342,2682,469,3175,1250,0,0,440,963,1345,17,3151,7190,3884.8774349580
73288,2,13500,1862,906,3405,1112,338,200,482,402,4100,693,2768,10732,1982.0803239582
73296,2,13136,850,186,6514,1058,63,470,334,906,2712,43,1036,12100,1982.0803239582
73304,3,16159,2252,53,2790,1187,142,762,890,2844,3175,2062,2305,13852,3012.7620924164
73312,3,8803,3407,289,3175,583,116,250,87,0,780,116,3696,5107,3329.8949442497
73320,1,3054,678,191,1828,299,26,0,30,0,1,0,869,2184,872.1153425416
73338,2,9389,1546,0,1996,499,116,80,839,2530,754,1028,1546,7842,2140.6467498748
73346,1,7609,285,0,3415,538,0,131,498,1010,1589,143,285,7324,872.1153425416
73353,2,9924,1692,500,3006,875,1020,86,665,867,1174,39,2192,7732,1982.0803239582
73361,1,3267,403,65,1874,371,0,0,237,170,148,0,468,2800,872.1153425416
73379,3,9512,869,159,1874,414,0,359,4547,243,896,151,1028,8484,2854.1956664997
73387,3,9631,542,0,3175,852,0,0,0,2844,2218,0,542,9089,2616.3460276248
73395,5,29712,3101,161,3175,1497,148,267,299,6992,9883,4189,3262,26450,5549.8249070828
73403,3,16254,3532,2429,3006,1087,1178,561,374,1481,1611,994,5961,10292,2933.4788794581
73411,2,23026,335,0,8013,702,190,150,3393,402,9132,710,335,22692,1982.0803239582
73429,2,7351,769,436,3006,387,33,200,1058,180,1283,0,1205,6147,1982.0803239582
73437,2,15193,2039,465,3416,809,1010,1872,1551,785,1894,1352,2504,12689,1982.0803239582
73445,1,2493,740,0,0,186,0,0,101,288,501,677,740,1753,1189.2481943749
73452,2,10886,1208,458,2198,585,2309,330,3165,128,386,119,1666,9220,1982.0803239582
73460,2,12116,2028,50,2910,1034,568,0,2311,838,2377,0,2078,10038,1982.0803239582
73478,2,26834,269,0,3863,905,435,0,592,18274,2496,0,269,26565,1982.0803239582
73486,4,10225,438,254,3992,1351,0,0,320,1806,2064,0,692,9533,3647.0277960830
73494,1,4990,0,126,3803,286,190,0,273,49,82,182,126,4865,872.1153425416
73502,3,5688,612,33,2465,749,0,529,3,975,321,0,645,5042,3092.0453053747
73510,1,6742,53,0,5449,296,0,0,0,299,645,0,53,6689,872.1153425416
73528,2,20196,5770,286,4491,711,226,1132,467,346,6552,217,6056,14142,2140.6467498748
73536,1,14909,1122,0,2894,445,40,0,658,40,9382,327,1122,13786,951.3985554999
73544,2,26435,526,0,5511,2753,0,1279,1942,638,13787,0,526,25910,1982.0803239582
73551,6,16326,9264,0,1605,399,0,0,253,675,1820,2310,9264,7062,4915.5592034162
73569,6,17122,3358,273,4527,1211,0,0,416,4997,2340,0,3631,13491,5232.6920552495
73577,1,8421,1266,462,3996,1570,0,0,512,371,245,0,1728,6694,1109.9649814166
73585,1,7928,220,589,3649,1018,811,100,59,299,187,996,809,7119,872.1153425416
73593,1,6252,0,0,4407,277,339,220,898,0,111,0,0,6252,1109.9649814166
73601,8,52284,17429,447,5840,1218,3009,511,1624,11994,8750,1461,17876,34407,7294.0555921660
73619,2,19856,2069,1236,7221,1813,93,0,596,999,4983,847,3305,16552,1982.0803239582
73627,3,13763,2697,252,3711,1540,358,0,572,2484,1933,216,2949,10814,2616.3460276248
73635,4,10072,420,425,3649,835,807,0,1871,1337,728,0,845,9227,4043.4438608746
73643,1,31487,1935,868,4517,1625,163,3237,8076,8901,1554,613,2803,28686,872.1153425416
73650,4,20519,3004,1172,4391,2817,1672,170,1405,3810,1093,985,4176,16343,3171.3285183330
73668,9,30091,3699,968,6308,4777,367,1393,2006,5207,5189,176,4667,25423,8641.8702124575
73676,5,32917,3159,700,5899,1649,366,1108,1408,3543,15006,78,3859,29057,4122.7270738330
73684,6,34753,1717,0,5974,3553,1740,1741,795,7970,11262,0,1717,33035,4915.5592034162
73692,2,5562,638,978,3194,318,0,0,65,180,190,0,1616,3947,1982.0803239582
73700,4,9614,2066,283,3493,377,200,0,546,1448,654,546,2349,7264,3329.8949442497
73718,3,27082,1407,994,5255,2096,3260,0,2980,741,10349,0,2401,24681,2854.1956664997
73726,2,29652,3024,340,4291,981,5614,499,547,3470,8183,2704,3364,26289,2140.6467498748
73734,4,12058,742,141,4219,1070,101,1865,132,3285,503,0,883,11175,3726.3110090413
73742,2,6318,0,0,4279,917,344,90,1,0,43,644,0,6318,2140.6467498748
73759,3,7214,1289,28,2695,1163,116,979,275,287,89,292,1317,5896,2933.4788794581
73767,4,20351,3328,684,4291,1414,0,574,2678,1455,5648,279,4012,16339,4122.7270738330
73775,2,18252,1831,646,4886,2302,571,449,4038,435,2875,218,2477,15774,1982.0803239582
73783,3,13743,392,0,6564,1667,263,151,599,1360,2748,0,392,13352,3171.3285183330
73791,2,32102,1816,892,6497,3123,256,998,2134,2649,12463,1274,2708,29394,1982.0803239582
73809,2,14047,890,189,5187,7359,0,0,2,188,176,56,1079,12968,1744.2306850832
73817,2,13247,2384,758,5065,1566,251,0,280,1071,1511,360,3142,10104,1902.7971109998
73825,1,9252,451,365,4225,1834,0,0,633,290,1454,0,816,8436,1109.9649814166
73833,5,90386,6128,109,10612,13633,188,698,396,3380,19043,36198,6237,84148,4122.7270738330
73841,4,18459,2210,624,5263,3286,333,250,707,1048,4409,329,2834,15625,4202.0102867913
73858,3,15890,3566,0,4614,924,432,250,2414,744,1451,1496,3566,12325,2854.1956664997
73866,1,3700,217,275,1843,522,305,0,69,0,470,0,492,3209,1109.9649814166
73874,3,7362,906,499,2320,567,123,0,166,130,2347,304,1405,5957,2695.6292405831
73882,3,7660,2153,503,2826,874,0,219,294,0,417,373,2656,5003,3171.3285183330
73890,5,15149,5769,874,2565,1295,0,0,140,461,2063,1982,6643,8506,4836.2759904579
73908,6,7341,650,460,1527,1161,0,2228,23,200,1050,43,1110,6232,5787.6745459578
73916,5,17568,4282,1051,1470,2782,1068,460,2851,672,2137,797,5333,12237,5549.8249070828
73924,2,3812,442,206,1470,934,13,40,153,0,553,0,648,3163,1982.0803239582
73932,6,49086,21722,0,2614,8893,5992,1548,465,6226,629,997,21722,27364,5391.2584811662
73940,6,24385,6742,327,2723,2755,2493,998,188,2395,4717,1048,7069,17317,4994.8424163745
73957,4,21218,3966,811,2723,4437,3106,599,769,1860,2901,48,4777,16443,3884.8774349580
73965,2,7414,827,321,2320,976,0,0,222,0,2539,210,1148,6267,1982.0803239582
73973,5,8746,2563,734,1960,1042,117,85,0,741,746,759,3297,5450,4915.5592034162
73981,8,25791,4259,538,1960,4293,199,419,110,986,13028,0,4797,20995,7769.7548699160
73999,3,7452,1878,44,2196,721,654,200,1040,500,220,0,1922,5531,2695.6292405831
74005,7,10918,2759,580,2196,785,0,649,351,1310,1178,1111,3339,7580,7373.3388051243
74013,5,27074,2800,1128,7766,3953,466,0,551,1051,9360,0,3928,23147,4598.4263515829
74021,4,35796,3827,467,6015,3692,306,1297,1713,4640,13643,196,4294,31502,3567.7445831247
74039,4,16480,2307,568,0,539,600,1195,236,2998,7161,877,2875,13606,3250.6117312914
74047,1,13521,2064,537,6099,1530,1077,0,507,552,519,635,2601,10919,872.1153425416
74054,3,58822,3004,993,6065,4983,83,3082,1457,20342,18101,713,3997,54826,3171.3285183330
74062,3,16956,1742,199,6082,1296,117,1102,1410,1863,2367,778,1941,15015,2933.4788794581
74070,2,13701,514,896,4008,614,100,746,520,2512,3791,0,1410,12291,1982.0803239582
74088,2,19681,2871,705,4873,3147,1948,813,1239,569,2614,903,3576,16106,1982.0803239582
74096,3,15819,1718,1046,5522,817,309,0,255,4010,1541,601,2764,13055,2616.3460276248
74104,4,16650,1529,559,4972,1304,502,1353,556,1861,3549,464,2088,14561,3726.3110090413
74112,4,17361,3264,279,2955,1657,1793,491,305,2897,3454,265,3543,13817,3488.4613701663
74120,5,16853,2558,93,3768,882,124,0,631,1286,7510,0,2651,14201,5391.2584811662
74138,3,35458,2352,61,2955,2858,2401,6392,490,1222,16726,0,2413,33044,2695.6292405831
74146,3,20953,71,149,2997,842,63,946,440,4124,11049,272,220,20733,2616.3460276248
74153,8,18247,1616,843,7159,1779,205,190,6,3085,2581,784,2459,15789,6421.9402496244
74161,2,42697,14905,555,5676,2481,550,500,3290,7327,4035,3379,15460,27238,1982.0803239582
74179,4,28607,3061,919,7385,1946,69,1602,2943,9304,907,469,3980,24625,3409.1781572080
74187,3,15870,536,738,4268,1001,366,838,420,466,6676,560,1274,14595,2616.3460276248
74195,1,8593,371,42,4201,853,0,450,272,220,2184,0,413,8180,872.1153425416
74203,2,13118,959,788,5628,1234,226,0,235,1183,2765,100,1747,11371,1982.0803239582
74211,1,9130,1881,0,2894,429,177,763,1645,553,788,0,1881,7249,1189.2481943749
74229,1,11582,159,0,4254,805,167,297,1019,2596,2285,0,159,11423,872.1153425416
74237,1,15492,1209,427,4299,1452,0,0,762,4742,2212,390,1636,13857,1109.9649814166
74245,1,10967,854,299,3996,240,50,110,3011,267,697,1443,1153,9814,872.1153425416
74252,1,42367,376,617,4829,910,9073,250,723,1385,302,23901,993,41373,872.1153425416
74260,2,11160,510,662,3497,832,104,667,364,806,3697,21,1172,9988,2140.6467498748
74278,2,18920,2849,493,4396,1059,133,0,1949,399,7033,610,3342,15579,2140.6467498748
74286,5,42724,5207,0,4283,2779,607,505,2664,5381,16928,4370,5207,37517,4598.4263515829
74294,3,21791,3035,345,4383,1370,664,916,789,2042,8116,131,3380,18411,2774.9124535414
74302,2,16677,2905,654,3556,676,2398,150,4387,516,1435,0,3559,13118,1982.0803239582
74310,2,21240,3337,842,3456,778,2602,1441,292,3412,4613,467,4179,17061,1982.0803239582
74328,4,7598,1279,372,3811,517,377,0,78,0,217,948,1651,5948,3250.6117312914
74336,2,16129,2615,436,4283,714,0,0,305,150,7626,0,3051,13078,1982.0803239582
74344,1,1144,202,78,0,191,0,0,407,200,66,0,280,864,872.1153425416
74351,1,21065,2696,681,4999,3950,382,1136,4236,415,2327,243,3377,17688,872.1153425416
74369,1,9975,3688,581,3996,486,199,165,411,209,184,57,4269,5707,1109.9649814166
74377,2,16917,1085,323,4084,894,704,1145,138,1121,7247,177,1408,15510,2140.6467498748
74385,1,12027,2746,0,3896,1519,558,666,827,1034,728,53,2746,9281,1189.2481943749
74393,1,12188,1630,508,5565,1215,139,498,444,1033,164,991,2138,10049,872.1153425416
74401,2,37525,12691,2306,6911,5653,1314,170,752,619,6548,562,14997,22529,1982.0803239582
74419,5,25955,2388,188,7110,1511,205,271,694,2934,10263,391,2576,23379,4677.7095645412
74427,3,30192,5072,725,4233,1736,722,89,966,5022,7125,4502,5797,24395,3250.6117312914
74435,3,16683,2314,3161,4317,3300,414,0,954,649,1574,0,5475,11208,3171.3285183330
74443,5,23358,2682,816,5024,299,3497,0,403,7813,2592,231,3498,19859,4043.4438608746
74450,2,29542,5956,2470,5668,1731,858,0,5007,3186,2816,1849,8426,21115,1982.0803239582
74468,3,25958,2089,813,7057,5186,0,0,5251,840,4523,200,2902,23057,2854.1956664997
74476,2,17043,1059,443,5317,2133,50,902,1810,1898,3350,80,1502,15540,2061.3635369165
74484,7,12423,1290,264,3737,853,1085,1303,639,804,2036,412,1554,10869,6818.3563144160
74492,4,11547,3095,872,3456,1052,170,0,493,1739,671,0,3967,7581,3726.3110090413
74500,2,10833,1557,848,4406,897,271,574,509,714,730,327,2405,8428,1982.0803239582
74518,4,25154,5684,1076,5244,2447,452,2745,865,3463,2168,1010,6760,18394,3488.4613701663
74526,4,14006,3049,413,3450,963,255,449,106,4515,632,174,3462,10544,3171.3285183330
74534,5,16841,2409,318,4874,1048,312,120,195,4837,1806,922,2727,14114,4122.7270738330
74542,2,6130,541,365,2909,970,233,150,275,299,159,230,906,5225,2061.3635369165
74559,5,28492,3690,720,4874,817,399,0,790,4271,11772,1158,4410,24081,5074.1256293329
74567,4,10884,1441,244,3550,1097,79,1605,609,1120,1097,43,1685,9200,4043.4438608746
74575,4,19954,5457,612,3596,1289,149,610,1416,5112,1658,54,6069,13884,3171.3285183330
74583,3,14197,4360,0,3493,1212,365,0,132,2771,1700,165,4360,9838,2616.3460276248
74591,1,6290,724,345,1449,298,0,0,71,269,2275,860,1069,5222,1109.9649814166
74609,1,7550,1496,243,1798,1,0,749,171,0,2181,911,1739,5811,1109.9649814166
74617,2,14744,2787,541,2148,429,0,168,123,699,7545,304,3328,11416,2219.9299628331
74625,2,14188,4418,283,2440,1157,858,908,239,501,2772,613,4701,9488,2140.6467498748
74633,5,17206,2441,995,3932,1850,194,1376,1053,1723,2631,1011,3436,13770,5549.8249070828
74641,1,7672,0,0,2570,329,0,0,2699,1522,551,0,0,7671,1109.9649814166
74658,4,19258,4798,480,3240,2081,356,831,1683,3137,1677,975,5278,13980,3647.0277960830
74666,2,11969,3402,877,3129,939,114,1148,1242,110,1009,0,4279,7691,1982.0803239582
74674,3,19180,3879,492,2440,805,447,166,2340,2984,4190,1438,4371,14810,3171.3285183330
74682,1,5256,845,65,3079,552,65,0,171,333,145,0,910,4345,1109.9649814166
74690,4,18806,6545,1062,3009,1616,652,957,750,3279,571,365,7607,11199,3012.7620924164
74708,2,6059,567,0,2440,778,40,0,0,100,2135,0,567,5493,1982.0803239582
74716,1,5647,1012,206,2440,827,0,0,170,249,509,235,1218,4430,1109.9649814166
74724,4,16398,4081,114,2536,584,0,412,1236,4362,2956,117,4195,12203,3409.1781572080
74732,2,10141,1933,495,4048,671,131,1472,222,322,534,312,2428,7712,1982.0803239582
74740,1,6753,454,62,4044,831,73,154,431,411,247,47,516,6238,872.1153425416
74757,4,11104,711,682,2720,1649,266,1698,666,1609,1102,0,1393,9710,4202.0102867913
74765,1,4737,320,0,150,249,1305,0,80,586,1002,1046,320,4418,1109.9649814166
74773,1,6593,444,298,2445,654,2422,0,0,249,80,0,742,5850,872.1153425416
74781,2,10846,2220,113,3096,926,120,93,1797,0,1910,571,2333,8513,1982.0803239582
74799,2,6018,51,105,3006,831,0,0,479,203,1180,163,156,5862,1982.0803239582
74807,2,31812,1696,525,3932,2728,57,1377,2809,2330,16261,97,2221,29591,1982.0803239582
74815,2,4711,283,0,2207,1,0,0,622,572,1027,0,283,4429,1506.3810462082
74823,1,4332,677,570,2441,481,0,0,69,1,50,44,1247,3086,872.1153425416
74831,3,19521,1774,291,3079,901,1914,0,647,1017,8249,1649,2065,17456,3171.3285183330
74849,2,9853,2049,0,0,135,0,0,1,5751,1419,498,2049,7804,2140.6467498748
74856,9,26293,3378,408,2811,1370,833,1301,2242,3221,2252,8479,3786,22509,9117.5694902075
74864,5,18432,3006,996,1912,1322,299,972,2005,3673,3254,995,4002,14432,4836.2759904579
74872,6,13179,952,1058,3514,1239,80,120,1589,1542,1943,1142,2010,11169,6501.2234625827
74880,4,28665,2754,650,3025,1634,8591,789,419,2233,7100,1470,3404,25261,4519.1431386246
74898,5,48850,7225,1570,4302,1368,1027,4096,1604,3595,6229,17834,8795,40055,4836.2759904579
74906,4,18085,4735,2101,1927,2395,43,471,1148,2829,2036,399,6836,11248,4043.4438608746
74914,6,20108,4369,1425,3046,970,203,1019,73,3852,4270,880,5794,14313,6580.5066755411
74922,2,7762,1821,139,2150,517,233,282,529,200,1674,217,1960,5802,1982.0803239582
74930,1,5407,1197,650,1927,461,116,500,246,149,161,0,1847,3560,872.1153425416
74948,4,17449,1834,633,5344,951,43,539,342,1596,4866,1301,2467,14982,4122.7270738330
74955,4,10208,2371,645,3456,754,160,120,415,897,1389,0,3016,7191,3964.1606479163
74963,3,15703,2308,724,5316,586,373,2179,1058,2330,51,778,3032,12671,2854.1956664997
74971,3,16301,1966,26,2647,835,0,679,153,2703,6907,383,1992,14307,3567.7445831247
74989,2,15886,884,289,5495,909,183,398,82,4702,2247,698,1173,14714,2140.6467498748
74997,1,17264,420,482,5030,728,688,807,853,1483,5474,1299,902,16362,872.1153425416
75002,1,7545,296,141,4283,461,0,120,1861,339,44,0,437,7108,872.1153425416
75010,7,18203,5433,371,2909,1657,59,898,612,4031,1324,910,5804,12400,6580.5066755411
75028,3,15952,1888,1991,4905,983,450,1005,978,1304,2001,447,3879,12073,2933.4788794581
75036,8,14143,2808,445,4905,838,1837,604,226,1730,533,217,3253,10890,7531.9052310410
75044,2,13247,1321,1059,2569,1734,93,0,3386,224,1372,1489,2380,10867,1982.0803239582
75051,3,14151,2611,520,2527,1262,30,1098,744,1505,1890,1964,3131,11020,2933.4788794581
75069,4,10633,188,368,2527,1088,539,1008,756,83,3001,1075,556,10077,4122.7270738330
75077,6,10367,0,0,5918,1703,28,0,751,347,1620,0,0,10367,6184.0906107494
75085,2,5311,222,219,4283,414,0,0,134,0,40,0,441,4871,1982.0803239582
75093,4,32063,6025,1070,4415,1428,782,1335,0,484,16275,249,7095,24968,3964.1606479163
75101,4,13625,1938,513,4283,1080,95,605,0,2083,1714,1313,2451,11173,3964.1606479163
75119,2,71253,1509,950,16545,3345,0,0,12097,424,33931,2451,2459,68793,1982.0803239582
75127,4,17582,1226,558,5668,1795,2095,449,126,1609,4056,0,1784,15798,4281.2934997496
75135,3,19721,2895,268,3959,2228,160,43,3385,2973,3761,50,3163,16559,2616.3460276248
75143,2,12913,655,1126,4059,1885,0,0,718,240,2675,1556,1781,11133,1982.0803239582
75150,2,22768,1110,442,2864,2731,200,477,1798,1715,10131,1300,1552,21216,1585.6642591665
75168,2,12270,4105,34,4057,2087,0,300,1168,69,378,73,4139,8132,1982.0803239582
75176,5,11813,1675,365,3014,68,2321,0,116,1072,2658,524,2040,9773,5232.6920552495
75184,6,15369,979,842,3892,4284,0,1409,669,1937,786,572,1821,13549,6501.2234625827
75192,1,14241,1107,1116,2914,1822,33,50,985,1205,3752,1258,2223,12019,872.1153425416
75200,4,10517,2420,520,2502,1575,43,0,2344,649,421,43,2940,7577,3409.1781572080
75218,4,12967,2845,68,2502,1118,60,2106,1734,1214,760,560,2913,10054,3567.7445831247
75226,2,10497,731,1103,4666,1347,0,0,542,325,782,1001,1834,8663,1982.0803239582
75234,10,21856,5719,326,6159,2138,553,0,214,4923,264,1559,6045,15810,9355.4191290825
75242,8,14418,2449,736,4666,934,1284,0,633,2624,324,767,3185,11232,6659.7898884994
75259,5,22543,3398,919,2761,1632,253,0,1403,8444,2013,1720,4317,18226,4994.8424163745
75267,5,22617,1447,1377,1836,1061,0,0,10227,2997,3673,0,2824,19794,5470.5416941245
75275,7,18836,1464,1491,2071,4151,1309,2854,990,2381,1383,741,2955,15880,6184.0906107494
75283,1,6930,1634,423,2225,1122,835,0,597,50,1,44,2057,4874,872.1153425416
75291,5,10045,569,1207,3212,1066,681,399,0,1331,848,732,1776,8269,5311.9752682078
75309,5,9919,3539,959,2226,1226,116,0,486,226,749,392,4498,5421,4915.5592034162
75317,2,11944,3356,1434,1836,1965,2584,30,399,0,340,0,4790,7154,1982.0803239582
75325,6,20188,4032,510,2225,1295,342,4252,1216,3740,1623,952,4542,15645,5074.1256293329
75333,1,8049,1283,54,3842,747,0,0,1,249,1710,164,1337,6713,951.3985554999
75341,4,25365,4261,428,4995,1088,1168,1139,784,5576,5006,922,4689,20678,3171.3285183330
75358,2,11874,5589,647,2082,1137,0,0,218,394,51,1756,6236,5638,1982.0803239582
75366,5,8719,189,0,3767,1481,266,586,304,1837,200,90,189,8531,4994.8424163745
75374,1,10095,1397,1121,2152,696,1039,0,881,428,2381,0,2518,7577,872.1153425416
75382,4,22672,2437,25,2209,1351,8451,299,2149,3003,1890,859,2462,20211,3567.7445831247
75390,1,8139,1388,565,2714,786,946,514,565,321,297,43,1953,6186,872.1153425416
75408,1,6414,556,9,1747,376,0,0,48,1199,2480,0,565,5850,1189.2481943749
75416,4,12097,2607,869,4106,2777,0,0,366,1255,117,0,3476,8621,4043.4438608746
75424,7,29432,859,516,6165,1471,67,0,1012,17259,1415,668,1375,28057,6501.2234625827
75432,2,15669,1438,819,4764,982,501,1469,760,1451,2876,609,2257,13412,1823.5138980415
75440,2,18605,678,0,4666,885,895,1997,2,1949,7316,217,678,17927,2140.6467498748
75457,3,16442,1300,985,4666,1959,116,50,313,1052,1553,4448,2285,14157,3171.3285183330
75465,1,8435,557,134,4666,817,0,0,544,585,1068,65,691,7745,1189.2481943749
75473,8,20161,601,421,4666,1284,169,4256,167,2702,3269,2625,1022,19138,6659.7898884994
75481,7,13014,786,382,4666,1299,143,0,342,2712,322,2363,1168,11847,5232.6920552495
75499,4,11774,2736,189,3849,419,50,684,301,1392,342,1812,2925,8849,3250.6117312914
75507,4,22939,3307,326,6194,1608,772,1484,1224,4648,2230,1146,3633,19306,4043.4438608746
75515,10,18181,1782,386,4009,1205,238,1977,521,5368,1093,1602,2168,16013,8086.8877217493
75523,2,5603,1416,262,3023,486,0,319,0,0,97,0,1678,3925,1982.0803239582
75531,7,28125,4308,3043,3486,1070,516,317,320,2922,1744,10399,7351,20774,5866.9577589161
75549,15,40245,4224,1350,7753,3127,2605,4665,1779,10884,1771,2087,5574,34671,14429.5447584153
75556,9,16297,1024,395,4283,1056,67,4317,1141,3498,158,359,1419,14879,9196.8527031658
75564,8,11974,412,124,5428,2278,234,769,254,2145,150,180,536,11438,7135.4891662493
75572,2,36245,7148,0,8877,10211,0,499,1163,2604,4133,1610,7148,29097,1982.0803239582
75580,2,11713,715,203,6159,1202,0,500,100,100,2004,730,918,10795,1982.0803239582
75598,5,9757,862,959,3849,559,405,617,0,1242,737,528,1821,7937,3964.1606479163
75606,11,14389,379,217,4666,779,532,508,723,4803,249,1534,596,13794,10148.2512586657
75614,6,12787,1057,438,4666,1423,76,0,413,1492,3223,0,1495,11293,6739.0731014577
75622,2,11102,747,437,4666,902,1733,0,1214,387,965,51,1184,9918,1982.0803239582
75630,8,11098,711,47,6159,1497,133,299,335,1797,119,0,758,10339,6976.9227403327
75648,14,14110,1716,1900,1494,951,1740,480,722,3586,1479,43,3616,10495,12685.3140733322
75655,2,4609,275,234,1071,163,0,398,134,228,2107,0,509,4101,1982.0803239582
75663,1,8885,640,207,6159,805,0,0,231,0,479,364,847,8038,872.1153425416
75671,5,19291,1664,1140,6242,840,351,1086,920,1606,4946,496,2804,16487,5311.9752682078
75689,6,12694,2268,863,4666,1122,201,800,452,1750,120,451,3131,9562,4677.7095645412
75697,4,15201,1780,1042,4666,1944,0,0,1694,1464,1785,826,2822,12379,3805.5942219997
75705,5,14743,837,339,4666,448,6071,847,30,1266,141,99,1176,13568,4043.4438608746
75713,2,13941,3106,303,6159,818,0,380,385,525,1396,868,3409,10531,1982.0803239582
75721,6,15650,3543,782,3849,1182,0,1071,527,2237,1619,841,4325,11326,5866.9577589161
75739,5,16633,4640,862,3194,625,20,1061,1783,1408,2822,217,5502,11130,5074.1256293329
75747,3,11794,1108,0,4666,1584,117,1368,303,788,997,864,1108,10687,2695.6292405831
75754,4,7225,509,365,3849,665,77,699,177,545,154,186,874,6352,3329.8949442497
75762,1,4296,0,0,3849,120,117,0,1,0,210,0,0,4297,1109.9649814166
75770,2,11009,2316,421,2689,658,329,500,687,0,3317,93,2737,8273,2061.3635369165
75788,5,9981,315,167,4283,1018,90,0,206,3231,490,180,482,9498,3726.3110090413
75796,2,11210,1481,155,3337,894,235,1006,979,1568,1343,211,1636,9573,1823.5138980415
75804,2,28326,742,291,6363,2037,0,0,1873,799,15722,499,1033,27293,1982.0803239582
75812,7,17067,4059,412,6159,2199,127,280,1,379,3451,0,4471,12596,7373.3388051243
75820,3,70108,3869,1296,8664,8312,20528,0,6042,2276,15920,3202,5165,64944,3171.3285183330
75838,1,17594,1044,578,4666,1169,33,60,1709,532,7243,560,1622,15972,872.1153425416
75846,3,16074,1777,1059,4396,7710,0,0,534,210,259,130,2836,13239,3171.3285183330
75853,2,50326,7101,295,4822,1261,69,0,100,234,36443,0,7396,42929,1982.0803239582
75861,4,28428,4469,394,5976,1670,50,0,155,5540,9531,642,4863,23564,3250.6117312914
75879,1,11180,2433,169,5192,392,200,200,133,999,899,564,2602,8579,951.3985554999
75887,2,11413,1815,717,2595,887,0,1266,748,1186,1520,679,2532,8881,2061.3635369165
75895,4,33844,4152,1418,7017,1461,60,499,1764,10680,809,5983,5570,28273,3488.4613701663
75903,1,9194,1525,539,4116,818,1044,0,149,254,484,264,2064,7129,872.1153425416
75911,2,10538,2508,0,6394,497,27,0,463,78,153,420,2508,8032,1902.7971109998
75929,1,12764,2008,277,3511,483,0,217,1639,3072,1247,312,2285,10481,872.1153425416
75937,2,19057,3486,103,5289,563,178,210,802,2043,6383,0,3589,15468,2140.6467498748
75945,4,20553,4029,43,5072,1536,1551,673,470,3654,2963,561,4072,16480,3488.4613701663
75952,2,17871,4022,851,4997,1153,410,0,73,450,5624,291,4873,12998,1982.0803239582
75960,6,23450,4296,1120,4905,2102,73,0,1871,7178,1299,605,5416,18033,6501.2234625827
75978,5,13307,1946,415,4289,1273,110,0,0,4392,662,221,2361,10947,3805.5942219997
75986,4,31583,962,788,4449,1872,1095,2042,2121,2211,14759,1283,1750,29832,4202.0102867913
75994,6,7986,1119,890,3200,1476,158,230,457,60,280,116,2009,5977,6025.5241848328
76000,1,3696,291,195,2192,425,0,0,332,0,261,0,486,3210,872.1153425416
76018,7,45024,580,436,1612,1395,931,4485,456,3948,25388,5793,1016,44008,6421.9402496244
76026,3,12695,3851,665,1927,1182,1026,928,233,449,1816,619,4516,8180,2695.6292405831
76034,2,10180,1979,1159,1899,2347,0,250,536,0,1161,850,3138,7043,1982.0803239582
76042,4,13506,1536,381,4123,1672,1017,0,953,2623,896,306,1917,11590,3488.4613701663
76059,2,7213,954,586,2897,225,0,249,1321,359,622,0,1540,5673,1982.0803239582
76067,5,30913,919,229,3988,1833,17,0,391,8512,14375,650,1148,29766,4360.5767127079
76075,4,9603,1084,260,2870,717,0,100,492,0,3029,1049,1344,8257,4360.5767127079
76083,2,6744,2422,455,2320,742,0,0,665,0,140,0,2877,3867,1982.0803239582
76091,2,5343,1169,168,260,786,1998,280,181,223,229,50,1337,4007,1823.5138980415
76109,2,16948,3500,2559,2870,1187,0,533,199,127,2644,3329,6059,10889,1982.0803239582
76117,5,13618,4291,357,1843,985,0,300,812,3211,1542,275,4648,8968,5708.3913329995
76125,5,16346,3903,1487,1960,945,366,829,0,1672,4122,1062,5390,10956,5074.1256293329
76133,5,36091,4617,1273,3233,3610,807,1494,1738,5075,10283,3961,5890,30201,5311.9752682078
76141,5,18382,2937,883,2963,1413,86,400,1131,5635,2432,502,3820,14562,5708.3913329995
76158,2,14462,1664,80,2536,2588,0,0,527,2318,4678,72,1744,12719,1823.5138980415
76166,2,9679,3294,1241,1996,1329,151,0,714,112,843,0,4535,5145,1982.0803239582
76174,4,30096,5224,1450,2565,1714,4376,3903,1160,187,9518,0,6674,23423,4043.4438608746
76182,4,18425,1511,1155,2218,1041,2833,0,1362,618,6919,768,2666,15759,4122.7270738330
76190,6,23071,1645,17,2226,2744,193,130,1947,3685,9939,544,1662,21408,4994.8424163745
76208,4,16999,4629,474,2565,1568,406,666,153,73,6168,297,5103,11896,3884.8774349580
76216,10,31293,3432,756,3613,8293,1812,304,313,1756,9926,1088,4188,27105,9276.1359161242
76224,3,7671,1245,179,3793,948,0,0,508,0,582,416,1424,6247,3171.3285183330
76232,6,11156,794,443,3613,1281,110,1936,1519,0,1134,325,1237,9918,5232.6920552495
76240,3,15537,3692,891,3613,3136,1092,65,1059,1205,360,424,4583,10954,2854.1956664997
76257,6,6068,434,0,3613,677,0,0,128,969,100,147,434,5634,5470.5416941245
76265,7,23347,8344,1462,3613,1366,331,44,119,823,7247,0,9806,13543,6976.9227403327
76273,1,4110,1352,265,1732,100,117,220,280,44,1,0,1617,2494,872.1153425416
76281,11,15177,4399,945,2201,579,411,2981,208,445,1228,1778,5344,9831,8483.3037865409
76299,5,13166,4764,958,3613,1834,263,585,566,432,21,130,5722,7444,4756.9927774996
76307,7,29120,5299,590,2002,4260,5431,0,632,2685,4461,3761,5889,23232,7135.4891662493
76315,5,15245,2435,673,2002,1467,1117,847,1049,1005,4551,100,3108,12138,5232.6920552495
76323,4,8265,525,148,1649,1034,0,0,0,2066,1802,1042,673,7593,4122.7270738330
76331,4,7410,1206,399,1649,1275,0,0,116,964,1450,350,1605,5804,3567.7445831247
76349,3,11990,3147,886,2638,446,733,149,2816,0,1175,0,4033,7957,2854.1956664997
76356,7,20729,5105,330,2638,1868,916,697,516,2614,5524,521,5435,15294,6580.5066755411
76364,4,11112,2301,556,2002,1738,0,498,714,1264,1171,868,2857,8255,3171.3285183330
76372,8,16264,1344,2645,4076,1566,639,988,493,0,3782,731,3989,12275,6818.3563144160
76380,9,13994,1549,31,4076,4180,200,548,249,107,2796,260,1580,12416,9434.7023420408
76398,6,12096,1284,659,1732,2192,1548,679,0,0,1981,2021,1943,10153,6818.3563144160
76406,8,67602,3095,1579,2201,3703,4156,1731,1422,13813,9955,25948,4674,62929,8007.6045087909
76414,5,16269,2844,1149,4076,1650,217,918,0,828,3855,731,3993,12275,4677.7095645412
76422,6,42708,2689,1084,4076,2646,499,799,3331,4111,23473,0,3773,38935,6342.6570366661
76430,8,29731,7821,390,2888,3407,1431,2351,1750,1016,6470,2207,8211,21520,7531.9052310410
76448,2,16081,2059,434,1733,4494,216,449,4976,830,180,709,2493,13587,1982.0803239582
76455,2,12482,2325,1088,1733,1689,153,0,537,166,2697,2096,3413,9071,2061.3635369165
76463,5,22692,10321,1886,1733,2414,1148,2315,559,1416,899,0,12207,10484,5311.9752682078
76471,1,5962,529,117,1733,2891,123,190,129,0,250,0,646,5316,872.1153425416
76489,3,20186,2361,520,4890,2133,50,1578,714,3699,4018,224,2881,17306,2616.3460276248
76497,3,15489,1582,245,4136,1537,46,1810,230,3227,2591,86,1827,13663,2616.3460276248
76505,5,20811,107,63,5487,977,461,2105,2498,2262,6116,735,170,20641,5153.4088422912
76513,4,17525,1726,769,5638,2068,1270,949,595,2627,1624,260,2495,15031,3171.3285183330
76521,5,15281,2530,483,5612,2062,222,849,797,1592,828,306,3013,12268,5153.4088422912
76539,2,15646,1574,666,4240,1242,1308,0,864,1198,4514,40,2240,13406,1982.0803239582
76547,4,14057,3079,357,4245,1291,50,100,2157,2079,439,260,3436,10621,3884.8774349580
76554,4,26298,4234,665,4196,2271,470,1734,1441,3880,6060,1349,4899,21401,3171.3285183330
76562,5,25461,4302,671,5553,4156,52,141,825,4581,2645,2535,4973,20488,4281.2934997496
76570,4,19617,3944,1454,4204,2038,1309,1217,880,3057,689,827,5398,14221,3884.8774349580
76588,2,12604,2785,827,4198,1598,50,90,615,454,901,1085,3612,8991,1982.0803239582
76596,3,6931,833,30,2994,801,196,0,1,1913,163,0,863,6068,2219.9299628331
76604,2,14114,338,129,4291,656,4812,0,41,3137,709,0,467,13646,2140.6467498748
76612,1,6667,417,246,4213,651,0,349,0,304,330,156,663,6003,872.1153425416
76620,1,7567,680,355,4150,1012,0,83,944,0,243,100,1035,6532,872.1153425416
76638,2,12323,994,362,6667,1921,699,0,478,269,858,76,1356,10968,1982.0803239582
76646,5,35554,3423,2446,5161,2491,4027,300,1627,6830,8682,569,5869,29687,4043.4438608746
76653,5,23521,3530,487,4396,2326,173,519,1881,2752,5751,1707,4017,19505,4994.8424163745
76661,1,15225,1387,494,4514,983,0,100,211,1321,5434,782,1881,13345,1189.2481943749
76679,7,39231,2010,345,9590,3155,585,267,455,12671,10110,43,2355,36876,5708.3913329995
76687,3,6558,768,173,2395,1317,0,1199,1,253,236,217,941,5618,3092.0453053747
76695,2,13266,4733,707,2722,1047,0,0,0,3198,859,0,5440,7826,1982.0803239582
76703,4,67705,3409,678,5090,2046,3018,666,415,48153,1221,3009,4087,63618,4122.7270738330
76711,4,9514,2407,480,2722,1416,56,0,231,834,1262,108,2887,6629,4122.7270738330
76729,1,9093,247,0,2722,1712,3723,80,212,249,149,0,247,8847,872.1153425416
76737,5,5458,182,0,2695,739,40,369,154,883,397,0,182,5277,5074.1256293329
76745,3,4964,678,203,2708,200,0,60,533,0,582,0,881,4083,2854.1956664997
76752,3,17893,11021,118,2722,667,420,1287,448,712,334,165,11139,6755,3250.6117312914
76760,4,34981,5614,80,8926,3475,199,2613,410,7260,6054,350,5694,29287,3884.8774349580
76778,6,30734,1122,676,8776,1549,446,665,1361,9838,6150,151,1798,28936,4756.9927774996
76786,4,14892,2541,175,3954,1169,1052,778,493,2406,1391,934,2716,12177,3647.0277960830
76794,3,15591,2630,391,3448,1140,86,0,1576,1265,4995,60,3021,12570,2299.2131757915
76802,2,10084,0,197,2690,526,0,0,100,173,6399,0,197,9888,1982.0803239582
76810,5,11526,1219,332,3493,1138,672,420,134,2083,1441,595,1551,9976,3884.8774349580
76828,7,10237,1524,436,4595,999,152,129,639,465,471,827,1960,8277,5391.2584811662
76836,1,5407,326,0,0,262,0,0,44,2160,2615,0,326,5081,1189.2481943749
76844,5,25379,4512,296,4489,2009,1467,697,1500,5773,4484,151,4808,20570,4202.0102867913
76851,4,19461,2622,904,5004,1389,468,764,627,3091,3804,787,3526,15934,3329.8949442497
76869,5,21065,1833,727,4304,1787,100,549,491,492,10696,86,2560,18505,5074.1256293329
76877,2,14181,2580,320,3742,1440,860,0,379,633,2896,1331,2900,11281,2140.6467498748
76885,2,35775,3366,1289,6895,3159,3614,1518,3142,599,11927,266,4655,31120,1982.0803239582
76893,5,22929,3441,319,6344,3298,70,846,762,6151,1596,104,3760,19171,4043.4438608746
76901,1,7625,763,49,3917,1165,0,0,71,918,675,67,812,6813,1189.2481943749
76919,3,25945,1301,440,4096,1594,71,0,785,769,16889,0,1741,24204,3012.7620924164
76927,2,15526,2094,281,5060,2102,229,300,1415,2553,944,547,2375,13150,1664.9474721248
76935,4,17571,1186,190,4012,1562,1298,594,404,5296,1764,1263,1376,16193,3171.3285183330
76943,5,15750,2271,882,4445,1392,0,369,259,3703,1519,911,3153,12598,4281.2934997496
76950,2,24408,12060,2407,2925,3264,727,80,702,275,931,1037,14467,9941,1982.0803239582
76968,1,8469,108,44,6023,1155,624,0,49,0,135,332,152,8318,951.3985554999
76976,5,21705,1305,223,11044,2531,65,349,1028,2567,2035,559,1528,20178,4598.4263515829
76984,5,128317,951,621,33038,69293,2595,299,1213,4571,15657,80,1572,126746,5074.1256293329
76992,2,14379,529,534,5956,2098,33,289,2181,930,1759,70,1063,13316,1982.0803239582
77008,2,23783,385,274,3943,2813,908,2974,3271,2480,6734,0,659,23123,1982.0803239582
77024,5,17893,1009,125,4018,1590,162,279,693,2671,7347,0,1134,16760,3964.1606479163
77032,2,8710,662,363,3298,1773,253,250,1474,215,422,0,1025,7685,1982.0803239582
77040,4,27194,238,96,4110,1737,65,0,1339,2291,17318,0,334,26860,4122.7270738330
77057,1,6698,72,20,5487,787,0,0,332,0,0,0,92,6606,872.1153425416
77065,2,17713,2948,14,4313,833,349,689,447,210,6720,1192,2962,14753,2140.6467498748
77073,1,5059,1083,247,1228,120,0,0,223,217,1474,468,1330,3730,872.1153425416
77081,3,12947,2980,458,2449,876,50,691,587,1309,3472,75,3438,9509,2616.3460276248
77099,2,6332,29,0,2398,394,666,390,927,64,887,576,29,6302,2140.6467498748
77107,2,28268,3374,195,1996,694,52,1249,174,5987,10434,4113,3569,24699,2140.6467498748
77115,2,13393,3347,1832,5471,806,52,0,245,20,1621,0,5179,8215,1982.0803239582
77123,2,16268,2603,1135,5387,688,0,660,5388,149,259,0,3738,12531,1982.0803239582
77131,5,18434,2233,669,5765,3139,80,0,2579,1843,2126,0,2902,15532,5391.2584811662
77149,4,36514,3423,1242,5765,1287,496,359,2216,3870,9705,8150,4665,31848,3171.3285183330
77156,3,45216,1591,596,6863,3463,3334,1695,1164,6691,11326,8494,2187,43030,2774.9124535414
77164,5,56490,8644,1001,6100,6207,2200,349,2514,6351,20595,2528,9645,46844,5311.9752682078
77172,2,8291,1479,644,3258,1079,0,0,242,729,861,0,2123,6169,1744.2306850832
77180,6,23270,2848,508,5057,2591,297,509,1327,7522,2116,494,3356,19913,6739.0731014577
77198,2,8737,744,429,2747,1256,404,0,399,1238,1234,286,1173,7564,1982.0803239582
77206,4,6647,815,192,251,423,161,802,566,524,2091,822,1007,5640,3409.1781572080
77214,3,3597,947,683,361,598,0,0,0,215,736,57,1630,1967,3250.6117312914
77222,2,6448,502,392,2106,929,876,200,359,205,868,10,894,5553,2061.3635369165
77230,5,12643,828,157,3965,1679,210,0,212,833,4391,369,985,11659,5074.1256293329
77248,4,30993,3012,1136,4956,1758,237,1099,562,3586,14440,207,4148,26845,3647.0277960830
77255,6,25153,4044,429,5257,3591,168,82,2155,6161,2505,760,4473,20679,5232.6920552495
77263,2,17192,518,0,5056,1506,166,2048,1858,3237,2804,0,518,16675,2140.6467498748
77271,5,38917,5510,1013,6582,1874,313,2964,1740,5416,12721,784,6523,32394,4915.5592034162
77289,6,40998,3260,730,5237,2604,799,300,2044,7436,17940,647,3990,37007,5946.2409718745
77297,4,28975,6427,1297,5463,3297,2175,2498,830,4002,2119,867,7724,21251,3964.1606479163
77305,5,20120,1585,265,5486,1712,1252,499,1222,5612,1635,852,1850,18270,3964.1606479163
77313,5,34770,4830,1118,5614,2335,1863,3036,1336,5862,8340,436,5948,28822,4677.7095645412
77321,5,23932,1771,878,5614,2492,0,1088,749,5842,5369,129,2649,21283,5074.1256293329
77339,5,15635,2158,349,5614,2062,33,928,656,3398,437,0,2507,13128,4439.8599256663
77347,5,20393,3124,1912,5652,2397,427,349,1504,2318,2475,235,5036,15357,4915.5592034162
77354,1,19959,3378,635,1749,2714,439,326,1537,3172,3014,2995,4013,15946,1109.9649814166
77362,4,58192,5426,532,5740,2296,1479,0,2034,29561,10506,619,5958,52235,4122.7270738330
77370,5,22756,4186,540,5614,1447,0,747,3157,5069,1954,43,4726,18031,4677.7095645412
77388,5,41783,7503,721,9681,1507,2476,928,842,7291,8515,2320,8224,33560,4360.5767127079
77396,1,6128,214,156,3835,941,0,0,309,129,543,0,370,5757,872.1153425416
77404,1,5022,466,175,3032,443,0,0,0,150,1,755,641,4381,1109.9649814166
77412,5,21645,2251,867,2036,1363,8575,250,888,1079,3311,1025,3118,18527,5074.1256293329
77420,3,4625,659,543,2036,392,21,0,0,0,489,486,1202,3424,3171.3285183330
77438,2,22929,1427,208,2623,1225,2706,654,3099,666,1049,9272,1635,21294,1982.0803239582
77446,2,13151,2077,694,1499,1318,563,1066,1479,1412,2250,794,2771,10381,1744.2306850832
77453,7,21134,8326,582,4306,1368,266,349,2082,0,3331,525,8908,12227,6659.7898884994
77461,7,10922,2517,673,2840,1233,164,498,1666,1003,215,112,3190,7731,6501.2234625827
77479,6,11120,3277,352,2840,1540,0,199,120,634,1269,890,3629,7492,4598.4263515829
77487,2,11141,5035,538,2840,632,150,0,1110,0,835,0,5573,5567,1982.0803239582
77495,6,19411,3780,998,4306,2080,1177,757,1286,2186,2559,282,4778,14633,6184.0906107494
77503,6,15090,3818,353,3335,1594,873,768,1397,0,1906,1046,4171,10919,5866.9577589161
77511,1,7064,2033,1000,2727,1053,60,0,71,0,120,0,3033,4031,872.1153425416
77529,5,20499,2149,2096,3335,1409,283,1957,2239,3214,3033,784,4245,16254,3884.8774349580
77537,6,20046,3909,684,3335,1512,3962,196,68,3225,2197,959,4593,15454,5866.9577589161
77545,3,14685,4711,667,2727,572,0,0,4561,0,1447,0,5378,9307,3171.3285183330
77552,3,21205,7710,1765,3335,1471,392,349,2622,0,2493,1068,9475,11730,3171.3285183330
77560,2,13870,2774,1170,3335,1700,417,635,1548,66,813,1412,3944,9926,1982.0803239582
77578,4,52533,9965,1015,4085,1725,3121,1996,1257,2877,21402,5087,10980,41550,3171.3285183330
77586,6,13274,4549,867,4085,1018,349,0,0,150,998,1258,5416,7858,5946.2409718745
77594,3,18461,4443,985,3335,1579,300,529,624,1161,5333,173,5428,13034,3012.7620924164
77602,1,3611,811,69,221,63,0,99,0,577,597,1174,880,2731,872.1153425416
77610,1,4061,213,257,2211,355,0,0,193,640,193,0,470,3592,872.1153425416
77628,6,13884,1397,230,4814,1708,311,902,875,2291,864,491,1627,12256,4677.7095645412
77636,3,22757,1987,134,4307,1727,120,712,4613,4051,4510,596,2121,20636,3012.7620924164
77644,4,17222,3362,716,4769,1091,26,768,334,360,887,4908,4078,13143,3647.0277960830
77651,1,11134,727,286,3158,437,1726,0,0,2275,1029,1497,1013,10122,1189.2481943749
77669,5,29960,3778,160,3583,1496,193,840,1074,5863,12608,364,3938,26021,4122.7270738330
77677,4,23039,3465,615,3583,1173,498,2682,2919,3206,3355,1543,4080,18959,4202.0102867913
77685,1,3573,134,54,2412,519,64,0,244,100,46,0,188,3385,872.1153425416
77693,4,22712,2221,411,4735,1215,881,69,777,3553,7086,1765,2632,20081,3329.8949442497
77701,4,27437,1281,481,2771,1805,1384,571,422,2616,15635,470,1762,25674,4122.7270738330
77719,1,5264,867,44,2006,389,0,0,63,244,1650,0,911,4352,1109.9649814166
77727,6,29499,1633,369,2771,2187,894,92,537,4195,8663,8157,2002,27496,5153.4088422912
77735,5,10515,2825,806,2084,1272,727,326,471,974,483,546,3631,6883,4439.8599256663
77743,2,20375,4395,736,2184,906,0,0,1867,393,9894,0,5131,15244,1982.0803239582
77750,6,8987,3484,969,549,1715,362,10,269,679,819,130,4453,4533,6025.5241848328
77768,3,14457,2280,338,2808,2376,286,1306,924,3120,558,461,2618,11839,2537.0628146664
77776,6,25731,6658,729,4691,939,1114,699,1657,4160,4856,227,7387,18343,6421.9402496244
77784,4,16261,1967,453,4691,1843,1090,0,369,1828,2887,1133,2420,13841,3171.3285183330
77792,6,34292,1931,242,9087,3112,218,898,5133,4868,6841,1961,2173,32118,6184.0906107494
77800,2,30285,3386,186,9977,5307,899,434,1770,2774,4952,600,3572,26713,1982.0803239582
77818,2,62324,6470,1589,12216,11522,1743,3056,12914,1848,9094,1873,8059,54266,1982.0803239582
77826,1,10498,743,782,4498,993,0,80,435,162,2806,0,1525,8974,1109.9649814166
77834,2,8266,531,253,2864,394,218,619,0,1341,1836,209,784,7481,1982.0803239582
77842,2,26809,2348,0,3892,3021,0,200,8354,1842,839,6313,2348,24461,1982.0803239582
77859,7,5912,1339,260,1954,922,216,0,2,641,519,59,1599,4313,5311.9752682078
77867,2,46071,2156,332,2512,799,295,0,901,35272,3255,549,2488,43583,2140.6467498748
77875,2,18867,2085,297,2638,2310,67,0,579,2280,8612,0,2382,16486,1982.0803239582
77883,4,17227,1742,679,3244,1856,437,919,2648,4700,980,22,2421,14806,3171.3285183330
77891,4,14009,501,553,4184,1334,0,861,1650,2675,579,1671,1054,12954,3171.3285183330
77909,4,27239,4154,490,4120,1997,215,213,801,6419,5381,3449,4644,22595,3171.3285183330
77917,3,15410,2280,781,4370,2223,24,199,681,2947,1906,0,3061,12350,3171.3285183330
77925,3,13888,2107,1200,3374,1370,34,0,507,259,4665,373,3307,10582,3171.3285183330
77933,3,15520,4161,958,5943,2180,1451,0,212,283,180,152,5119,10401,3171.3285183330
77941,4,25150,3431,1297,6011,2070,175,489,1142,5848,3616,1071,4728,20422,3409.1781572080
77958,4,29464,4801,68,4413,1449,109,2234,3060,5487,5400,2442,4869,24594,3171.3285183330
77966,4,18308,2713,114,4318,2210,1011,0,2451,2234,1587,1670,2827,15481,3329.8949442497
77974,6,27496,2420,268,5873,5776,199,1098,598,4628,6384,251,2688,24807,6104.8073977911
77982,6,20740,0,0,6344,530,233,0,1118,10092,2071,353,0,20741,6025.5241848328
77990,2,10062,439,85,7017,1100,0,0,0,0,1421,0,524,9538,1982.0803239582
78006,2,11410,2013,204,4331,1127,225,0,160,437,1806,1107,2217,9193,1982.0803239582
78014,1,6601,841,386,3456,574,0,120,228,519,478,0,1227,5375,872.1153425416
78022,1,5887,445,149,3746,427,0,100,0,430,590,0,594,5293,1189.2481943749
78030,3,25068,6231,1753,3109,1014,280,610,1999,2636,6059,1378,7984,17085,2695.6292405831
78048,3,4172,430,0,2988,313,0,0,37,0,404,0,430,3742,3092.0453053747
78055,7,10676,596,271,7017,1785,0,0,0,90,917,0,867,9809,7214.7723792077
78063,1,7781,491,547,4367,729,0,0,335,309,997,7,1038,6744,872.1153425416
78071,2,11850,2266,863,4399,1228,0,250,795,389,1406,254,3129,8721,1982.0803239582
78089,2,29918,2997,1497,3631,920,2983,709,1437,1805,13692,246,4494,25423,1982.0803239582
78097,1,10272,1859,383,3456,717,50,319,2326,239,45,878,2242,8030,1109.9649814166
78105,4,21313,4880,645,3792,1743,0,579,868,4233,2708,1864,5525,15787,3329.8949442497
78113,2,5631,1504,745,1896,315,0,419,67,374,265,44,2249,3380,2140.6467498748
78121,3,33651,3382,369,2398,678,4294,0,1233,3022,17612,664,3751,29901,3250.6117312914
78139,3,15053,3324,810,4445,1073,997,857,603,135,397,2412,4134,10919,3171.3285183330
78147,2,6469,686,315,2251,357,1481,0,729,286,269,95,1001,5468,1982.0803239582
78154,3,15031,3187,690,2545,604,0,519,886,139,6405,57,3877,11155,2616.3460276248
78162,7,16999,3639,394,4995,1174,377,1507,471,1761,685,1997,4033,12967,5787.6745459578
78170,4,7623,807,0,3486,1326,176,50,226,632,919,0,807,6815,3329.8949442497
78188,3,8772,600,342,2498,1266,468,782,8,1812,996,0,942,7830,2457.7796017081
78196,2,9781,952,672,3682,1089,1232,0,773,355,212,815,1624,8158,1982.0803239582
78204,1,3792,396,473,1998,187,0,0,566,0,170,3,869,2924,872.1153425416
78212,1,4122,427,45,2797,60,0,60,58,217,128,330,472,3650,872.1153425416
78220,4,7995,393,0,3197,517,0,184,68,482,2320,835,393,7603,3409.1781572080
78238,2,14902,1688,0,2893,3909,3333,0,191,155,1700,1033,1688,13214,2299.2131757915
78246,3,15600,2150,256,3497,965,146,269,209,3063,2913,2133,2406,13195,2695.6292405831
78253,3,14416,5787,246,1614,772,173,3524,322,0,1782,196,6033,8383,3012.7620924164
78261,4,11043,1990,792,1614,1411,2295,0,2713,0,227,0,2782,8260,3805.5942219997
78279,2,10398,3452,1474,1562,974,765,0,598,0,1572,0,4926,5471,1982.0803239582
78287,7,23344,3879,750,2512,1726,2475,542,380,180,8305,2595,4629,18715,6104.8073977911
78295,6,29302,3700,523,1968,951,400,644,332,19045,1688,52,4223,25080,4677.7095645412
78303,1,8308,3060,828,1968,771,293,100,654,233,60,341,3888,4420,872.1153425416
78311,6,17324,4667,196,2512,1776,109,953,9,4622,2313,165,4863,12459,6025.5241848328
78329,1,4890,1167,183,1863,491,0,140,17,266,88,675,1350,3540,1109.9649814166
78337,3,5338,949,100,1968,1161,0,0,8,366,120,666,1049,4289,3329.8949442497
78345,3,11718,1702,840,621,1295,250,491,3079,152,1245,2042,2542,9175,2854.1956664997
78352,2,4612,1223,479,1242,515,0,0,33,65,200,853,1702,2908,1982.0803239582
78360,4,16459,1848,288,1968,923,0,948,465,1947,5937,2136,2136,14324,3805.5942219997
78378,2,30142,3916,893,8902,1940,333,987,1586,399,11187,0,4809,25334,1982.0803239582
78386,3,11603,2067,275,2716,1293,193,0,754,493,3780,33,2342,9262,2933.4788794581
78394,1,28821,1630,314,9236,1519,817,2950,978,4471,6908,0,1944,26879,1109.9649814166
78402,1,8174,0,86,5988,1309,0,0,508,103,180,0,86,8088,872.1153425416
78410,2,17772,1795,387,11664,1246,288,0,69,0,2323,0,2182,15590,1982.0803239582
78428,3,12748,217,524,7017,680,93,280,303,1012,2579,43,741,12007,3250.6117312914
78436,2,38734,846,653,7017,2584,2385,904,158,811,23376,0,1499,37235,2140.6467498748
78444,4,16710,1433,0,4795,1357,83,0,828,2424,5713,77,1433,15277,4202.0102867913
78451,5,27824,5929,2092,5101,2799,600,0,1038,3220,6258,786,8021,19802,4598.4263515829
78469,2,23314,4072,1473,5334,5153,177,180,3600,1038,1334,953,5545,17769,1982.0803239582
78477,2,15435,1273,0,6018,1185,1662,757,1122,2450,576,392,1273,14162,1902.7971109998
78485,2,13673,1290,487,6520,666,17,313,51,988,3322,20,1777,11897,2140.6467498748
78493,4,18129,2814,718,5416,1416,741,1908,1199,2945,971,0,3532,14596,3092.0453053747
78501,4,41317,9371,1469,11133,4920,1321,553,3034,5616,3311,588,10840,30476,3488.4613701663
78519,2,8687,1036,754,5387,754,0,0,354,209,182,12,1790,6898,1982.0803239582
78527,1,13008,1665,69,5037,700,95,199,258,220,2179,2586,1734,11274,1189.2481943749
78535,4,42196,3477,1825,9069,9898,920,599,3954,4709,5782,1964,5302,36895,4122.7270738330
78543,2,10236,584,375,4566,1791,100,399,1391,354,675,0,959,9276,1744.2306850832
78550,2,10273,1123,253,4509,1494,0,709,1081,401,641,61,1376,8896,1982.0803239582
78568,4,29206,2364,78,3197,1463,868,2130,2375,3225,10514,2993,2442,26765,3805.5942219997
78576,6,26004,4656,464,4479,1998,250,0,897,8363,2355,2542,5120,20884,6025.5241848328
78584,3,13212,1204,79,3112,3628,50,0,864,3984,239,52,1283,11929,2854.1956664997
78592,5,6041,1339,580,2891,429,234,0,87,138,212,130,1919,4121,4836.2759904579
78600,4,16846,2038,240,5560,1099,0,0,312,3185,4246,164,2278,14566,4281.2934997496
78618,5,24448,3675,948,4639,1609,323,299,1773,6101,4505,577,4623,19826,4122.7270738330
78626,2,19989,3344,2285,5874,4486,672,52,396,595,1206,1080,5629,14361,1982.0803239582
78634,2,9643,1573,553,5494,1079,201,0,1,55,146,542,2126,7518,1982.0803239582
78642,2,14125,1860,1006,2251,5672,52,0,72,239,161,2812,2866,11259,2061.3635369165
78659,5,29665,5793,556,15202,2557,49,380,907,2464,1227,531,6349,23317,4836.2759904579
78667,2,10864,629,320,2953,450,0,155,225,1999,4010,123,949,9915,2140.6467498748
78675,3,31139,4128,1018,5877,1981,1105,2717,928,3357,8971,1056,5146,25992,2774.9124535414
78683,2,21997,0,0,4341,1190,65,799,1967,8298,4419,918,0,21997,1982.0803239582
78691,1,4907,1255,0,1892,330,0,0,41,847,542,0,1255,3652,951.3985554999
78709,2,6862,1433,0,1998,513,1032,0,0,919,468,498,1433,5428,1902.7971109998
78717,5,26150,1969,527,4666,968,488,1770,761,7428,7572,0,2496,23653,4677.7095645412
78725,1,8543,1500,369,4443,1235,153,0,244,426,140,33,1869,6674,872.1153425416
78733,2,2179,508,44,502,170,0,0,637,0,320,0,552,1629,1982.0803239582
78741,3,11808,154,188,4383,1396,305,0,2493,1906,444,540,342,11467,3171.3285183330
78758,2,13242,897,184,4413,972,3114,0,233,1849,710,871,1081,12162,1744.2306850832
78766,2,14914,1084,299,5668,1588,1315,0,1245,2901,524,291,1383,13532,1982.0803239582
78774,1,7482,2421,574,3173,329,0,0,73,0,911,0,2995,4486,1189.2481943749
78782,2,11323,2036,854,6159,969,0,0,142,494,669,0,2890,8433,1982.0803239582
78790,1,18151,588,294,4666,1186,78,0,590,1984,8206,557,882,17267,1109.9649814166
78808,5,10634,109,0,3992,2091,249,749,236,1983,1175,50,109,10525,4202.0102867913
78816,4,27310,5999,215,4890,1994,2580,2532,92,2959,1495,4554,6214,21096,3250.6117312914
78824,2,7126,1095,70,4666,675,9,0,546,0,66,0,1165,5962,1982.0803239582
78832,1,14907,1008,296,3023,4391,0,0,261,1360,4567,0,1304,13602,1109.9649814166
78840,2,6543,1528,427,3109,1100,0,220,0,0,159,0,1955,4588,2378.4963887498
78857,3,16663,2628,554,6159,1411,0,60,786,544,2352,2170,3182,13482,3171.3285183330
78865,4,11797,4300,944,3310,1085,241,499,168,538,294,418,5244,6553,3171.3285183330
78873,1,6805,435,0,3991,1017,34,0,237,0,441,649,435,6369,1109.9649814166
78881,8,7425,1120,1050,4666,5,0,269,8,300,8,0,2170,5256,7611.1884439993
78899,5,22881,3580,899,4196,1587,77,382,1297,955,8432,1475,4479,18401,4519.1431386246
78907,7,12039,523,0,3939,655,560,612,314,2250,2903,283,523,11516,5787.6745459578
78915,2,12073,1540,741,2897,829,65,756,2872,1380,434,558,2281,9791,2061.3635369165
78923,2,11208,1513,235,4666,1164,30,499,1106,614,1281,100,1748,9460,1982.0803239582
78931,2,10123,1605,47,3849,650,174,109,179,851,873,1787,1652,8472,2061.3635369165
78949,2,9563,764,810,6159,973,0,0,659,0,199,0,1574,7990,1982.0803239582
78956,4,8730,521,65,3147,876,50,0,285,2513,637,637,586,8145,3250.6117312914
78964,3,23820,4396,929,6368,5523,1665,0,1762,1489,1688,0,5325,18495,3171.3285183330
78972,1,12315,711,581,3849,1571,0,0,2487,1167,101,1848,1292,11023,1109.9649814166
78980,4,18930,5138,377,3486,966,93,220,573,2756,4317,1004,5515,13415,3250.6117312914
78998,3,13461,1734,1210,3999,911,0,350,425,238,1457,3136,2944,10516,2933.4788794581
79004,1,7035,1968,78,1892,333,217,0,1693,325,398,130,2046,4988,1189.2481943749
79012,1,22734,915,234,3849,726,2331,450,701,0,1281,12247,1149,21585,1109.9649814166
79020,1,10092,730,199,4772,1147,0,710,466,413,1210,444,929,9162,872.1153425416
79038,5,13128,1158,264,4806,1512,37,0,304,146,4815,85,1422,11705,5549.8249070828
79046,5,13981,785,253,4192,2428,43,421,2095,2655,1077,33,1038,12944,4043.4438608746
79053,2,9411,2852,0,3696,702,1223,0,171,133,635,0,2852,6560,2061.3635369165
79061,3,12429,2231,309,4666,1688,871,321,163,200,1831,150,2540,9890,2933.4788794581
79079,3,11933,0,0,5295,713,634,98,446,3319,1221,208,0,11934,2378.4963887498
79087,2,16259,1766,596,4916,2654,130,1099,4120,662,260,57,2362,13898,1982.0803239582
79095,3,18301,1155,330,4134,1501,6016,1179,231,1201,2109,446,1485,16817,2616.3460276248
79103,3,2988,462,235,322,746,74,0,587,273,130,159,697,2291,3250.6117312914
79111,4,9671,1118,969,3796,842,185,0,673,990,864,233,2087,7583,3409.1781572080
79129,4,16063,1368,576,6899,1043,480,400,442,2785,1478,592,1944,14119,3409.1781572080
79137,7,22827,1960,1216,4760,2751,39,931,476,7281,2546,868,3176,19652,5946.2409718745
79145,6,30871,3206,1895,6298,3132,193,739,4173,8829,1659,746,5101,25769,5787.6745459578
79152,2,30538,42,320,4804,1847,1701,0,2963,3310,14946,606,362,30177,1982.0803239582
79160,5,17104,1270,534,4905,1191,56,45,422,3123,5013,545,1804,15300,4122.7270738330
79178,4,7975,848,180,3924,642,9,879,495,600,249,150,1028,6948,3409.1781572080
79186,4,12062,737,479,4905,1174,65,0,717,2499,1267,220,1216,10847,3329.8949442497
79194,4,6856,0,0,2797,1208,0,300,271,592,1222,465,0,6855,3488.4613701663
79202,3,22375,3503,877,5105,2287,238,1738,2053,1802,3696,1078,4380,17997,2933.4788794581
79210,1,2647,347,0,1766,72,0,0,1,0,460,0,347,2299,1189.2481943749
79228,2,8081,898,78,4096,718,34,0,0,1997,210,50,976,7105,2061.3635369165
79236,1,8037,256,56,4721,2,0,0,0,2129,856,17,312,7725,1189.2481943749
79244,1,2605,215,43,1494,3,0,0,35,0,159,656,258,2347,1189.2481943749
79251,4,13690,1415,290,3849,2623,1420,653,125,2746,50,519,1705,11985,3171.3285183330
79269,5,8296,627,597,3849,576,0,759,1,16,1768,102,1224,7071,3884.8774349580
79277,2,6705,1178,248,3849,578,47,0,539,0,145,120,1426,5278,1982.0803239582
79285,1,2569,417,61,1660,72,40,0,33,92,193,0,478,2090,951.3985554999
79293,1,15742,239,9,7692,2674,871,0,746,270,3240,0,248,15493,872.1153425416
79301,1,8566,567,92,4721,3,0,1499,266,0,561,857,659,7907,1189.2481943749
79319,1,4105,1147,184,1499,2,78,0,0,877,80,239,1331,2775,1189.2481943749
79327,1,2539,208,0,1758,72,0,0,0,40,460,0,208,2330,951.3985554999
79335,7,31672,4372,1941,5155,2020,1504,1020,4901,5412,4639,708,6313,25359,7452.6220180826
79343,7,24442,3639,141,3485,1460,2090,0,4198,963,424,8041,3780,20661,7531.9052310410
79350,4,24281,2942,494,4993,2358,713,350,885,153,10521,873,3436,20846,4122.7270738330
79368,5,23864,2693,1893,4351,1124,1205,2400,1854,4556,3048,739,4586,19277,4360.5767127079
79376,7,11262,815,660,2495,1523,607,464,695,3603,261,139,1475,9787,5311.9752682078
79384,5,17383,3173,814,3518,840,4841,70,293,2530,1034,271,3987,13397,3726.3110090413
79392,8,11165,1344,465,4848,1317,247,0,556,1597,391,401,1809,9357,7214.7723792077
79400,7,11305,1828,1072,3278,469,82,440,215,1555,1604,762,2900,8405,5311.9752682078
79418,2,8456,1011,563,2566,1468,1415,0,173,18,90,1152,1574,6882,1982.0803239582
79426,7,13591,3126,543,6159,1039,0,468,535,1257,371,93,3669,9922,6580.5066755411
79434,6,18014,1917,310,5249,3375,150,0,744,1170,3501,1598,2227,15787,4756.9927774996
79442,3,11112,0,0,3849,1526,1665,1346,0,132,889,1706,0,11113,2933.4788794581
79459,1,9167,73,130,3966,3914,160,0,268,407,115,133,203,8963,872.1153425416
79467,2,5889,996,256,3293,912,103,0,0,0,328,0,1252,4636,2061.3635369165
79475,2,10705,2660,221,3849,1065,0,0,535,250,2021,104,2881,7824,1982.0803239582
79483,2,25008,2952,452,4796,639,3567,0,2120,2829,7009,645,3404,21605,1982.0803239582
79491,1,5546,1121,85,3194,466,0,0,128,60,492,0,1206,4340,1189.2481943749
79509,1,4627,713,20,3197,222,0,65,203,60,147,0,733,3894,1109.9649814166
79517,2,10446,446,308,4666,792,1311,0,980,669,1276,0,754,9694,2061.3635369165
79525,2,3260,0,0,1353,23,0,0,0,1686,120,79,0,3261,1506.3810462082
79533,1,3443,840,269,181,636,156,481,204,385,206,85,1109,2334,872.1153425416
79541,3,6535,1618,562,1955,651,17,60,1,309,1318,44,2180,4355,3171.3285183330
79558,2,4721,949,261,0,704,0,0,446,0,261,2099,1210,3510,1982.0803239582
79566,5,13427,1319,313,4540,1081,212,619,17,1130,4196,0,1632,11795,4836.2759904579
79574,2,10860,963,444,4799,646,40,140,401,978,2385,65,1407,9454,1982.0803239582
79582,1,2002,499,17,1145,60,0,0,167,64,50,0,516,1486,1109.9649814166
79590,1,1625,144,17,1145,105,0,0,0,197,17,0,161,1464,872.1153425416
79608,1,1838,446,102,896,259,0,0,0,64,70,0,548,1289,1109.9649814166
79616,1,3663,1520,65,1212,302,0,0,148,64,353,0,1585,2079,1109.9649814166
79624,1,6612,820,344,3459,436,139,0,1093,43,128,150,1164,5448,872.1153425416
79632,7,9922,1066,227,4145,933,285,0,1895,393,198,780,1293,8629,5232.6920552495
79640,7,7495,464,350,3459,948,266,0,0,1208,369,431,814,6681,6897.6395273744
79657,6,9433,1006,514,3459,1542,0,375,675,1582,126,155,1520,7914,6025.5241848328
79665,5,14078,1251,343,3459,2608,213,1038,964,3020,813,369,1594,12484,4360.5767127079
79673,9,22131,2258,1712,5497,3504,699,1069,457,3368,2632,935,3970,18161,8721.1534254159
79681,7,12281,1248,1139,4145,1064,107,784,326,2786,141,540,2387,9893,6421.9402496244
79699,2,9021,1613,1209,1499,653,814,0,48,1090,538,1558,2822,6200,2061.3635369165
79707,2,19502,2847,637,5412,1929,134,0,988,1415,4950,1190,3484,16018,2140.6467498748
79715,2,12032,2229,384,5111,1377,161,205,531,706,565,763,2613,9419,2061.3635369165
79723,2,20094,4357,304,5663,571,3341,1273,847,2258,1022,457,4661,15432,1902.7971109998
79731,2,8234,0,0,5387,530,0,0,672,885,759,0,0,8233,1982.0803239582
79749,2,15591,783,434,3940,1077,4995,519,366,348,3043,87,1217,14375,2061.3635369165
79756,3,7820,1181,390,4012,1028,0,0,155,279,334,440,1571,6248,3012.7620924164
79764,1,4083,383,161,2708,241,0,84,325,65,116,0,544,3539,872.1153425416
79772,3,22199,2487,654,6569,1175,40,136,581,3923,5031,1604,3141,19059,3171.3285183330
79780,2,9545,113,271,3611,417,16,160,83,4426,306,143,384,9162,1585.6642591665
79798,4,32137,5876,585,9002,1614,442,868,991,4317,8191,250,6461,25675,4122.7270738330
79806,1,6970,388,498,4116,414,67,0,69,1129,211,77,886,6083,1109.9649814166
79814,1,11671,1104,218,7199,1219,57,65,725,213,778,93,1322,10349,1109.9649814166
79822,1,7362,989,231,3811,492,0,0,1605,45,189,0,1220,6142,1109.9649814166
79830,2,11865,3997,319,5015,717,0,0,909,538,223,147,4316,7549,2061.3635369165
79848,2,17803,1364,519,3456,2203,257,815,1898,668,6623,0,1883,15920,1982.0803239582
79855,2,10186,811,0,3406,912,2480,0,267,1069,1241,0,811,9375,2140.6467498748
79863,5,32749,7629,881,4832,4961,468,1150,1582,6040,4254,951,8510,24238,5074.1256293329
79871,2,16744,2163,197,4127,2182,1410,0,1952,1234,2433,1046,2360,14384,1982.0803239582
79889,2,12800,3547,607,4765,261,586,0,142,313,2579,0,4154,8646,1982.0803239582
79897,5,43827,3235,454,5165,7195,2750,1976,2280,5032,15298,444,3689,40140,4122.7270738330
79905,2,18451,0,269,5084,2619,299,120,5950,2265,1845,0,269,18182,1982.0803239582
79913,2,3631,1288,325,1562,316,0,0,0,0,140,0,1613,2018,1982.0803239582
79921,6,10633,2898,59,2201,1501,166,955,261,278,180,2133,2957,7675,4756.9927774996
79939,3,11629,3364,989,2201,1072,2711,379,598,0,70,244,4353,7275,2854.1956664997
79947,1,9122,2979,519,1733,929,381,392,276,0,872,1042,3498,5625,872.1153425416
79954,5,15621,3308,1278,1863,2025,561,2864,100,985,380,2255,4586,11033,5153.4088422912
79962,1,5275,311,13,1863,300,0,327,382,0,1521,558,324,4951,872.1153425416
79970,6,20490,3073,688,1863,2025,865,0,126,5342,6257,251,3761,16729,6104.8073977911
79988,2,9203,1525,575,1863,698,2008,436,1090,0,650,357,2100,7102,1982.0803239582
79996,5,10125,780,35,1840,1314,116,1248,261,1963,1549,1019,815,9310,4519.1431386246
80002,5,20250,2236,370,2036,870,0,0,998,0,12825,915,2606,17644,4281.2934997496
80010,5,7138,1931,414,1614,512,0,359,1691,349,80,187,2345,4792,4677.7095645412
80028,5,13014,2619,1360,3176,1564,83,1108,820,200,1823,261,3979,9035,4122.7270738330
80036,3,28621,3222,458,5973,3263,149,0,716,838,14000,0,3680,24939,3171.3285183330
80044,3,14770,1245,12,5765,836,767,170,1057,3101,1757,60,1257,13513,3092.0453053747
80051,4,27754,3154,1251,4160,5964,78,295,3146,2527,6831,348,4405,23349,4043.4438608746
80069,6,24193,4595,630,5765,2125,448,0,1255,2845,4967,1562,5225,18967,5866.9577589161
80077,4,20761,3532,1004,5877,1502,52,0,1152,3341,4300,0,4536,16224,3647.0277960830
80085,5,31106,3172,473,5965,1551,325,100,1602,3227,14404,287,3645,27461,4281.2934997496
80093,5,30530,2601,644,5931,2071,7064,998,1313,3682,6177,50,3245,27286,5232.6920552495
80101,2,16042,707,0,4160,1781,134,0,57,2096,7064,43,707,15335,1744.2306850832
80119,3,12762,3861,902,1968,3330,218,599,1410,131,160,183,4763,7999,3171.3285183330
80127,3,13919,1233,65,1863,2292,1976,2834,0,380,2077,1197,1298,12619,3171.3285183330
80135,2,16042,5026,195,1804,2829,0,329,866,565,2894,1534,5221,10821,1982.0803239582
80143,2,14228,2753,292,5845,1297,152,0,1417,337,2136,0,3045,11184,1982.0803239582
80150,6,28308,6163,776,4937,3787,1221,429,889,6678,2731,696,6939,21368,6184.0906107494
80168,3,20587,4675,721,4987,1510,271,391,1483,4317,2233,0,5396,15192,3250.6117312914
80176,5,37396,6627,1206,4178,3039,789,1211,3523,7263,8444,1114,7833,29561,4439.8599256663
80184,4,45686,2832,1122,4120,4732,214,367,4859,6064,20970,406,3954,41732,3409.1781572080
80192,3,18503,4467,349,3334,1296,1007,100,482,3640,3104,725,4816,13688,3012.7620924164
80200,2,24349,4580,2279,3418,3521,114,387,1578,1183,7166,123,6859,17490,1982.0803239582
80218,1,12696,2494,265,3421,1680,832,126,1866,760,1061,191,2759,9937,1109.9649814166
80226,5,19108,1135,0,3441,2323,0,798,3327,1570,5488,1024,1135,17971,5074.1256293329
80234,5,11137,2766,845,2283,1501,517,249,48,604,1742,584,3611,7528,4122.7270738330
80242,2,21039,2410,498,3505,1458,334,399,1549,1859,8231,797,2908,18132,1982.0803239582
80259,5,27787,2762,713,4328,2012,453,406,1225,7291,8444,152,3475,24311,4677.7095645412
80267,1,2311,949,152,0,132,0,250,1,65,492,270,1101,1210,951.3985554999
80275,1,6286,131,0,1454,140,196,150,151,948,3082,33,131,6154,1189.2481943749
80283,1,615,35,0,0,232,0,0,79,163,24,83,35,581,951.3985554999
80291,5,11766,1439,88,2527,1247,123,661,594,3026,1734,328,1527,10240,4043.4438608746
80309,2,8524,594,167,3794,925,43,100,1065,0,1750,86,761,7763,1982.0803239582
80317,2,17268,1722,395,5630,1417,1335,160,382,1033,4390,803,2117,15150,1982.0803239582
80325,2,9960,1065,515,4432,1242,970,0,700,183,732,121,1580,8380,1982.0803239582
80333,5,23507,3624,506,5705,2663,146,429,621,5648,3599,567,4130,19378,4122.7270738330
80341,2,6264,601,286,3493,1116,0,0,162,0,562,43,887,5376,1982.0803239582
80358,3,7349,1443,494,3693,764,142,0,240,47,71,455,1937,5412,2695.6292405831
80366,4,15886,1390,1393,5714,2941,1086,273,329,1742,1019,0,2783,13104,3488.4613701663
80374,1,27205,2982,647,3814,1347,400,599,618,125,15792,881,3629,23576,1109.9649814166
80382,2,19631,3102,1372,3253,2536,287,186,6793,127,1957,18,4474,15157,1982.0803239582
80390,1,10625,658,43,2861,1153,100,300,714,1368,3428,0,701,9924,1189.2481943749
80408,6,15089,3585,585,4716,1714,123,825,809,954,1427,352,4170,10920,4915.5592034162
80416,5,37501,3390,1146,5344,3843,211,598,2261,7057,13083,568,4536,32965,4439.8599256663
80424,4,35650,6471,493,4594,1483,203,1594,2647,5024,11817,1324,6964,28686,3329.8949442497
80432,6,18657,5305,158,3814,1504,657,528,271,3822,2299,299,5463,13194,5946.2409718745
80440,6,21077,1180,701,5487,2560,105,481,2093,5146,2800,523,1881,19195,6580.5066755411
80457,2,17638,2034,373,4437,1852,112,80,920,2367,3895,1569,2407,15232,1982.0803239582
80465,5,21637,2571,656,5587,1587,60,522,929,4369,2590,2765,3227,18409,4519.1431386246
80473,3,32119,4275,1626,5721,10028,991,200,4897,985,1875,1521,5901,26218,2854.1956664997
80481,3,19578,3150,350,5744,3047,241,268,747,2095,3829,108,3500,16079,2854.1956664997
80499,4,48118,2690,833,4186,2803,2255,0,814,1777,32692,69,3523,44596,4439.8599256663
80507,2,12837,1944,1564,4192,1650,163,299,114,338,2528,44,3508,9328,2140.6467498748
80515,1,4715,713,194,2084,585,0,0,389,264,390,95,907,3807,872.1153425416
80523,2,5009,209,124,2084,1601,44,0,192,0,399,358,333,4678,1982.0803239582
80531,2,11367,2624,479,2036,1773,0,0,1758,0,2697,0,3103,8264,1982.0803239582
80549,7,8165,654,872,2036,712,400,0,134,324,3034,0,1526,6640,7214.7723792077
80556,4,8968,3138,1303,1614,1048,77,898,558,67,78,187,4441,4527,4122.7270738330
80564,7,16853,2624,1748,2036,1266,153,663,1200,1446,4834,884,4372,12482,7214.7723792077
80572,6,9141,3325,506,2036,593,0,0,90,697,1893,0,3831,5309,5708.3913329995
80580,1,7778,1660,548,2098,1077,66,199,263,240,1041,586,2208,5570,872.1153425416
80598,2,18081,1505,790,7308,698,0,0,1863,2419,3341,156,2295,15785,1982.0803239582
80606,3,18866,2457,152,4591,1944,50,137,1095,3426,4812,203,2609,16258,2616.3460276248
80614,1,7403,1440,0,2046,1,0,508,266,2079,952,112,1440,5964,1189.2481943749
80622,3,16705,2636,2416,4913,2857,258,0,511,252,1292,1569,5052,11652,2933.4788794581
80630,1,6576,526,100,3340,119,0,0,54,476,1960,0,626,5949,951.3985554999
80648,2,15381,3446,0,3514,1661,209,399,1690,1724,2666,73,3446,11936,2061.3635369165
80655,1,8562,1375,0,2909,267,81,699,906,573,291,1461,1375,7187,951.3985554999
80663,2,10308,819,248,4212,4568,0,0,182,229,50,0,1067,9241,1744.2306850832
80671,1,7845,2087,26,3244,622,0,789,104,127,232,616,2113,5734,872.1153425416
80689,1,35658,8089,0,5387,731,0,1429,167,6302,8238,5314,8089,27568,1189.2481943749
80697,2,16040,823,261,7169,1425,53,699,4232,1082,201,96,1084,14957,1982.0803239582
80705,3,16053,2850,0,6219,777,200,200,569,2559,1959,719,2850,13202,2616.3460276248
80713,2,17738,3164,270,5511,828,0,365,672,93,6625,211,3434,14305,2061.3635369165
80721,2,7585,775,204,5387,482,0,0,268,298,170,0,979,6605,2061.3635369165
80739,4,17738,2034,142,7017,1201,0,0,3134,1485,2724,0,2176,15561,4122.7270738330
80747,1,11654,2217,347,5387,1265,0,0,1574,257,605,0,2564,9088,872.1153425416
80754,6,23609,5759,628,5387,1050,44,269,430,895,9104,44,6387,17223,6263.3738237078
80762,5,17332,2664,401,3832,1481,97,1249,789,4206,2533,82,3065,14269,4360.5767127079
80770,5,24592,4715,512,11497,1244,1126,847,496,917,2835,402,5227,19364,4202.0102867913
80788,1,8948,411,188,3774,964,0,0,561,1612,569,868,599,8348,872.1153425416
80796,2,19339,596,263,4483,884,63,0,1004,5669,6378,0,859,18481,1982.0803239582
80804,1,13906,618,60,3230,320,103,703,3864,2802,2206,0,678,13228,1189.2481943749
80812,1,17955,789,545,6285,1209,1268,1647,2547,804,2352,510,1334,16622,872.1153425416
80820,4,42432,4583,65,14020,2976,1704,1467,1460,6067,10091,0,4648,37785,3409.1781572080
80838,3,16350,4300,632,6018,1314,43,0,546,1248,2110,139,4932,11418,3092.0453053747
80846,2,11847,2836,1285,3511,1111,603,200,235,798,406,863,4121,7727,2061.3635369165
80853,3,29859,1158,760,8480,2180,230,120,1136,1358,13935,504,1918,27943,3171.3285183330
80861,3,22818,1245,189,5926,2211,183,609,3734,1590,5799,1333,1434,21385,2695.6292405831
80879,1,6650,1715,228,2222,452,616,699,640,33,41,5,1943,4708,1189.2481943749
80887,1,7121,1537,35,1796,205,13,90,60,1286,2099,0,1572,5549,1189.2481943749
80895,7,9961,1484,697,2356,1016,250,3108,0,415,491,144,2181,7780,6501.2234625827
80903,13,32824,959,2179,3370,1532,459,5998,460,7713,3637,6516,3138,29685,13240.2965640405
80911,27,47157,8146,1495,3370,5228,854,9465,1883,905,11889,3922,9641,37516,24815.6456559561
80929,3,20075,2477,1001,2565,7558,0,1145,2190,1053,214,1872,3478,16597,2854.1956664997
80937,12,17483,1019,603,3613,1068,2532,1751,300,3421,2932,242,1622,15859,10703.2337493740
80945,6,19088,3800,451,3613,1406,267,130,1117,1552,2235,4518,4251,14838,4915.5592034162
80952,7,29665,7082,2134,4076,3971,1166,2565,1485,1949,4699,539,9216,20450,6739.0731014577
80960,8,9440,1811,1483,2888,1093,17,0,195,1176,367,409,3294,6145,7452.6220180827
80978,2,13890,3764,718,5570,2072,129,0,921,96,500,121,4482,9409,1982.0803239582
80986,3,19583,2821,588,4385,1804,266,2196,732,4875,920,996,3409,16174,2616.3460276248
80994,2,45236,2127,401,4654,1422,250,299,1159,762,31696,2467,2528,42709,1982.0803239582
81000,2,32002,3927,1459,5874,3134,145,140,3842,1052,10810,1619,5386,26616,1982.0803239582
81018,7,12564,867,1552,2888,1133,0,2528,100,75,3159,264,2419,10147,7452.6220180826
81026,9,22422,2528,924,4076,2724,6156,1008,283,1574,3083,65,3452,18969,8245.4541476659
81034,6,23879,1946,2022,2888,2772,1980,2396,393,2153,6991,338,3968,19911,5074.1256293329
81042,7,11951,1835,157,4076,1915,1328,0,81,349,1779,432,1992,9960,5866.9577589161
81059,6,13914,2554,353,1673,1521,445,361,2516,806,3618,67,2907,11007,5708.3913329995
81067,8,20345,4134,841,2006,1475,452,1572,2905,1145,3469,2345,4975,15369,6104.8073977911
81075,7,26783,4432,1463,5681,3231,469,327,835,4805,4337,1203,5895,20888,6976.9227403327
81083,11,10716,1852,296,2201,3069,718,399,782,990,300,109,2148,8568,10623.9505364157
81091,2,10329,1606,1024,2201,1502,2671,479,407,131,80,226,2630,7697,1823.5138980415
81109,9,24173,3859,523,2888,2106,311,1450,3538,4817,3768,914,4382,19792,9038.2862772492
81117,3,16074,1201,105,5578,7857,366,0,405,203,228,131,1306,14768,2854.1956664997
81125,4,9779,441,166,3213,1052,0,0,836,2242,1829,0,607,9172,3567.7445831247
81133,7,21388,1928,737,4709,1503,444,502,346,9718,963,539,2665,18724,6025.5241848328
81141,2,8493,1139,275,5487,913,0,0,122,220,287,50,1414,7079,1982.0803239582
81158,5,18611,3369,687,5637,1430,2906,100,362,2526,1594,0,4056,14555,4915.5592034162
81166,2,8048,1039,143,3493,1472,863,0,118,520,399,0,1182,6865,1982.0803239582
81174,2,10305,1129,310,4004,624,209,0,577,829,2622,0,1439,8865,1982.0803239582
81182,3,12860,585,31,4005,977,0,2359,412,224,2725,1540,616,12242,3171.3285183330
81190,2,12304,3321,740,3940,813,1397,100,1287,40,553,112,4061,8242,1982.0803239582
81208,4,24466,5614,1326,5397,3805,0,1697,1904,1995,2640,88,6940,17526,3171.3285183330
81216,1,6772,401,443,3097,667,0,0,1867,180,117,0,844,5928,872.1153425416
81224,4,14274,3315,652,3711,794,105,946,644,2558,1016,532,3967,10306,3329.8949442497
81232,3,10694,1272,502,3097,4206,0,0,198,0,250,1171,1774,8922,2854.1956664997
81240,1,2125,263,40,928,114,0,0,493,140,148,0,303,1823,872.1153425416
81257,1,2746,1009,43,1100,99,200,87,109,0,85,16,1052,1696,872.1153425416
81265,4,6297,586,243,2811,495,0,632,202,176,209,943,829,5468,3884.8774349580
81273,4,19278,636,354,5589,867,0,425,987,1496,8612,312,990,18288,3329.8949442497
81281,1,9720,539,113,5456,289,83,0,179,1973,966,122,652,9068,872.1153425416
81299,3,34567,1799,964,11177,4033,4230,0,2581,5164,2688,1931,2763,31804,2140.6467498748
81307,5,19636,797,138,5944,2000,183,174,872,5067,4142,320,935,18702,4836.2759904579
81315,4,8960,768,306,2894,846,0,0,1127,1057,1963,0,1074,7887,3884.8774349580
81323,2,17290,651,225,5084,3040,644,0,1574,721,4918,433,876,16414,1982.0803239582
81331,2,10171,0,0,3337,6188,0,0,336,150,160,0,0,10171,1744.2306850832
81349,3,15024,1498,902,4145,1399,331,0,1390,1356,3574,428,2400,12623,3171.3285183330
81356,3,23671,5417,469,7424,2568,54,100,2681,566,3806,585,5886,17784,3171.3285183330
81364,4,21349,3259,1232,7286,1830,390,1804,1822,1545,1941,241,4491,16859,3567.7445831247
81372,4,19074,1534,1393,6337,1924,179,0,852,4808,1761,286,2927,16147,4122.7270738330
81380,3,25901,2017,259,5133,1058,0,2647,537,2501,11750,0,2276,23626,3012.7620924164
81398,5,23561,2168,0,7195,3520,892,0,359,614,8038,775,2168,21393,5311.9752682078
81406,4,23766,3017,509,5425,1789,1409,2452,1481,3154,3965,566,3526,20241,4202.0102867913
81414,1,4809,0,0,3260,746,120,0,48,215,421,0,0,4810,1189.2481943749
81422,5,28026,1270,15,9428,2350,127,100,321,3723,10274,417,1285,26740,4202.0102867913
81430,5,27467,2961,717,7381,2398,285,3320,767,5147,4492,0,3678,23790,5153.4088422912
81448,4,21147,1412,937,5988,2168,369,1260,2062,3577,3242,133,2349,18799,3488.4613701663
81455,2,43969,10062,191,5017,9750,15,250,4098,2203,10061,2321,10253,33715,1982.0803239582
81463,5,37197,2172,1463,5743,2573,748,649,3130,1489,15530,3701,3635,33563,5074.1256293329
81471,6,13613,1909,964,3593,2036,33,345,433,3104,929,267,2873,10740,6025.5241848328
81489,2,16208,1616,512,5630,1697,0,0,255,1551,3975,972,2128,14080,1585.6642591665
81497,2,25776,2081,1636,8428,1376,0,0,1516,1199,9172,367,3717,22058,1982.0803239582
81505,5,27024,2807,675,6419,3199,482,1230,741,2714,7237,1519,3482,23541,5311.9752682078
81513,2,10763,2774,0,3497,710,0,1126,1414,175,680,389,2774,7991,2061.3635369165
81521,3,12896,1164,242,4594,856,30,699,885,180,4151,95,1406,11490,3012.7620924164
81539,8,9018,1653,250,3314,1407,0,0,160,1706,528,0,1903,7115,7214.7723792077
81547,6,28530,2184,1238,5116,2516,425,0,1383,2433,11676,1560,3422,25109,5549.8249070828
81554,2,17135,31,1172,3314,1095,201,120,1323,1424,8456,0,1203,15933,1982.0803239582
81562,5,11541,1870,1675,3314,1266,817,150,321,1407,661,60,3545,7996,4598.4263515829
81570,5,15013,2598,627,3359,1364,691,749,411,2547,2112,556,3225,11789,4439.8599256663
81588,5,11898,1833,141,2705,340,400,361,939,1344,3753,81,1974,9923,3964.1606479163
81596,3,4930,523,0,3314,1,1086,0,2,1,2,0,523,4406,2695.6292405831
81604,3,14924,2481,717,3310,1090,244,399,628,2858,2443,754,3198,11726,2695.6292405831
81612,4,9190,897,405,3314,783,450,529,647,1184,375,605,1302,7887,3726.3110090413
81620,1,2405,614,222,1103,138,0,0,71,70,100,87,836,1569,872.1153425416
81638,4,12651,207,0,5093,1211,434,398,571,836,3901,0,207,12444,4439.8599256663
81646,2,9327,737,438,3814,616,0,239,2039,409,818,217,1175,8152,1744.2306850832
81653,2,19819,666,876,4921,1709,434,0,799,1595,7170,1650,1542,18278,1982.0803239582
81661,4,21877,4377,702,4884,1805,674,100,238,5216,3765,116,5079,16798,3329.8949442497
81679,4,10593,2441,433,2697,1514,276,199,95,1961,100,877,2874,7719,3250.6117312914
81687,1,20358,1331,317,7080,1140,958,0,778,1300,6982,470,1648,18708,872.1153425416
81695,2,29214,4969,2458,6212,4539,572,131,322,1870,6530,1611,7427,21787,1982.0803239582
81703,3,28877,4087,906,5017,2321,462,390,663,2453,11756,822,4993,23884,2933.4788794581
81711,1,8024,882,0,3241,341,50,0,199,710,2601,0,882,7142,951.3985554999
81729,1,5409,1009,446,2341,297,229,28,309,407,342,0,1455,3953,872.1153425416
81737,1,6016,886,0,3254,356,53,578,1,226,352,311,886,5131,951.3985554999
81745,4,14992,1832,348,5260,1267,232,1962,302,2239,1549,0,2180,12811,4043.4438608746
81752,6,22659,2360,597,4491,2938,70,1698,2462,4098,3889,56,2957,19702,5629.1081200412
81760,1,5126,0,0,2398,439,0,199,0,200,1891,0,0,5127,1189.2481943749
81778,4,29559,3005,914,5925,2193,536,996,228,5100,10664,0,3919,25642,3409.1781572080
81786,2,12452,713,942,3397,798,116,0,1570,665,4199,52,1655,10797,2140.6467498748
81794,1,19090,2911,70,4112,559,20,0,880,1230,2022,7286,2981,16109,1189.2481943749
81802,1,8984,239,235,2495,648,1185,439,274,316,599,2554,474,8510,872.1153425416
81810,4,10957,861,0,3729,1359,428,0,561,1034,1354,1630,861,10095,4043.4438608746
81828,1,5198,462,153,2946,516,0,145,706,211,60,0,615,4584,872.1153425416
81836,2,7227,3950,0,2000,250,0,0,0,0,50,977,3950,3277,2140.6467498748
81844,5,32397,3075,78,6433,4144,354,0,627,5279,11471,934,3153,29242,4677.7095645412
81851,2,10764,1153,0,3511,194,0,1177,1017,2643,448,622,1153,9612,1585.6642591665
81869,1,7087,1133,159,2839,822,0,0,1199,375,561,0,1292,5796,1189.2481943749
81877,1,11284,1246,0,4192,405,1810,0,355,1264,1859,153,1246,10038,1189.2481943749
81885,1,13453,1103,190,2675,354,1149,549,523,2822,3789,299,1293,12160,951.3985554999
81893,1,7465,1865,0,2435,351,669,0,449,793,904,0,1865,5601,951.3985554999
81901,1,34335,4889,0,7200,2802,4236,998,1943,5951,5501,816,4889,29447,872.1153425416
81919,2,28048,700,564,10297,1458,1370,1615,1867,2290,7887,0,1264,26784,1982.0803239582
81927,5,20840,2038,504,7017,1797,443,610,2070,1264,4519,577,2542,18297,5153.4088422912
81935,7,16989,4342,595,7017,1411,200,79,788,651,1349,557,4937,12052,7294.0555921660
81943,1,15780,418,56,8902,905,951,429,1,1328,2050,740,474,15306,872.1153425416
81950,1,12904,894,521,9002,980,0,0,749,190,404,165,1415,11490,872.1153425416
81968,2,20160,694,0,7084,783,0,0,429,535,10530,105,694,19466,1982.0803239582
81976,3,13923,0,0,7017,777,900,2106,703,433,1987,0,0,13923,2537.0628146664
81984,5,31986,572,395,5973,1118,1787,3074,569,6929,10604,965,967,31019,4836.2759904579
81992,5,24755,0,0,11234,2155,40,699,210,9145,724,549,0,24756,5153.4088422912
82016,5,60020,7846,778,7458,5829,3933,1057,505,26721,2905,2988,8624,51396,5391.2584811662
82024,5,22643,1037,96,6089,1297,765,449,488,1253,10670,499,1133,21510,4994.8424163745
82032,3,40325,6730,1580,10532,1659,0,0,2564,1591,12918,2752,8310,32016,2854.1956664997
82040,1,3132,390,434,1497,384,0,0,0,0,80,347,824,2308,1189.2481943749
82057,4,14420,2400,230,2196,773,349,1291,362,4931,1416,472,2630,11790,3884.8774349580
82065,2,8909,904,165,3317,854,170,0,537,342,2620,0,1069,7840,1982.0803239582
82073,1,10869,3334,442,3493,701,65,0,1595,63,886,290,3776,7093,1109.9649814166
82081,6,9872,1120,407,4062,1085,0,0,388,2164,646,0,1527,8345,5232.6920552495
82099,3,7218,313,0,3285,1004,50,0,1183,499,472,412,313,6905,2933.4788794581
82107,3,10144,732,150,4608,1157,166,2118,0,223,598,394,882,9264,3250.6117312914
82115,2,15057,2167,508,2498,782,6792,169,118,132,1796,95,2675,12382,1982.0803239582
82123,3,5013,285,202,2398,1395,0,0,307,40,120,266,487,4526,2933.4788794581
82131,3,7787,1591,883,3225,711,0,0,0,964,374,40,2474,5314,2854.1956664997
82149,7,15228,1215,307,3225,707,34,0,398,7564,1502,277,1522,13707,7214.7723792077
82156,7,13411,2913,296,4152,2971,228,0,432,1120,771,526,3209,10200,5708.3913329995
82164,5,7605,1424,26,3225,554,732,100,694,229,534,87,1450,6155,5549.8249070828
82172,5,17170,756,459,4222,992,83,429,860,899,8405,65,1215,15955,5153.4088422912
82180,3,10608,2383,896,2695,952,0,173,55,998,2050,406,3279,7329,2616.3460276248
82198,4,19104,2851,809,3666,1015,509,966,1611,1493,1567,4617,3660,15444,3488.4613701663
82206,4,23584,4990,0,4062,2273,1426,1512,733,4613,3775,200,4990,18594,3329.8949442497
82214,3,10786,2300,307,2994,1037,53,337,576,619,241,2321,2607,8178,2854.1956664997
82222,2,14893,1796,568,4379,3947,587,0,1661,445,1244,267,2364,12530,1982.0803239582
82230,1,5464,354,304,3119,676,133,0,140,175,563,0,658,4806,872.1153425416
82248,6,21132,4139,534,4062,888,2985,2813,537,631,3909,634,4673,16459,5787.6745459578
82255,7,20025,3790,751,2086,4232,482,0,886,3184,2199,2416,4541,15485,7452.6220180827
82263,2,15556,2192,1528,3156,4184,78,478,142,302,3183,313,3720,11836,1982.0803239582
82271,5,9023,3386,421,1856,1390,67,199,0,53,653,999,3807,5217,5629.1081200412
82289,4,8848,2045,130,1981,1973,0,0,541,0,1501,677,2175,6673,4122.7270738330
82297,5,23387,6012,1151,2086,2041,986,2288,1919,3287,2738,880,7163,16225,4519.1431386246
82305,5,19863,3036,1325,1856,1742,510,4296,909,2281,3795,113,4361,15502,5074.1256293329
82313,2,31315,7474,913,1856,4935,8372,0,71,0,7528,164,8387,22926,1982.0803239582
82321,5,23657,9948,2075,1856,1634,2016,936,199,1894,2394,703,12023,11632,4360.5767127079
82339,2,8094,1015,655,2720,1317,0,0,339,0,2047,0,1670,6423,1982.0803239582
82347,5,12013,1787,705,2720,816,0,526,618,820,2136,1886,2492,9522,4043.4438608746
82354,3,13454,3248,887,2720,1467,0,1528,1021,0,1855,729,4135,9320,3171.3285183330
82362,4,17366,3938,1245,2720,1739,0,3002,2039,0,2597,87,5183,12184,3884.8774349580
82370,4,11051,1305,412,2720,1383,243,0,1662,1846,1480,0,1717,9334,3964.1606479163
82388,2,9906,1541,680,2192,1577,852,0,1591,0,830,643,2221,7685,1982.0803239582
82396,4,8154,2307,672,2720,524,564,0,148,0,1045,173,2979,5174,3250.6117312914
82404,2,15857,2428,590,3556,1628,311,598,3146,848,1976,778,3018,12841,1982.0803239582
82412,3,8899,773,0,3593,294,17,280,55,3496,391,0,773,8126,3329.8949442497
82420,1,4757,364,42,2198,3,0,80,73,0,260,1738,406,4352,872.1153425416
82438,1,4346,1340,78,405,281,0,299,438,689,187,629,1418,2928,872.1153425416
82446,2,13160,1180,764,4701,1251,47,100,650,67,4165,235,1944,11216,1982.0803239582
82453,4,11514,1220,332,3932,1087,348,1008,318,2394,605,269,1552,9961,3171.3285183330
82461,3,19169,688,644,4349,2660,370,1169,1319,1824,6086,60,1332,17837,3171.3285183330
82479,1,11036,911,0,1347,197,2056,798,2413,255,3058,0,911,10124,951.3985554999
82487,1,11856,717,0,1322,201,10,469,284,8573,236,44,717,11139,872.1153425416
82495,1,9455,1580,122,3410,100,23,978,471,1273,1310,187,1702,7752,872.1153425416
82503,4,16856,1974,614,4332,1250,121,2286,3587,1382,1230,80,2588,14268,4043.4438608746
82511,1,5149,74,27,3691,862,0,0,438,0,57,0,101,5048,872.1153425416
82529,6,33138,7179,730,5044,5203,585,82,1029,4971,7920,394,7909,25228,5866.9577589161
82537,3,18472,811,452,5123,2027,136,2626,3283,2052,1829,133,1263,17209,3171.3285183330
82545,3,14854,3001,891,3814,1638,887,478,247,443,2599,856,3892,10962,2774.9124535414
82552,1,14197,674,629,4594,857,0,1188,1058,1302,3390,506,1303,12895,872.1153425416
82560,2,7754,120,313,4332,798,68,0,1741,280,92,10,433,7321,1982.0803239582
82578,7,17439,922,604,4432,1205,122,0,1017,3466,5628,43,1526,15913,6025.5241848328
82586,4,14812,1396,641,1998,1321,4143,927,511,2884,904,86,2037,12774,3171.3285183330
82594,4,14201,986,228,3691,937,2355,2687,1392,459,605,863,1214,12989,3567.7445831247
82602,2,14670,552,625,4332,823,332,0,212,309,7267,218,1177,13493,1982.0803239582
82610,5,14503,1012,500,5630,2220,559,150,796,2128,634,875,1512,12992,4994.8424163745
82628,2,8191,1378,664,4583,1062,0,0,118,250,136,0,2042,6149,1982.0803239582
82636,5,13536,1650,79,3410,823,559,523,3873,250,1614,755,1729,11807,4677.7095645412
82644,2,14845,2549,149,4145,2466,317,619,1367,206,1981,1045,2698,12146,1982.0803239582
82651,4,19042,3763,101,4043,690,2477,388,37,2771,3262,1511,3864,15179,3012.7620924164
82669,11,13873,2069,1169,3046,1184,400,140,899,3080,1037,850,3238,10636,10068.9680457074
82677,6,16962,427,96,4261,1024,999,409,469,2927,4856,1494,523,16439,4598.4263515829
82685,3,10764,1263,659,3459,840,499,391,1562,313,1487,291,1922,8842,3171.3285183330
82693,4,13621,2717,1036,5425,1971,616,0,383,1125,139,209,3753,9868,4122.7270738330
82701,4,10357,2123,802,3499,1284,80,0,309,699,509,1052,2925,7432,3567.7445831247
82719,2,14032,3020,435,4012,483,83,220,529,945,2479,1826,3455,10577,2061.3635369165
82727,1,4789,371,0,3102,101,33,419,1,229,529,3,371,4417,1189.2481943749
82735,1,3871,437,131,2714,230,0,190,93,40,37,0,568,3304,872.1153425416
82743,4,24896,3791,726,5487,2532,797,978,614,2480,2597,4894,4517,20379,3171.3285183330
82750,4,16957,3416,451,3761,1027,1577,269,413,3272,1550,1220,3867,13089,3647.0277960830
82768,5,22769,765,361,4136,1163,0,0,824,2335,12303,883,1126,21644,3964.1606479163
82776,6,29961,4932,615,5018,2516,284,1413,451,5832,8692,208,5547,24414,5787.6745459578
82784,5,11085,380,404,4446,1155,100,1067,0,959,2375,200,784,10302,4519.1431386246
82792,4,18396,2876,201,3253,1831,0,1550,231,2308,5419,726,3077,15318,3409.1781572080
82800,4,24399,3252,1279,4561,2311,172,150,843,3147,8576,108,4531,19868,4281.2934997496
82818,4,18629,3600,1382,6319,1888,423,0,929,1235,2853,0,4982,13647,4122.7270738330
82826,4,12304,927,277,4225,1236,852,100,190,3192,1305,0,1204,11100,3171.3285183330
82834,3,14803,380,153,4204,1408,599,100,598,2274,5089,0,533,14272,2140.6467498748
82842,1,5391,252,215,3538,534,0,0,69,527,257,0,467,4925,872.1153425416
82859,7,28344,2339,699,5265,2103,3094,1773,2495,1211,8506,857,3038,25304,6421.9402496244
82867,10,20227,2758,1595,5659,1934,702,0,398,4415,1747,1019,4353,15874,9038.2862772492
82875,3,16859,534,157,5524,1767,1478,299,1536,360,3835,1368,691,16167,3171.3285183330
82883,1,7155,1799,458,3302,789,0,0,236,269,149,153,2257,4898,1109.9649814166
82891,2,11404,891,710,5579,1520,0,0,916,122,1416,251,1601,9804,1982.0803239582
82909,1,31051,1943,387,13010,3529,52,2207,4396,914,4614,0,2330,28722,872.1153425416
82917,1,11406,1009,108,5614,1047,0,369,299,815,2144,0,1117,10288,1189.2481943749
82925,4,17075,2556,879,3933,1234,983,13,4147,1137,1860,333,3435,13640,4122.7270738330
82933,3,12859,1373,467,4162,1181,152,0,1453,0,3576,496,1840,11020,2695.6292405831
82941,2,17306,4038,1478,3922,749,242,0,602,707,5308,260,5516,11790,1982.0803239582
82958,4,15467,0,0,4514,1282,30,200,529,645,8269,0,0,15469,3409.1781572080
82966,2,13439,1452,293,5038,158,177,436,857,471,4086,471,1745,11694,2140.6467498748
82974,9,14433,3104,487,4394,975,2391,190,430,1199,465,798,3591,10842,7214.7723792077
82982,5,12594,139,96,5487,2064,30,998,130,2092,760,798,235,12359,4756.9927774996
82990,3,15393,1691,897,4894,2086,412,843,435,3133,566,436,2588,12805,2616.3460276248
83006,5,28881,5972,786,5560,3430,133,0,2805,5903,3741,552,6758,22124,4598.4263515829
83014,2,13380,2446,815,3302,5084,204,127,375,160,123,744,3261,10119,1744.2306850832
83022,4,23618,1907,30,2211,1165,133,3282,1362,10156,3372,0,1937,21681,3488.4613701663
83030,4,12170,2757,932,3090,1233,66,999,291,1359,890,552,3689,8480,4202.0102867913
83048,5,22468,2554,351,5517,1605,2512,2890,53,2625,4360,0,2905,19562,4915.5592034162
83055,4,13124,1323,876,3593,963,470,0,447,4077,698,678,2199,10926,3647.0277960830
83063,3,11950,1568,579,4579,1598,200,0,1324,356,1628,117,2147,9802,2933.4788794581
83071,3,9835,796,165,2320,1118,652,83,695,1614,2277,115,961,8874,2774.9124535414
83089,4,11001,1010,0,4735,1264,0,549,123,705,1965,650,1010,9991,3884.8774349580
83097,2,7741,1053,819,2320,1452,221,0,122,269,560,924,1872,5868,1982.0803239582
83105,2,5760,833,104,1741,663,0,0,2315,54,50,0,937,4823,1982.0803239582
83113,2,9253,2072,306,2826,768,496,0,477,493,81,1735,2378,6876,1982.0803239582
83121,4,17559,2450,518,4479,3415,210,679,195,2218,3396,0,2968,14592,3884.8774349580
83139,1,2194,101,29,429,182,528,0,116,611,150,47,130,2063,872.1153425416
83147,2,5238,569,207,3112,530,0,129,388,182,122,0,776,4463,1982.0803239582
83154,5,15497,1950,157,4283,1491,3147,0,512,668,2799,490,2107,13390,3805.5942219997
83162,2,7903,1437,330,2315,737,196,0,920,579,1197,191,1767,6135,1982.0803239582
83170,3,5729,1533,274,2595,629,60,0,229,156,209,44,1807,3922,2933.4788794581
83188,2,4558,1327,64,2196,269,107,195,56,1,180,163,1391,3167,1982.0803239582
83196,5,30257,332,0,6404,2292,681,1518,2120,3742,12990,177,332,29924,4598.4263515829
83204,5,18934,2489,949,5586,2709,305,506,1014,559,3975,844,3438,15498,4836.2759904579
83212,4,28264,2552,709,7636,2234,1096,988,1138,5775,6135,0,3261,25002,4281.2934997496
83220,5,24820,1260,583,6354,1776,4830,359,1340,3697,4170,450,1843,22976,4677.7095645412
83238,1,12730,414,405,5118,1031,528,69,397,996,2892,880,819,11911,872.1153425416
83246,4,20815,2887,323,6354,1207,0,0,439,3318,6286,0,3210,17604,3726.3110090413
83253,5,21816,3485,462,6283,1279,23,0,1182,2287,6370,444,3947,17868,4439.8599256663
83261,3,21649,1642,630,5044,1124,559,702,-239,5381,6403,403,2272,19377,2616.3460276248
83279,4,17583,2439,350,3798,1845,198,1059,310,4023,2098,1462,2789,14793,3171.3285183330
83287,1,8289,857,679,3611,724,80,699,48,1210,382,0,1536,6754,872.1153425416
83295,3,19719,3339,879,6354,1803,785,673,1361,467,3734,326,4218,15503,2933.4788794581
83303,2,11999,1957,144,5630,1373,867,200,127,402,946,353,2101,9898,2299.2131757915
83311,2,12940,2028,446,4432,1301,202,613,605,1510,1204,600,2474,10467,1982.0803239582
83329,4,14052,758,1568,4332,990,1029,807,1060,863,2482,162,2326,11725,3884.8774349580
83337,2,14396,1500,481,3691,6158,0,305,127,436,50,1648,1981,12415,1744.2306850832
83345,2,10834,1048,444,3978,1982,117,220,1596,450,999,0,1492,9342,1982.0803239582
83352,4,32342,4746,578,5988,1530,26,589,0,3293,14143,1450,5324,27019,3647.0277960830
83360,4,22806,1246,253,4775,922,1766,0,1770,4639,6411,1025,1499,21308,3171.3285183330
83378,5,23128,2058,420,3792,1953,1109,500,1109,3263,8351,572,2478,20649,5074.1256293329
83386,1,14512,4525,0,3009,291,0,180,1404,1016,4035,53,4525,9988,1189.2481943749
83394,2,20167,503,179,5556,542,434,351,159,1130,10247,1067,682,19486,2140.6467498748
83402,4,14751,3022,94,5387,925,100,534,1464,1836,1236,154,3116,11636,3171.3285183330
83410,3,40035,927,361,3071,1880,216,654,1893,2142,2758,26131,1288,38745,3171.3285183330
83428,8,14987,4401,78,3071,1296,203,320,872,1445,1998,1305,4479,10510,6580.5066755411
83436,5,10323,2376,494,2421,740,265,0,426,594,2735,273,2870,7454,4360.5767127079
83444,2,12382,917,194,4283,2745,79,199,1535,790,1640,0,1111,11271,1982.0803239582
83451,1,6003,589,49,3456,459,0,0,616,160,674,0,638,5365,1109.9649814166
83469,5,13814,484,426,7419,1595,266,0,447,1080,2097,0,910,12904,4439.8599256663
83477,1,24666,1955,282,7533,2414,1029,1359,210,516,9307,63,2237,22431,1109.9649814166
83485,5,9832,657,327,6684,898,0,75,32,502,437,219,984,8847,5311.9752682078
83493,2,12120,516,0,4482,1437,0,898,909,2239,1639,0,516,11604,2061.3635369165
83501,4,11489,0,0,4092,1599,133,767,106,1051,3489,251,0,11488,3409.1781572080
83519,2,16523,1453,278,4332,1491,243,60,4199,2277,997,1193,1731,14792,1982.0803239582
83527,3,14470,1844,460,3225,1014,48,120,771,5530,1233,227,2304,12168,2933.4788794581
83535,5,8806,1931,299,2508,638,119,149,345,771,1138,909,2230,6577,4677.7095645412
83543,3,12415,1785,246,3225,784,162,120,705,1082,3305,1001,2031,10384,3171.3285183330
83550,3,17073,3164,1014,3358,830,966,0,674,1767,5174,126,4178,12895,3171.3285183330
83568,1,3664,148,279,2498,137,0,0,440,0,162,0,427,3237,1109.9649814166
83576,1,3389,263,163,1705,96,0,39,320,301,195,305,426,2961,872.1153425416
83584,1,6613,844,476,163,65,2878,0,133,303,256,1495,1320,5293,872.1153425416
83592,2,11432,698,772,3310,641,352,200,705,1023,3297,435,1470,9963,1982.0803239582
83600,3,14128,2842,793,3225,984,0,669,1,1275,4092,247,3635,10493,2933.4788794581
83618,2,16575,5699,1306,3527,1652,356,400,1956,266,1101,312,7005,9570,1982.0803239582
83626,1,5734,1865,882,1204,76,229,349,234,624,208,65,2747,2989,872.1153425416
83634,1,1537,448,360,110,257,0,0,109,219,35,0,808,730,872.1153425416
83642,1,2408,1030,670,89,120,0,0,63,0,174,261,1700,707,1109.9649814166
83659,4,7933,2177,173,1705,470,305,1427,201,698,536,240,2350,5582,2695.6292405831
83667,2,7284,646,278,2498,233,239,289,589,190,1738,584,924,6360,1982.0803239582
83675,2,14737,2609,176,2498,451,1074,1532,1113,617,2343,2323,2785,11951,2140.6467498748
83683,1,3344,383,407,2011,118,0,60,101,239,26,0,790,2555,872.1153425416
83691,5,18489,2190,797,3225,1289,4047,87,3746,698,1869,542,2987,15503,4677.7095645412
83709,2,17299,2412,651,3225,511,650,0,4105,2733,2840,174,3063,14238,2140.6467498748
83717,4,16304,2231,1002,4062,962,199,1802,222,3448,2132,242,3233,13069,3884.8774349580
83725,4,14798,2001,715,3477,1511,1083,732,966,2393,1871,50,2716,12083,3567.7445831247
83733,6,15726,7100,209,2201,1437,1170,512,0,87,1197,1812,7309,8416,6659.7898884994
83741,9,21308,6261,1942,3613,2372,187,2367,833,2167,225,1341,8203,13105,8879.7198513325
83758,5,9587,1993,540,2888,1716,314,296,0,501,883,456,2533,7054,4519.1431386246
83766,4,16079,4027,1284,2201,1604,0,201,1870,10,4619,261,5311,10766,3726.3110090413
83774,4,14320,1219,581,1404,149,2975,562,264,11,6882,273,1800,12520,3567.7445831247
83782,4,16400,3950,537,2888,1304,4090,100,458,333,1713,1028,4487,11914,3171.3285183330
83790,1,6732,1654,488,1733,1450,105,0,416,0,885,0,2142,4589,1109.9649814166
83808,8,20497,3616,884,2888,2122,2043,1815,289,1453,3949,1437,4500,15996,7214.7723792077
83816,13,23586,7339,1882,2808,1218,127,0,2429,1220,6067,497,9221,14366,12051.0483696656
83824,8,6739,819,0,2201,1168,0,191,0,435,1768,157,819,5920,8721.1534254159
83832,2,13628,3357,1153,4786,1035,256,0,728,514,1757,43,4510,9119,1982.0803239582
83840,1,9155,334,0,3849,698,0,0,1035,647,2498,93,334,8820,1109.9649814166
83857,2,6339,0,0,3849,624,0,0,1021,274,570,0,0,6338,1982.0803239582
83865,2,10957,1283,0,5210,2014,0,0,801,767,683,200,1283,9675,1982.0803239582
83873,1,27770,2183,1328,4778,1240,0,0,2918,1054,13724,544,3511,24258,872.1153425416
83881,1,10935,1144,51,4150,829,220,737,710,572,2522,0,1195,9740,872.1153425416
83899,2,20624,1924,675,9702,1165,0,0,1642,1671,685,3159,2599,18024,1982.0803239582
83907,3,21063,520,21,2566,6223,173,0,11389,0,50,121,541,20522,2854.1956664997
83915,1,7538,1185,35,3849,658,0,0,284,71,1457,0,1220,6319,1109.9649814166
83923,6,21628,282,0,4666,1599,0,80,551,6630,7332,489,282,21347,4519.1431386246
83931,4,11649,598,338,4491,788,0,699,1689,699,1391,957,936,10714,3171.3285183330
83949,7,12752,525,809,5188,979,456,200,1339,2191,535,529,1334,11417,6342.6570366661
83956,2,13773,1828,742,6001,1348,27,0,1965,260,1602,0,2570,11203,1982.0803239582
83964,10,15097,2225,468,2356,1526,119,1684,991,53,3504,2171,2693,12404,8879.7198513325
83972,3,13351,2611,1162,1857,1802,180,351,0,1494,3243,652,3773,9579,2695.6292405831
83980,2,19572,1080,462,4666,888,10374,0,225,0,564,1314,1542,18031,1982.0803239582
83998,7,65936,2201,19,6388,3838,131,0,504,3649,3230,45976,2220,63716,6818.3563144160
84004,5,8554,780,741,4608,1142,0,0,183,581,322,196,1521,7032,5232.6920552495
84012,7,15356,904,30,6159,902,0,300,20,4536,1510,996,934,14423,7056.2059532910
84020,3,14261,1498,94,5355,1958,250,1658,1709,53,600,1085,1592,12668,2933.4788794581
84038,1,2621,0,0,1102,221,0,0,1174,1,124,0,0,2622,872.1153425416
84046,1,11993,501,89,4666,1346,333,350,3122,848,349,389,590,11403,872.1153425416
84053,2,28744,2640,920,5387,4711,0,0,6879,1230,5113,1864,3560,25184,1982.0803239582
84061,8,17295,1683,867,5038,1837,647,0,737,2839,3595,52,2550,14745,7452.6220180827
84079,5,19410,2760,789,3297,1479,0,457,262,2968,4986,2412,3549,15861,4043.4438608746
84087,5,13820,0,0,3567,1179,0,150,267,3135,5386,136,0,13820,3964.1606479163
84095,1,8355,1092,597,1857,1094,1728,150,696,830,181,131,1689,6667,872.1153425416
84103,10,28652,2170,240,2356,14212,779,5230,174,815,1180,1496,2410,26242,8324.7373606242
84111,10,18357,6694,3465,1857,1361,0,0,955,1285,996,1743,10159,8197,9355.4191290825
84129,6,19970,5947,336,3370,2247,1865,44,1792,1379,1938,1052,6283,13687,4994.8424163745
84137,11,31927,7753,2201,3370,1462,1931,0,1182,6429,6182,1416,9954,21972,9117.5694902075
84145,8,19980,3722,349,1857,4118,417,349,2015,537,5065,1552,4071,15910,7531.9052310410
84152,8,15863,2955,1700,1515,1769,67,2615,0,218,5024,0,4655,11208,6976.9227403327
84160,13,10688,1752,166,3370,939,335,499,0,164,2182,1281,1918,8770,12051.0483696656
84178,8,13055,2898,527,1599,1663,83,0,1977,1349,533,2426,3425,9630,5866.9577589161
84186,3,15179,2245,2101,6015,1878,300,401,687,816,619,117,4346,10833,3171.3285183330
84194,7,11047,2014,824,2512,1889,585,1655,0,200,320,1049,2838,8210,6818.3563144160
84202,6,13340,1938,577,3996,1852,83,0,0,0,4894,0,2515,10825,5629.1081200412
84210,1,11779,328,0,3849,656,3909,0,283,1751,521,483,328,11452,872.1153425416
84228,3,36265,856,140,4666,1293,1029,179,11694,1419,14989,0,996,35269,2854.1956664997
84236,5,13082,233,0,4666,1923,0,0,3304,1063,1230,663,233,12849,5074.1256293329
84244,6,15261,0,413,3849,744,166,599,142,3171,5762,416,413,14849,4756.9927774996
84251,1,6105,0,0,4666,314,7,0,686,283,150,0,0,6106,872.1153425416
84269,3,15848,2716,397,3984,844,122,1224,11,2619,3295,636,3113,12735,2695.6292405831
84277,2,22108,4227,1294,4842,1330,3447,599,1236,2052,627,2455,5521,16588,2061.3635369165
84285,4,17053,843,100,3992,562,0,250,1448,193,9649,17,943,16111,3805.5942219997
84293,4,23965,2840,400,5572,3311,0,369,1378,2598,3218,4279,3240,20725,3250.6117312914
84301,7,10574,1614,217,3260,915,0,0,2714,567,910,378,1831,8744,5866.9577589161
84319,2,4467,514,43,1798,278,0,108,0,0,1473,252,557,3909,2140.6467498748
84327,10,10816,3124,1444,3260,990,0,0,0,1718,279,0,4568,6247,10465.3841104990
84335,1,5146,711,408,2609,1058,0,0,100,0,87,173,1119,4027,872.1153425416
84343,6,11008,5208,35,3260,471,30,0,450,273,1281,0,5243,5765,6421.9402496244
84350,3,12885,308,282,4608,1074,0,0,322,3228,1998,1064,590,12294,2616.3460276248
84368,2,7510,1676,430,2609,1425,0,0,247,0,1058,65,2106,5404,1982.0803239582
84376,6,18540,1196,514,4691,1930,561,0,225,7904,1360,157,1710,16828,5866.9577589161
84384,8,15409,2109,218,4608,1024,23,0,1174,798,4979,475,2327,13081,7135.4891662493
84392,4,32940,1891,218,4608,1032,3984,65,60,3361,14293,3426,2109,30829,3409.1781572080
84400,5,15183,2750,257,6106,801,284,0,586,1867,2531,0,3007,12175,5232.6920552495
84418,7,25142,9370,628,4608,1023,648,1128,683,4850,1277,928,9998,15145,6580.5066755411
84426,4,15995,3336,1392,2997,1046,50,4324,358,1510,670,311,4728,11266,3647.0277960830
84434,2,6936,809,484,2609,631,100,251,1693,0,360,0,1293,5644,1982.0803239582
84442,1,7315,371,273,5015,53,52,349,494,630,35,43,644,6671,872.1153425416
84459,7,36448,4331,704,5994,2255,706,2540,569,6164,11638,1547,5035,31413,6263.3738237078
84467,2,8432,1696,310,4758,1133,0,0,107,0,200,227,2006,6425,1982.0803239582
84475,2,12655,2092,926,4799,1354,1102,0,433,509,1339,100,3018,9636,1982.0803239582
84483,7,22740,2690,1436,7984,3020,300,1773,540,3374,1033,590,4126,18614,5629.1081200412
84491,1,8041,721,505,1003,185,0,2196,3144,232,55,0,1226,6815,872.1153425416
84509,5,35965,6125,1484,6775,3484,653,3846,1182,5841,5369,1205,7609,28355,4836.2759904579
84517,5,62887,6744,174,5461,2195,145,843,1992,5233,38972,1127,6918,55968,4915.5592034162
84525,5,19428,3518,561,4201,1166,213,2179,1420,1858,2946,1366,4079,15349,3726.3110090413
84533,3,6507,1115,43,3260,701,100,500,0,0,789,0,1158,5350,2695.6292405831
84541,6,12689,1837,312,3260,1507,86,0,2445,1309,460,1473,2149,10540,5311.9752682078
84558,2,9341,1791,473,4608,1068,400,0,720,0,281,0,2264,7077,1982.0803239582
84566,7,14813,3782,1431,4608,792,50,676,499,575,2400,0,5213,9600,7135.4891662493
84574,4,5474,971,230,1497,467,209,299,0,599,1203,0,1201,4274,3250.6117312914
84582,2,11689,2793,1084,4608,1464,0,0,867,0,197,677,3877,7813,1982.0803239582
84590,6,6780,413,43,1152,658,1665,0,108,307,2185,249,456,6324,5074.1256293329
84608,8,11691,3746,1529,2036,672,0,1454,22,522,620,1088,5275,6414,7531.9052310410
84616,1,11010,3135,893,1761,482,945,723,1683,0,1129,261,4028,6984,872.1153425416
84624,5,17533,1718,81,5587,1841,148,0,719,3451,2847,1138,1799,15731,4598.4263515829
84632,3,20038,1401,472,4136,1714,904,1841,7136,749,1643,43,1873,18166,3171.3285183330
84640,4,36851,8051,682,5863,3036,758,1464,683,4864,11107,343,8733,28118,3171.3285183330
84657,5,19290,3548,571,5687,1228,152,0,646,1214,6072,171,4119,15170,4202.0102867913
84665,2,11773,995,74,2509,218,200,0,3299,1925,2229,323,1069,10703,1902.7971109998
84673,1,7106,1028,175,3311,436,0,719,113,651,592,82,1203,5904,1189.2481943749
84681,2,11892,1057,886,5705,1339,0,299,645,326,708,926,1943,9948,1982.0803239582
84699,2,9602,545,49,1497,663,102,0,507,1382,4858,0,594,9009,1982.0803239582
84707,3,27378,1035,182,3491,1488,326,130,2072,3398,12344,2912,1217,26161,2933.4788794581
84715,5,8046,213,0,2512,1201,898,0,816,279,2075,51,213,7832,5311.9752682078
84723,2,12679,859,324,4654,1421,200,399,793,1179,1004,1847,1183,11497,1585.6642591665
84731,2,5772,1391,44,3009,151,0,0,0,0,254,924,1435,4338,2378.4963887498
84749,4,19930,3431,624,4270,3247,86,30,635,4009,2632,966,4055,15875,3805.5942219997
84756,2,10197,960,562,2512,4725,0,0,939,290,203,7,1522,8676,1744.2306850832
84764,2,14269,1838,374,3465,1262,1650,618,2002,389,2081,589,2212,12056,1982.0803239582
84772,4,17121,3679,1021,4120,2025,231,972,1663,396,2823,191,4700,12421,4202.0102867913
84780,4,19599,2096,578,4277,4726,209,100,1740,707,4609,558,2674,16926,4122.7270738330
84798,4,20571,5643,1079,2955,1257,438,758,998,3903,2599,939,6722,13847,3171.3285183330
84806,5,14582,1478,771,4120,1581,66,0,1744,3738,1084,0,2249,12333,4756.9927774996
84814,1,6380,965,604,2512,654,131,0,237,764,78,435,1569,4811,872.1153425416
84822,2,10840,639,538,4261,1235,23,651,898,508,1887,200,1177,9663,1982.0803239582
84830,1,9302,960,0,3079,825,0,1527,201,627,541,1544,960,8344,951.3985554999
84848,5,17513,2242,0,4874,2070,1065,180,191,949,5480,464,2242,15273,5391.2584811662
84855,3,18524,3031,1666,4874,1858,313,1295,1467,1046,2558,417,4697,13828,3171.3285183330
84863,2,4405,0,0,2652,489,0,0,791,213,260,0,0,4405,1982.0803239582
84871,2,6220,941,30,2552,535,84,130,1390,373,185,0,971,5249,1982.0803239582
84889,5,11996,1087,287,3450,778,3368,0,190,1550,521,766,1374,10623,4202.0102867913
84897,4,8481,845,389,4874,827,70,140,200,463,468,207,1234,7249,3567.7445831247
84905,4,13054,932,151,3520,1260,224,162,1431,2402,2218,755,1083,11972,4122.7270738330
84913,6,17970,1114,405,3611,1477,67,0,1503,3209,5880,704,1519,16451,5708.3913329995
84921,1,6693,161,133,4751,419,283,0,84,385,478,0,294,6400,872.1153425416
84939,4,21018,0,0,4632,2177,100,3611,2314,2779,5224,180,0,21017,4202.0102867913
84947,1,9613,1315,779,1805,1145,1593,1082,48,347,339,1158,2094,7517,1189.2481943749
84954,1,9451,1684,578,2056,690,2560,692,146,234,197,612,2262,7187,872.1153425416
84962,2,19502,952,920,4735,2137,487,56,1715,1132,7114,254,1872,17630,1982.0803239582
84970,1,7457,657,306,2612,1496,30,0,276,942,898,241,963,6495,872.1153425416
84988,1,29169,7159,344,3407,1018,895,120,3213,539,5881,6592,7503,21665,872.1153425416
84996,5,29540,7351,0,5767,1927,2025,0,1077,2534,6340,2519,7351,22189,4043.4438608746
85001,1,8006,1739,534,2708,575,213,43,0,752,1070,371,2273,5732,951.3985554999
85019,1,3926,0,214,1896,369,0,0,237,150,625,436,214,3713,872.1153425416
85027,1,12698,663,270,3009,717,574,827,1389,405,3171,1673,933,11765,872.1153425416
85035,1,41368,487,122,3240,766,0,0,338,0,36409,7,609,40760,1109.9649814166
85043,1,13666,1210,96,3319,1324,120,0,559,1437,5526,75,1306,12360,1109.9649814166
85050,1,14096,44,75,3382,1419,0,1167,1370,1395,5050,194,119,13977,872.1153425416
85068,2,19070,2546,752,2873,2877,2200,835,1874,1721,2267,1126,3298,15773,1982.0803239582
85076,1,9184,546,178,2890,745,98,749,1101,1678,958,243,724,8462,872.1153425416
85084,1,1383,543,340,151,171,0,0,0,0,177,0,883,499,872.1153425416
85092,2,5816,1160,467,1736,485,100,180,832,209,507,142,1627,4191,1982.0803239582
85100,1,8344,784,200,2295,648,675,200,0,2111,354,1076,984,7359,1189.2481943749
85118,2,4781,1563,74,2006,779,0,0,0,200,160,0,1637,3145,1982.0803239582
85126,4,16194,2750,858,2307,3376,67,797,3495,239,444,1861,3608,12586,3726.3110090413
85134,2,32079,2846,1119,3988,2502,0,535,10870,4436,5181,603,3965,28115,2061.3635369165
85142,2,10758,2546,653,1003,462,609,135,30,1421,3895,4,3199,7559,2140.6467498748
85159,2,34693,1620,399,5720,1934,1557,1737,3805,11110,5704,1106,2019,32673,1982.0803239582
85167,5,17350,4748,267,3195,900,715,1198,1507,2532,2040,248,5015,12335,4836.2759904579
85175,1,3603,1021,0,1073,683,0,0,236,244,79,266,1021,2581,1109.9649814166
85183,4,31505,1527,462,4012,877,5459,1178,1510,229,13522,2728,1989,29515,4122.7270738330
85191,2,17549,2361,177,3079,850,139,0,1011,1625,7696,610,2538,15010,1982.0803239582
85209,3,24981,3149,91,4935,1146,52,0,134,1297,14178,0,3240,21742,3171.3285183330
85217,4,18868,4907,831,1800,952,919,3437,557,1471,2656,1338,5738,13130,4043.4438608746
85225,5,31390,4254,1311,4030,2194,615,838,747,4246,11864,1289,5565,25823,4598.4263515829
85233,3,18608,2636,1270,4245,931,0,217,1629,1289,5865,526,3906,14702,3171.3285183330
85241,5,28498,4311,780,4371,1898,116,199,399,4839,11401,183,5091,23406,4915.5592034162
85258,2,17625,3717,512,2266,1035,333,300,211,3451,1950,3850,4229,13396,2140.6467498748
85266,1,7979,651,349,2662,1335,0,0,274,2203,504,0,1000,6978,872.1153425416
85274,2,5402,552,154,2859,637,0,0,112,100,955,35,706,4698,2061.3635369165
85282,2,6870,755,687,2512,1420,0,200,984,0,313,0,1442,5429,1982.0803239582
85290,2,11349,860,335,5031,1158,133,0,2877,309,562,83,1195,10153,1982.0803239582
85308,1,6645,340,530,1924,1017,196,100,1623,359,490,67,870,5776,1109.9649814166
85316,1,5242,1378,206,240,440,0,0,1112,154,1224,488,1584,3658,1109.9649814166
85324,2,13348,1092,603,3450,2255,663,958,2200,1224,904,0,1695,11654,1982.0803239582
85332,2,10568,1631,496,4874,738,1397,120,259,20,440,593,2127,8441,1744.2306850832
85340,1,11070,1284,197,5262,881,0,0,552,810,1829,254,1481,9588,872.1153425416
85357,5,16429,3513,1611,5378,2308,223,467,334,1989,540,67,5124,11306,4677.7095645412
85365,1,4665,562,78,1542,604,17,0,71,1543,248,0,640,4025,1109.9649814166
85373,4,25683,2048,470,3142,1992,1615,1595,6641,4832,3197,150,2518,23164,3171.3285183330
85381,3,22631,2304,685,6500,3634,3462,3838,138,1527,460,84,2989,19643,2854.1956664997
85399,4,16371,3236,52,2248,2312,190,2738,391,3319,1885,0,3288,13083,4756.9927774996
85407,5,11311,4460,731,1968,1412,508,171,234,131,586,1110,5191,6120,4439.8599256663
85415,2,16293,1654,274,1863,1698,1160,428,0,7250,330,1635,1928,14364,1982.0803239582
85423,2,9839,1406,118,2167,173,0,903,0,0,4092,980,1524,8315,2140.6467498748
85431,1,6155,676,534,476,476,0,150,58,1071,299,2414,1210,4944,872.1153425416
85449,2,5091,1272,117,1297,661,166,0,211,199,1038,130,1389,3702,1982.0803239582
85456,2,6472,1352,282,2604,597,44,0,556,224,813,0,1634,4838,1982.0803239582
85464,3,17580,2557,839,4881,3191,484,0,2425,771,1999,433,3396,14184,3171.3285183330
85472,2,11132,1001,862,3282,1525,716,230,830,150,1583,955,1863,9271,1982.0803239582
85480,1,4874,574,238,2604,478,0,369,244,190,110,67,812,4062,872.1153425416
85498,3,9529,2159,347,3165,588,52,0,204,0,2972,44,2506,7025,2774.9124535414
85506,3,9597,2082,413,2604,789,141,844,538,480,912,794,2495,7102,2933.4788794581
85514,2,22770,2184,1700,3165,867,69,449,547,957,12178,655,3884,18887,1982.0803239582
85522,4,9717,746,381,3165,779,36,549,320,1112,2476,152,1127,8589,4360.5767127079
85530,5,12512,1038,1156,3236,1816,59,999,403,0,3614,190,2194,10317,4202.0102867913
85548,1,4869,2216,532,1525,496,0,0,0,0,100,0,2748,2121,872.1153425416
85555,2,8161,1249,657,1525,827,43,0,2970,0,90,801,1906,6256,1982.0803239582
85563,3,12833,5380,437,1840,1289,666,1578,554,0,180,909,5817,7016,3171.3285183330
85571,2,13066,4406,1255,1840,1179,435,0,3862,0,90,0,5661,7406,1982.0803239582
85589,5,22782,2060,688,3136,1590,0,0,104,12869,1707,628,2748,20034,4756.9927774996
85597,3,23527,2900,433,2188,1005,0,0,0,16817,185,0,3333,20195,2854.1956664997
85605,1,7336,693,184,1840,842,84,2288,320,217,643,225,877,6459,872.1153425416
85613,2,10071,4406,818,2188,1517,43,0,428,0,90,580,5224,4846,1982.0803239582
85621,2,25495,6289,883,2188,1664,0,0,149,2508,5630,6185,7172,18324,1982.0803239582
85639,6,13912,1783,333,2188,1092,0,0,768,0,7262,485,2116,11795,6184.0906107494
85647,2,10427,2605,229,2188,792,0,0,83,1920,1830,779,2834,7592,2140.6467498748
85654,3,12457,1679,965,2188,1579,0,0,535,1911,3059,541,2644,9813,2933.4788794581
85662,5,12355,1830,195,3761,1215,0,0,407,2092,2700,156,2025,10331,4043.4438608746
85670,5,10082,789,177,4509,1280,76,351,620,240,1581,459,966,9116,5074.1256293329
85688,1,4493,1192,113,2006,526,281,0,0,135,158,82,1305,3188,1109.9649814166
85696,1,7760,364,383,4762,139,0,642,439,836,195,0,747,7013,1109.9649814166
85704,4,11878,628,0,3891,921,90,396,253,2966,1634,1098,628,11249,3329.8949442497
85712,1,10139,52,467,3821,1466,1110,70,1949,89,1072,42,519,9619,872.1153425416
85720,3,18079,2513,1001,2146,1632,0,1003,111,0,8332,1341,3514,14565,3171.3285183330
85738,3,15331,2566,388,2285,685,184,3417,774,1686,2535,810,2954,12376,2933.4788794581
85746,1,7340,1099,348,2790,847,53,0,1623,0,366,212,1447,5891,872.1153425416
85753,1,17360,842,34,2790,941,9285,0,234,0,3033,200,876,16483,872.1153425416
85761,3,8517,3511,218,2790,1278,0,0,181,260,279,0,3729,4788,3092.0453053747
85779,3,7739,1421,74,2004,547,127,700,506,1389,386,585,1495,6244,2695.6292405831
85787,4,16914,2832,449,4308,2211,342,280,459,2513,2957,563,3281,13633,4043.4438608746
85795,2,6675,1106,0,3210,948,67,50,100,158,221,815,1106,5569,2140.6467498748
85803,2,7699,405,532,3229,1228,58,0,537,280,1429,0,937,6761,1982.0803239582
85811,2,16112,3193,544,4585,839,3479,289,578,0,2135,470,3737,12375,1982.0803239582
85829,6,24858,6737,1220,3360,1929,531,1932,400,2672,5949,126,7957,16899,5629.1081200411
85837,3,14308,1679,513,3240,2543,77,1300,402,1500,2903,150,2192,12115,2695.6292405831
85845,2,9042,954,0,1804,339,0,231,233,0,3135,2346,954,8088,2140.6467498748
85852,1,4574,1021,0,1736,950,126,251,155,260,75,0,1021,3553,872.1153425416
85860,2,11231,2757,1129,3137,1096,93,0,194,451,2328,46,3886,7345,1982.0803239582
85878,2,8762,1579,159,3240,874,81,0,921,796,1101,10,1738,7023,1982.0803239582
85886,3,13345,863,0,2695,712,5,150,1075,4944,2750,150,863,12481,2695.6292405831
85894,2,22846,1718,345,2622,830,0,0,1359,260,15712,0,2063,20783,1982.0803239582
85902,1,10057,728,0,2634,1548,300,0,1755,858,1416,819,728,9330,872.1153425416
85910,6,8980,1754,1355,3225,0,60,0,1249,239,1097,0,3109,5870,5787.6745459578
85928,3,39070,8505,375,6070,1483,109,2703,1588,6183,11599,455,8880,30190,3171.3285183330
85936,8,26373,3658,1218,4077,2097,308,749,1085,10845,2294,43,4876,21498,7690.4716569576
85944,5,46949,9266,1537,6344,3537,202,623,2854,1506,18671,2410,10803,36147,5629.1081200412
85951,5,40076,6961,238,7546,5976,173,853,4189,5068,8925,147,7199,32877,5232.6920552495
85969,4,28183,4171,734,8839,3605,296,0,2755,1810,5973,0,4905,23278,4519.1431386246
85977,4,16694,1643,583,4445,1460,621,0,406,4243,3293,0,2226,14468,3171.3285183330
85985,3,19127,1011,113,6784,1225,33,200,1073,4068,4185,437,1124,18005,2616.3460276248
85993,2,35329,4193,763,6842,3101,2044,0,4166,1441,12617,161,4956,30372,1982.0803239582
86009,3,18478,3177,955,5181,1649,2963,739,2487,182,1026,120,4132,14347,3171.3285183330
86017,1,9738,910,296,4019,1010,0,269,483,1124,1558,69,1206,8532,872.1153425416
86025,4,13125,567,0,4043,1064,82,549,625,3738,1935,523,567,12559,3409.1781572080
86033,4,21445,5144,770,3891,1995,169,2881,2645,2071,1782,95,5914,15529,3964.1606479163
86041,4,17108,1632,566,5115,2445,0,0,35,279,4446,2588,2198,14908,4202.0102867913
86058,4,16867,1831,350,5181,1753,151,319,423,3775,2039,1046,2181,14687,3567.7445831247
86066,4,25867,4223,577,6205,1798,686,150,2449,6812,2949,17,4800,21066,4122.7270738330
86074,3,22979,2484,0,5390,2062,1358,0,211,883,10012,579,2484,20495,3171.3285183330
86082,6,23536,279,0,6638,2155,153,271,1293,2124,7296,3327,279,23257,5629.1081200412
86090,1,8149,1021,238,3750,1028,0,0,1421,317,375,0,1259,6891,872.1153425416
86108,2,21898,365,183,5839,1690,30,1204,4607,3541,3926,513,548,21350,1982.0803239582
86116,3,23816,7933,367,6049,1588,95,419,1297,3006,2849,213,8300,15516,3012.7620924164
86124,4,23295,3683,2201,4332,1435,1694,1118,1781,3333,2711,1007,5884,17411,3964.1606479163
86132,5,25436,3863,267,4390,1608,431,388,4661,3741,2910,3176,4130,21305,5311.9752682078
86140,2,15805,679,1206,4474,1529,2760,1097,1136,765,1861,299,1885,13921,1982.0803239582
86157,2,13760,3157,464,4432,1526,963,478,1439,636,663,0,3621,10137,1982.0803239582
86165,6,38843,3675,1584,5763,2263,747,901,978,4314,16565,2051,5259,33582,5708.3913329995
86173,2,25061,1138,295,15801,939,176,0,754,437,3595,1926,1433,23628,1982.0803239582
86181,5,18690,1968,936,5630,1177,170,399,657,4557,1918,1278,2904,15786,4043.4438608746
86199,2,18940,4298,558,4208,891,0,0,4451,358,3595,580,4856,14083,1982.0803239582
86207,5,13041,787,0,3814,1672,0,389,160,5767,39,414,787,12255,3884.8774349580
86215,2,16303,1464,47,3926,3824,48,3688,1287,1557,139,322,1511,14791,1744.2306850832
86223,2,10822,1551,310,3919,1480,160,100,1620,647,1035,0,1861,8961,1982.0803239582
86231,2,10560,585,162,3511,2,0,200,426,527,4599,549,747,9814,1902.7971109998
86249,2,11122,1497,514,3899,852,296,26,2013,1344,403,279,2011,9112,1982.0803239582
86256,4,13398,3903,529,3814,1332,171,261,228,1342,1212,606,4432,8966,3329.8949442497
86264,4,28533,2545,1809,4561,1304,683,410,545,5077,11454,145,4354,24179,3805.5942219997
86272,4,11772,2020,344,3511,1228,248,250,274,791,1693,1414,2364,9409,3726.3110090413
86280,3,20193,1315,43,3984,1212,669,2524,6122,3302,671,351,1358,18835,3012.7620924164
86298,1,21490,2554,28,3731,1195,6224,3468,200,1565,347,2179,2582,18909,872.1153425416
86306,5,19636,3308,719,5115,1119,263,0,1373,5954,1263,522,4027,15609,3884.8774349580
86314,3,14736,2609,953,5630,1864,87,299,349,459,2422,65,3562,11175,3171.3285183330
86322,2,18659,4230,1324,5739,804,34,0,138,420,5897,73,5554,13105,1982.0803239582
86330,4,21413,5721,1065,5647,1613,51,0,1677,2554,3086,0,6786,14628,4043.4438608746
86348,9,19350,345,72,4594,1,89,4319,70,1981,7327,552,417,18933,8562.5869994992
86355,2,17014,940,1382,6006,2712,33,219,844,1054,3694,130,2322,14692,1982.0803239582
86363,1,13373,1602,425,4392,963,40,50,297,555,4918,130,2027,11345,1189.2481943749
86371,4,30769,1936,449,5739,1948,3001,0,561,2279,14755,100,2385,28383,3805.5942219997
86389,2,9871,885,77,3326,890,137,50,1231,151,2878,247,962,8910,1982.0803239582
86397,4,20566,4020,983,3725,1355,0,940,1737,2400,5263,143,5003,15563,3805.5942219997
86405,1,5164,1588,160,2192,191,902,130,0,0,0,0,1748,3415,1109.9649814166
86413,6,21958,5241,980,2720,1867,2935,1100,868,1107,1988,3151,6221,15736,6184.0906107494
86421,2,10758,3831,1872,2720,1326,468,235,255,0,50,0,5703,5054,1982.0803239582
86439,3,12731,664,0,2720,613,384,1700,679,1222,2908,1840,664,12066,2695.6292405831
86447,6,11734,2061,191,2720,1799,0,1600,836,174,1920,434,2252,9483,5787.6745459578
86454,6,13706,1548,577,2720,2123,0,0,350,1002,3351,2036,2125,11582,4281.2934997496
86462,3,12228,1881,1207,2720,2176,2136,500,1458,0,150,0,3088,9140,2933.4788794581
86470,3,10578,2033,506,2192,974,0,0,0,0,2722,2151,2539,8039,3250.6117312914
86488,7,17733,3011,667,2720,4318,0,0,5276,301,1440,0,3678,14055,7056.2059532910
86496,4,14050,4005,618,3156,846,1032,0,1842,998,1357,195,4623,9426,4122.7270738330
86504,5,10863,2173,305,2597,1212,370,0,2131,0,1967,109,2478,8386,5549.8249070828
86512,10,14019,3969,1959,2797,875,87,599,93,1195,1437,1007,5928,8090,8721.1534254159
86520,8,11142,3292,281,3260,1008,83,0,83,2726,150,259,3573,7569,7135.4891662493
86538,6,17175,5051,3601,3260,857,0,352,1430,0,1841,784,8652,8524,5946.2409718745
86546,8,6932,1306,396,3260,599,0,100,0,0,1118,152,1702,5229,7611.1884439993
86553,2,5414,1354,457,2609,647,0,0,0,0,347,0,1811,3603,1982.0803239582
86561,5,9510,2684,1366,3260,598,100,0,0,267,1236,0,4050,5461,5311.9752682078
86579,2,5142,1024,218,2438,352,0,0,340,0,50,721,1242,3901,1982.0803239582
86587,1,5724,1485,287,2608,102,100,250,348,100,400,44,1772,3952,1109.9649814166
86595,2,31970,3318,100,3371,851,1942,1131,1211,11134,7439,1472,3418,28551,2140.6467498748
86603,5,16991,4230,161,3371,932,0,351,0,351,5941,1654,4391,12600,4043.4438608746
86611,3,17739,4715,1206,3371,1496,0,1597,435,218,2289,2412,5921,11818,2695.6292405831
86629,7,18248,4093,1960,3260,800,196,0,0,2837,5103,0,6053,12196,7373.3388051243
86637,3,5713,743,413,1800,399,200,0,160,0,963,1035,1156,4557,2933.4788794581
86645,6,7996,2294,808,3260,753,0,0,0,0,881,0,3102,4894,5787.6745459578
86652,3,21768,1195,465,4608,1794,0,109,7186,0,6211,200,1660,20108,3171.3285183330
86660,1,6701,667,64,3849,700,338,200,59,250,280,294,731,5970,872.1153425416
86678,5,29950,6977,1457,4783,2166,207,228,1233,3988,8795,116,8434,21516,5153.4088422912
86686,2,8541,2324,498,3278,478,0,26,703,35,1148,50,2822,5718,2140.6467498748
86694,4,15244,1431,849,5005,1527,134,146,776,1170,3960,246,2280,12964,3884.8774349580
86702,3,20667,1635,968,4088,2865,43,249,2205,2496,5265,852,2603,18063,3171.3285183330
86710,10,23618,4344,1541,4905,2566,224,1161,1783,4583,2110,401,5885,17733,10465.3841104990
86728,6,16508,2865,997,4905,1871,151,0,477,2675,837,1730,3862,12646,5311.9752682078
86736,6,19634,3675,664,1408,1229,133,887,490,2543,6974,1631,4339,15295,5866.9577589161
86744,8,17391,673,38,5055,2138,1861,472,904,3361,1682,1206,711,16679,8483.3037865409
86751,3,9996,1852,514,996,573,358,174,846,2147,1649,886,2366,7629,2695.6292405831
86769,1,8507,580,272,4905,1125,0,0,71,312,907,334,852,7654,1109.9649814166
86777,4,19859,1999,416,4387,2126,1153,1116,1050,4653,2637,322,2415,17444,3805.5942219997
86785,4,15701,1714,601,5051,2476,198,0,1722,1931,1376,633,2315,13387,4202.0102867913
86793,4,21607,8130,2859,3344,1581,1646,398,304,1999,1154,192,10989,10618,3567.7445831247
86801,4,9181,1566,745,3567,1391,1023,0,0,638,185,67,2311,6871,3964.1606479163
86819,11,9777,1266,0,4666,546,86,0,190,2365,61,598,1266,8512,9038.2862772492
86827,7,10730,136,0,3849,954,163,749,1808,1291,288,1490,136,10592,5470.5416941245
86835,3,7929,1593,52,3456,1159,332,0,802,0,170,365,1645,6284,2616.3460276248
86843,1,7739,952,0,3490,826,0,0,191,536,1136,608,952,6787,1109.9649814166
86850,2,8975,1178,0,5668,1083,33,0,385,194,435,0,1178,7798,1982.0803239582
86868,2,9659,1186,499,4283,902,0,0,2629,150,11,0,1685,7975,1982.0803239582
86876,5,14544,1464,364,5743,1595,0,0,730,1523,2893,232,1828,12716,5311.9752682078
86884,4,23335,4500,452,5668,2230,57,350,1038,4834,3974,232,4952,18383,3329.8949442497
86892,2,15060,1722,400,4388,2099,831,0,3934,932,662,92,2122,12938,1982.0803239582
86900,5,19483,4932,1063,4283,1869,69,449,1122,5300,330,67,5995,13489,3964.1606479163
86918,1,6418,0,366,4340,672,0,0,618,189,234,0,366,6053,1109.9649814166
86926,2,25404,5923,877,6742,2711,134,0,125,3545,2174,3174,6800,18605,1823.5138980415
86934,3,19384,301,201,4666,1330,456,0,344,170,11541,375,502,18882,2854.1956664997
86942,1,3371,1371,1030,205,150,0,0,71,326,219,0,2401,971,1109.9649814166
86959,1,7856,802,320,254,139,180,675,5055,137,242,52,1122,6734,872.1153425416
86967,6,14451,2832,649,1998,530,83,100,1468,823,5471,497,3481,10970,5787.6745459578
86975,8,13207,3995,366,3260,2069,61,0,200,475,1570,1212,4361,8847,6976.9227403327
86983,4,18751,2986,964,4291,1219,133,722,494,5559,1313,1070,3950,14801,3171.3285183330
86991,3,7931,984,496,4283,1151,61,201,142,172,215,225,1480,6450,2933.4788794581
87007,2,6886,2036,643,3260,577,0,0,0,0,371,0,2679,4208,1982.0803239582
87015,5,9725,3802,617,2000,1033,0,0,43,0,1560,669,4419,5305,4202.0102867913
87023,2,15184,2284,826,3260,1147,0,100,71,1001,6147,348,3110,12074,1982.0803239582
87031,4,7341,1847,521,3260,610,0,0,0,348,756,0,2368,4974,4043.4438608746
87049,3,19323,230,1267,4283,1568,61,1214,3100,1573,4721,1306,1497,17826,2933.4788794581
87056,7,30724,181,435,5668,1182,1401,3606,1258,3037,13724,231,616,30107,6818.3563144160
87064,5,53141,1726,226,5814,5524,606,5458,3658,7081,13742,9305,1952,51188,4756.9927774996
87072,4,13175,3696,318,4608,920,0,0,165,1071,2397,0,4014,9161,3884.8774349580
87080,3,8022,1623,456,3260,609,27,0,0,174,1873,0,2079,5943,2854.1956664997
87098,6,14244,2989,834,3260,684,96,0,0,3661,1269,1451,3823,10421,4915.5592034162
87106,2,10915,577,150,2892,691,180,100,233,1729,4163,200,727,10188,1982.0803239582
87114,4,30861,1800,715,4519,1061,1001,749,534,18482,1204,798,2515,28348,4122.7270738330
87122,3,5517,767,270,1946,787,171,0,243,1009,220,105,1037,4481,2219.9299628331
87130,1,8127,0,0,3343,1355,0,1297,229,956,213,733,0,8126,872.1153425416
87148,2,6929,1269,235,2395,1171,50,0,860,60,180,710,1504,5426,1982.0803239582
87155,4,9830,524,121,1697,792,0,0,218,6280,131,68,645,9186,3250.6117312914
87163,1,2901,83,0,1597,574,0,80,0,249,70,248,83,2818,872.1153425416
87171,4,33687,1739,285,4968,1342,737,0,2059,20923,545,1090,2024,31664,4281.2934997496
87189,1,3795,0,0,2591,552,83,0,201,110,219,40,0,3796,1109.9649814166
87197,15,20154,5406,1388,2196,1115,463,1158,968,5597,599,1265,6794,13361,12288.8980085405
87205,6,11319,900,242,5668,1262,177,0,1,1881,1189,0,1142,10178,4915.5592034162
87213,1,21550,863,937,4362,2158,2569,672,1489,5986,347,2167,1800,19750,872.1153425416
87221,2,5396,78,66,3456,344,0,0,522,220,709,0,144,5251,2299.2131757915
87239,1,13260,2888,223,2398,319,0,0,101,300,6721,311,3111,10150,1189.2481943749
87247,3,6188,359,0,4100,1100,167,0,125,188,150,0,359,5830,2457.7796017081
87254,3,8601,1365,640,3278,866,98,0,1,508,1091,754,2005,6596,3092.0453053747
87262,4,25344,5154,141,4008,1453,282,0,470,1361,11849,627,5295,20050,3647.0277960830
87270,6,15862,3394,546,3240,1441,76,753,2,5382,799,226,3940,11919,5153.4088422912
87288,4,8066,2340,669,1515,1017,137,75,590,604,160,959,3009,5057,3409.1781572080
87296,13,14162,4449,1389,3370,1289,631,150,306,1609,359,608,5838,8322,12606.0308603738
87304,10,7544,2585,438,1515,1071,17,0,0,587,150,1181,3023,4521,7928.3212958326
87312,5,28130,4028,2388,3370,2792,3584,434,718,170,6385,4260,6416,21713,5232.6920552495
87320,4,18645,2438,684,2356,3167,44,848,6049,2715,345,0,3122,15524,4202.0102867913
87338,8,19518,5901,1809,3370,2790,515,65,87,26,2714,2242,7710,11809,6421.9402496244
87346,7,14305,1643,501,2356,1715,0,0,332,6969,623,166,2144,12161,7373.3388051243
87353,10,15046,2746,1486,3370,3932,1218,0,50,414,1830,0,4232,10814,9196.8527031658
87361,2,3896,630,4,1515,31,142,499,116,109,461,388,634,3261,2140.6467498748
87379,5,16079,4393,1177,1857,1629,109,70,963,0,4944,937,5570,10509,4281.2934997496
87387,8,20939,9527,1029,2356,1806,318,0,1307,174,1218,3203,10556,10382,7690.4716569576
87395,11,55045,6578,4254,3370,3755,25806,1876,96,2324,5708,1278,10832,44213,10703.2337493740
87403,3,10833,2266,1093,1857,1177,671,872,654,349,718,1177,3359,7475,3012.7620924164
87411,14,17241,6541,1312,2356,933,0,217,659,612,1810,2802,7853,9389,13002.4469251655
87429,6,24874,3532,1588,2955,1535,0,5768,261,2496,6280,458,5120,19753,6342.6570366661
87437,11,22144,1325,218,3370,2449,466,200,4035,214,7167,2701,1543,20602,10703.2337493740
87445,12,11528,2883,2057,3370,624,283,0,92,436,803,981,4940,6589,10227.5344716241
87452,2,4261,1059,30,1995,278,173,0,279,258,189,0,1089,3172,1982.0803239582
87460,1,8440,595,1148,2055,586,450,1226,1320,575,486,0,1743,6698,872.1153425416
87478,5,31394,1600,368,2084,1546,20,1003,279,23462,833,200,1968,29427,4994.8424163745
87486,5,21247,4912,0,5195,1651,958,1388,1967,1974,2624,580,4912,16337,4756.9927774996
87494,1,11890,1477,132,5176,43,652,519,361,537,2278,716,1609,10282,872.1153425416
87502,4,23746,1458,320,5020,1464,504,100,1946,5404,7011,518,1778,21967,3409.1781572080
87510,1,8606,2954,470,1857,1107,67,0,1782,0,0,370,3424,5183,872.1153425416
87528,7,15366,2323,657,3370,1048,716,43,0,1512,5001,696,2980,12386,7769.7548699160
87536,8,4949,217,217,2356,1194,100,100,261,70,432,0,434,4513,8404.0205735826
87544,9,25474,9183,1688,3370,2035,3290,0,994,878,1730,2305,10871,14602,9434.7023420408
87551,1,7769,274,187,1857,671,117,0,103,0,4508,52,461,7308,872.1153425416
87569,6,27493,3828,0,3370,1248,1786,435,316,11422,4123,965,3828,23665,5153.4088422912
87577,7,9573,3676,803,1857,1296,0,0,0,193,1405,344,4479,5095,5787.6745459578
87585,6,7683,923,0,2356,1054,868,0,117,207,1474,683,923,6759,6025.5241848328
87593,3,13592,1032,792,2919,3686,43,110,2456,9,2458,87,1824,11768,3171.3285183330
87601,1,3061,224,0,1628,324,784,0,0,0,100,0,224,2836,1109.9649814166
87619,6,12380,2197,1100,2148,1115,90,2660,642,411,1797,221,3297,9084,6025.5241848328
87627,3,22332,3275,1201,2919,2115,1887,1492,379,95,5413,3556,4476,17856,3171.3285183330
87635,4,16917,3548,510,1628,1013,3097,1393,196,0,973,4560,4058,12860,3250.6117312914
87643,2,11491,2515,1373,2148,1392,1835,661,142,146,1105,174,3888,7603,1982.0803239582
87650,6,35655,3603,222,2148,24717,0,2330,0,425,2210,0,3825,31830,5708.3913329995
87668,2,8110,615,767,2315,1407,0,0,132,0,2765,109,1382,6728,1982.0803239582
87676,9,7043,671,17,2356,538,0,0,421,1101,1076,863,688,6355,7769.7548699160
87684,3,9413,964,0,5349,821,0,0,1157,670,452,0,964,8449,3171.3285183330
87692,2,6027,754,410,3849,474,0,0,343,0,175,22,1164,4863,1982.0803239582
87700,9,17456,2821,1492,2201,1743,1992,0,2230,2902,1492,583,4313,13143,8562.5869994992
87718,2,6994,247,242,3171,1213,71,0,688,659,703,0,489,6505,1982.0803239582
87726,1,3482,698,148,1854,61,0,89,0,186,325,121,846,2636,1189.2481943749
87734,1,1649,435,58,0,530,283,0,0,0,343,0,493,1156,1189.2481943749
87742,1,8523,1668,481,2146,343,43,0,921,168,2708,44,2149,6373,872.1153425416
87759,1,6223,886,276,2246,589,0,0,971,165,1090,0,1162,5061,872.1153425416
87767,4,38377,6420,427,3874,2307,100,0,339,2743,21830,338,6847,31531,3171.3285183330
87775,4,12318,1925,601,2207,690,132,449,222,4143,1249,700,2526,9792,3488.4613701663
87783,3,4939,1362,533,2008,406,0,0,242,168,220,0,1895,3044,3171.3285183330
87791,3,13156,3372,1691,2790,1125,171,201,722,560,2253,272,5063,8094,2933.4788794581
87809,3,8775,1468,104,3097,876,465,0,379,1106,586,694,1572,7203,2616.3460276248
87817,1,11306,56,4,3861,771,0,0,719,328,5383,183,60,11245,872.1153425416
87825,5,5080,0,0,2697,481,0,0,0,1752,50,100,0,5080,4043.4438608746
87833,3,15866,1125,115,3511,425,223,978,319,4282,4805,83,1240,14626,2695.6292405831
87841,2,21294,4539,1452,4766,971,629,0,1024,699,3918,3295,5991,15302,1982.0803239582
87858,1,14359,322,151,4734,1421,1645,43,398,2143,1239,2262,473,13885,872.1153425416
87866,2,26284,2438,320,15410,1,482,0,1169,563,4715,1185,2758,23525,1982.0803239582
87874,3,42539,9511,3634,4683,2872,1360,3588,2026,3926,8213,2724,13145,29392,2616.3460276248
87882,1,15906,1267,329,3418,1011,448,349,1844,5234,1937,69,1596,14310,872.1153425416
87890,5,42047,6619,1321,6044,3541,1694,6500,4065,8290,1988,1985,7940,34107,4122.7270738330
87908,4,11727,644,121,4296,1543,39,1082,619,993,2240,151,765,10963,3329.8949442497
87916,5,17759,1831,549,4026,1733,267,0,511,2592,5914,337,2380,15380,4043.4438608746
87924,6,18457,4433,1056,5176,2125,464,722,1154,656,1105,1566,5489,12968,5708.3913329995
87932,2,7891,1632,456,4196,740,0,200,43,549,76,0,2088,5804,1823.5138980415
87940,5,30180,1741,0,4046,1364,1026,940,1533,10887,7673,970,1741,28439,3884.8774349580
87957,5,37954,4400,1057,7250,2946,54,1205,1332,4273,15086,352,5457,32498,4202.0102867913
87965,3,23590,6330,0,6394,2656,0,1126,360,1429,4341,955,6330,17261,2695.6292405831
87973,5,65893,4310,588,12275,5495,236,431,1140,6961,32279,2179,4898,60996,4598.4263515829
87981,3,42989,3344,766,8501,1003,5841,0,2428,5752,14375,979,4110,38879,3171.3285183330
87999,1,11732,1881,640,5298,180,133,802,1358,239,1141,60,2521,9211,872.1153425416
88005,1,7215,1677,249,3511,393,40,348,1,886,110,0,1926,5289,1189.2481943749
88013,3,18682,1128,179,3792,799,231,434,527,2321,8873,398,1307,17375,2616.3460276248
88021,3,20969,5304,1177,4363,1469,183,301,293,5641,2152,86,6481,14488,2616.3460276248
88039,7,23675,4481,1106,4800,2148,213,1516,433,6812,1565,600,5587,18087,6263.3738237078
88047,4,30836,3873,316,6530,3588,0,287,877,4083,10834,449,4189,26648,3964.1606479163
88054,4,24148,4575,2068,5454,2631,1427,247,608,4974,1818,345,6643,17504,4122.7270738330
88062,4,30627,898,0,6062,2438,50,652,1386,1310,17590,241,898,29729,4122.7270738330
88070,7,19420,3926,925,2800,1753,254,0,1861,5033,2065,803,4851,14569,5470.5416941245
88088,2,21627,662,361,4515,1993,4314,140,1625,843,7122,52,1023,20604,1982.0803239582
88096,7,20874,6907,691,5646,1290,0,0,642,1890,2897,911,7598,13276,5470.5416941245
88104,4,24415,1378,436,3691,1396,1263,0,132,3008,12408,703,1814,22601,3488.4613701663
88112,3,17000,1815,323,6898,3277,362,200,773,1477,1729,146,2138,14862,2616.3460276248
88120,7,10613,1973,186,4332,829,0,0,0,2795,276,222,2159,8454,6104.8073977911
88138,5,35797,4242,160,5994,5029,685,2006,750,4924,8311,3693,4402,31392,5074.1256293329
88146,1,9044,2271,105,2209,250,0,153,273,1344,1726,715,2376,6670,1189.2481943749
88153,2,7730,110,0,4509,1283,80,502,511,430,306,0,110,7621,1982.0803239582
88161,3,21087,4086,512,5020,1173,133,2508,1074,4282,1686,614,4598,16490,2299.2131757915
88179,6,7325,413,546,3210,891,108,173,1271,133,341,239,959,6366,6104.8073977911
88187,5,33123,1072,682,9275,3892,1938,0,1515,3620,10961,168,1754,31369,5232.6920552495
88195,2,26570,1171,1092,8776,4082,210,0,934,1275,8945,86,2263,24308,1982.0803239582
88203,4,22952,2798,1303,5451,2122,173,0,856,1518,6369,2363,4101,18852,3726.3110090413
88211,5,17817,4266,1456,5283,1577,140,105,534,1880,1824,752,5722,12095,4281.2934997496
88229,5,30317,3727,1258,4270,2979,884,1003,1135,8464,5199,1398,4985,25332,5391.2584811662
88237,4,14250,1003,628,1733,1728,5564,0,995,458,1470,669,1631,12617,3567.7445831247
88245,11,22703,2775,218,4076,1255,4818,1104,1993,2102,3116,1245,2993,19709,9751.8351938741
88252,7,6856,155,0,2201,1287,942,0,190,693,1388,0,155,6701,7531.9052310410
88260,2,8344,2608,425,1733,1449,775,0,149,0,812,393,3033,5311,1982.0803239582
88278,9,3288,0,0,2201,686,0,0,0,0,402,0,0,3289,9751.8351938741
88286,1,13182,2036,57,2888,1489,1863,436,3984,0,150,278,2093,11088,872.1153425416
88294,2,4678,956,270,1733,532,498,0,0,0,689,0,1226,3452,1982.0803239582
88302,2,3595,31,0,2201,912,0,0,301,0,151,0,31,3565,1823.5138980415
88310,6,13983,2666,0,2201,1185,1258,271,2119,2107,1653,524,2666,11318,5311.9752682078
88328,8,20689,5933,2384,4076,2597,0,0,0,1486,3235,977,8317,12371,8007.6045087909
88336,8,21621,1955,492,2888,2033,6486,0,109,1006,6287,365,2447,19174,7373.3388051243
88344,8,11811,3501,1333,2201,1536,65,80,140,147,2481,327,4834,6977,7135.4891662493
88351,2,16411,2391,765,5528,2109,39,0,677,1698,3204,0,3156,13255,1982.0803239582
88369,2,9232,328,99,4296,4158,0,0,0,180,120,51,427,8805,2299.2131757915
88377,6,14507,2624,846,4558,1159,130,0,304,914,3713,260,3470,11038,5549.8249070828
88385,12,12644,649,212,4076,4152,0,0,74,1926,696,860,861,11784,11892.4819437489
88393,5,11190,702,1016,4076,900,1026,0,1463,574,215,1218,1718,9472,5232.6920552495
88401,2,5008,763,0,4076,109,60,0,0,0,0,0,763,4245,1982.0803239582
88419,12,19096,7434,2726,4076,1817,1655,65,251,392,539,142,10160,8937,11813.1987307906
88427,11,14465,6017,479,4076,2130,0,498,0,284,329,653,6496,7970,11733.9155178323
88435,1,6698,1838,1145,1733,732,0,289,114,0,100,747,2983,3715,1109.9649814166
88443,8,21697,8881,2329,4076,3358,274,358,759,83,1122,457,11210,10487,7769.7548699160
88450,5,20840,5059,3122,4076,5369,672,0,873,621,499,549,8181,12659,5153.4088422912
88468,3,14813,5172,532,1700,978,134,350,827,0,4553,568,5704,9110,2695.6292405831
88476,1,6634,1708,610,1144,941,971,651,407,100,100,0,2318,4314,872.1153425416
88484,2,17329,6286,2832,1574,1695,1658,0,389,0,2676,218,9118,8210,1982.0803239582
88492,2,8670,2711,619,1574,668,799,60,1266,0,973,0,3330,5340,1744.2306850832
88500,2,11916,1582,87,1304,1028,899,1002,999,200,1917,2897,1669,10246,2061.3635369165
88518,4,9030,1107,767,1144,803,1192,481,1028,1120,1021,366,1874,7155,3964.1606479163
88526,1,4409,1608,0,1574,890,0,0,0,33,60,244,1608,2801,872.1153425416
88534,3,11236,2382,389,1998,369,0,249,332,714,4117,687,2771,8466,3171.3285183330
88542,6,6007,1345,575,1526,1558,0,149,232,242,379,0,1920,4086,5153.4088422912
88559,5,29210,7297,2388,2771,3510,91,173,8982,0,3252,745,9685,19524,5311.9752682078
88567,4,28845,8357,0,2623,1572,180,5600,2086,507,5367,2553,8357,20488,4122.7270738330
88575,3,25479,4001,1054,1076,1861,0,0,0,3103,7329,7056,5055,20425,2695.6292405831
88583,3,13558,2118,582,1849,2298,301,0,573,1367,3864,606,2700,10858,3171.3285183330
88591,6,12457,1603,1350,2036,2546,107,832,167,100,2873,845,2953,9506,6421.9402496244
88609,1,4058,635,43,1242,457,0,100,0,0,50,1531,678,3380,1189.2481943749
88617,4,20325,1272,113,4120,2082,33,130,65,9928,1075,1507,1385,18940,3884.8774349580
88625,2,11565,664,0,2597,236,291,1522,728,2023,2419,1085,664,10901,2140.6467498748
88633,2,10389,3516,0,2512,702,0,130,379,230,1270,1650,3516,6873,1823.5138980415
88641,4,9438,0,0,4204,1076,84,130,741,1718,1486,0,0,9439,3329.8949442497
88658,3,17845,3771,392,2790,1273,233,44,2309,2970,2943,1120,4163,13682,2616.3460276248
88666,1,2406,0,0,1856,321,0,0,170,0,60,0,0,2407,1109.9649814166
88674,2,20019,3925,623,5055,4086,1341,363,1361,1928,1151,187,4548,15472,1982.0803239582
88682,7,20990,1632,112,4905,1585,159,459,168,2948,8705,316,1744,19245,6501.2234625827
88690,2,25566,2442,421,2106,553,0,0,985,933,17184,942,2863,22703,2140.6467498748
88708,2,13505,0,0,3208,1760,0,0,2721,2065,648,3103,0,13505,1982.0803239582
88716,1,14250,2239,883,6223,2768,0,0,226,1137,773,0,3122,11127,872.1153425416
88724,2,12245,1826,534,6249,1606,518,0,1020,179,312,0,2360,9884,1982.0803239582
88732,6,32165,5577,721,6055,3212,3474,417,996,4032,6410,1271,6298,25867,4994.8424163745
88740,6,15773,4380,2225,3260,951,50,629,67,2113,2099,0,6605,9169,6104.8073977911
88757,3,8444,993,211,4283,978,125,109,124,1148,449,25,1204,7241,2695.6292405831
88765,6,7560,39,0,3485,818,150,100,50,2195,100,623,39,7521,4756.9927774996
88773,9,7743,1524,575,3485,753,0,20,499,767,47,73,2099,5644,7373.3388051243
88781,1,18562,659,106,4428,1913,0,0,534,877,9965,80,765,17797,872.1153425416
88799,2,13201,1964,586,4433,984,0,0,1434,502,3297,0,2550,10650,1982.0803239582
88807,2,15050,617,50,4591,546,116,100,450,2158,6250,171,667,14382,1902.7971109998
88815,3,14544,0,0,4905,1399,793,4000,827,1004,1415,200,0,14543,2854.1956664997
88823,6,13173,1606,26,4513,1497,67,186,463,1681,3050,84,1632,11541,5708.3913329995
88831,2,20768,2069,40,3849,928,1722,1804,1262,5704,2121,1270,2109,18660,1982.0803239582
88849,4,12117,2443,1061,3097,682,100,690,319,2833,293,599,3504,8613,3171.3285183330
88856,6,8855,2716,1238,1505,583,376,0,349,1486,602,0,3954,4901,5549.8249070828
88864,2,9194,2207,415,3260,1053,52,0,1516,0,453,238,2622,6572,1982.0803239582
88872,13,18929,2173,1217,4608,1889,0,0,0,5562,1536,1944,3390,15539,12130.3315826239
88880,4,20313,819,269,1896,1259,209,3497,2134,2902,6356,971,1088,19224,4202.0102867913
88898,1,11821,930,67,5461,979,0,180,461,0,3743,0,997,10824,1189.2481943749
88906,4,22335,3596,321,7916,3204,115,1909,796,2684,1562,233,3917,18419,4360.5767127079
88914,5,20445,2915,659,5668,3427,157,174,1163,5110,829,342,3574,16870,4360.5767127079
88922,4,19266,5045,102,5783,1728,841,0,3235,269,1974,289,5147,14119,4360.5767127079
88930,3,36935,2895,1362,6494,4897,4186,1115,4238,1128,9384,1237,4257,32679,3171.3285183330
88948,4,14218,1754,788,4666,1101,185,78,300,2300,3046,0,2542,11676,3726.3110090413
88955,2,15646,1364,888,6326,1171,316,500,633,1538,2284,625,2252,13393,1982.0803239582
88963,3,14997,4480,36,4766,1276,407,0,1237,1475,1250,70,4516,10481,2933.4788794581
88971,2,17626,2857,545,6881,2287,152,672,946,1035,1997,254,3402,14224,1982.0803239582
88989,4,18117,3210,351,5010,1842,95,0,288,4589,1960,772,3561,14556,3329.8949442497
88997,3,21191,5026,528,2955,1570,852,1162,1330,1846,2519,3404,5554,15638,2537.0628146664
89003,5,10110,560,391,6243,1415,334,79,320,132,637,0,951,9160,5074.1256293329
89011,3,13807,2934,1210,4666,762,60,45,698,678,1786,968,4144,9663,3171.3285183330
89029,4,8543,0,0,3899,1339,233,211,970,705,1186,0,0,8543,3488.4613701663
89037,5,13066,1826,544,3849,1087,1171,749,851,1522,671,797,2370,10697,3726.3110090413
89045,1,8439,1103,588,3849,604,0,0,1783,329,76,107,1691,6748,872.1153425416
89052,2,12556,2521,603,4666,1294,165,345,100,419,2444,0,3124,9433,1982.0803239582
89060,3,45941,7337,1895,14078,2864,673,707,825,2342,12681,2539,9232,36709,2933.4788794581
89078,1,10188,2272,509,3849,660,596,301,1313,100,201,387,2781,7407,872.1153425416
89086,4,14088,2917,572,3661,1214,166,1657,693,1700,627,880,3489,10598,4202.0102867913
89094,6,29316,5620,2264,3260,1699,5995,3956,128,1301,1968,3127,7884,21434,5549.8249070828
89102,9,13978,3556,945,1447,497,171,2212,468,3775,906,0,4501,9476,8007.6045087909
89110,3,29519,6948,1735,3260,324,3252,1436,544,4,8799,3218,8683,20837,3012.7620924164
89128,1,6334,1299,291,2173,1299,87,0,187,0,0,998,1590,4744,1109.9649814166
89136,6,13682,4395,1397,2295,708,0,70,0,3380,1319,117,5792,7889,5470.5416941245
89144,3,8698,1429,570,2797,1166,442,0,371,581,1343,0,1999,6700,3726.3110090413
89151,4,12477,3220,880,3768,1005,93,726,187,0,1498,1099,4100,8376,3250.6117312914
89169,4,10628,154,166,3497,976,67,451,48,3916,765,589,320,10309,3250.6117312914
89177,1,10077,1902,347,3909,857,163,22,92,958,1751,75,2249,7827,872.1153425416
89185,4,11420,1769,908,3260,1970,798,499,0,0,2216,0,2677,8743,4122.7270738330
89193,4,10280,3181,435,3260,634,0,217,0,830,1724,0,3616,6665,3250.6117312914
89201,3,8213,1312,739,3260,811,0,0,543,0,1058,491,2051,6163,2854.1956664997
89219,2,13526,3153,750,3260,1046,261,872,313,663,1116,2092,3903,9623,1982.0803239582
89227,4,10514,1373,893,3260,984,1499,0,83,1652,771,0,2266,8249,4360.5767127079
89235,3,8476,282,95,4365,740,80,0,2013,167,654,80,377,8099,3171.3285183330
89243,1,15523,451,447,6279,3115,0,1652,367,1910,1284,17,898,14624,872.1153425416
89250,5,10515,1654,112,3317,668,160,140,1150,2367,513,433,1766,8748,3805.5942219997
89268,8,33263,7205,2930,11835,2739,1104,1109,413,1114,2943,1870,10135,23127,7690.4716569576
89276,3,26081,3973,1394,6459,1707,3764,0,2707,831,4969,279,5367,20716,2933.4788794581
89284,4,25521,1838,278,6279,1624,1571,586,987,1512,9732,1114,2116,23405,4360.5767127079
89292,4,33712,6449,1182,5023,1012,133,3213,1559,8080,5972,1089,7631,26081,3647.0277960830
89300,8,9522,0,0,3696,1444,233,0,154,2502,825,667,0,9521,6421.9402496244
89318,4,8843,2555,0,2404,763,1003,0,129,0,565,1424,2555,6288,4122.7270738330
89326,4,20194,1402,0,2720,1139,0,0,0,717,12306,1909,1402,18791,4043.4438608746
89334,4,41218,10242,2364,2720,3220,1681,3922,2702,499,6746,7121,12606,28611,3805.5942219997
89342,3,17595,1582,1223,5668,1729,0,652,807,627,5307,0,2805,14790,2933.4788794581
89359,4,7195,904,210,2345,1091,39,0,333,699,1574,0,1114,6081,3250.6117312914
89367,4,18402,2004,575,6159,2011,0,0,568,971,5275,840,2579,15824,4122.7270738330
89375,4,12410,993,189,6159,1444,229,130,184,2822,260,0,1182,11228,4202.0102867913
89383,3,31999,8342,636,6015,6850,367,499,1135,1781,3394,2979,8978,23020,2854.1956664997
89409,4,14395,2355,165,6279,3601,0,0,1233,0,260,501,2520,11874,4122.7270738330
89417,5,16871,0,0,6279,3047,0,0,1010,1646,4573,316,0,16871,4360.5767127079
89425,1,7385,938,411,3849,1388,0,0,268,180,251,100,1349,6036,872.1153425416
89433,2,12335,858,135,6018,1585,300,130,469,1689,710,441,993,11342,1902.7971109998
89441,1,10856,1711,321,2925,1339,0,1803,148,1171,658,781,2032,8825,872.1153425416
89458,5,13928,1255,1093,5024,1340,123,867,622,908,1707,988,2348,11579,5311.9752682078
89466,1,9874,1372,169,2498,1297,0,301,287,401,2456,1093,1541,8333,1189.2481943749
89474,2,4258,1336,108,2198,3,63,0,308,0,117,125,1444,2814,2061.3635369165
89482,5,13451,2415,775,2403,1161,133,3009,83,971,2306,195,3190,10261,3805.5942219997
89490,9,19972,2532,1082,2811,914,100,602,814,4950,5474,692,3614,16357,9196.8527031658
89508,5,9833,3117,1250,2997,368,0,0,87,1176,751,87,4367,5466,4202.0102867913
89516,6,8239,2683,571,1594,538,86,0,200,958,1609,0,3254,4985,5232.6920552495
89524,4,21217,2090,1047,2100,1180,2922,669,88,3372,7229,519,3137,18079,4281.2934997496
89532,7,11980,2900,1021,3260,815,0,151,0,2660,566,606,3921,8058,6976.9227403327
89540,5,20419,2120,708,2188,1149,13373,0,196,0,380,304,2828,17590,5074.1256293329
89557,5,10576,1167,444,3197,980,217,0,1267,2182,184,938,1611,8965,4281.2934997496
89565,10,36111,9152,3879,4120,3600,350,321,2026,6679,5448,538,13031,23082,9831.1184068324
89573,4,12804,420,52,4645,1064,134,1002,1008,1867,2612,0,472,12332,3647.0277960830
89581,3,11944,989,104,2440,361,0,281,1866,2844,2547,513,1093,10852,2616.3460276248
89599,1,8504,573,0,2198,77,235,0,454,302,3612,1053,573,7931,872.1153425416
89607,2,7809,1133,803,3260,530,351,0,758,401,377,195,1936,5872,1744.2306850832
89615,7,24676,6670,1498,3260,1044,412,651,1724,2691,5145,1580,8168,16507,6739.0731014577
89623,7,24607,3052,590,4608,1696,0,210,642,3391,7995,2422,3642,20964,7373.3388051243
89631,8,11287,1693,460,4608,784,0,0,214,1037,2490,0,2153,9133,8245.4541476659
89649,5,16910,3507,308,3260,695,100,992,0,738,6658,651,3815,13094,5708.3913329995
89656,9,21509,3405,278,6106,1046,457,651,124,5792,3151,499,3683,17826,8959.0030642908
89664,5,23429,6917,1775,1804,1881,1172,1472,512,973,1636,5287,8692,14737,5629.1081200412
89672,3,9378,2535,1228,2609,510,0,401,1393,434,180,87,3763,5614,2854.1956664997
89680,5,5505,530,82,1798,577,0,0,0,426,1867,226,612,4894,4122.7270738330
89698,18,21587,5001,2965,3097,1115,0,0,33,3433,5726,217,7966,13621,16411.6250823735
89706,8,3803,499,102,1998,267,0,0,0,751,185,0,601,3201,8086.8877217493
89714,2,13089,409,430,5267,1109,353,0,115,609,4515,282,839,12250,1982.0803239582
89722,4,26588,3024,197,6613,2543,1152,1145,2259,4867,4607,181,3221,23367,4122.7270738330
89730,1,6486,731,878,3260,980,100,0,13,0,524,0,1609,4877,872.1153425416
89748,7,10542,1791,399,1992,637,0,200,100,2983,2236,204,2190,8352,6739.0731014577
89755,4,9353,1951,854,2609,500,43,0,75,2751,331,239,2805,6548,3488.4613701663
89763,3,8840,2641,768,3260,802,167,0,138,539,526,0,3409,5432,3250.6117312914
89771,10,14897,3096,607,2575,880,166,0,473,2515,3696,889,3703,11194,9355.4191290825
89789,5,11490,1726,889,3260,964,0,217,455,250,3729,0,2615,8875,5311.9752682078
89797,7,14733,2723,594,3260,1125,0,0,921,3084,2852,173,3317,11415,6025.5241848328
89805,12,24036,11167,2394,3260,1178,104,601,231,2827,1105,1171,13561,10477,10465.3841104990
89813,3,10487,3801,52,2997,704,0,0,0,820,1267,847,3853,6635,2933.4788794581
89821,7,10553,2480,950,3260,1085,0,0,80,1695,942,61,3430,7123,6501.2234625827
89839,6,14151,2965,544,3260,1369,585,0,565,3189,1608,65,3509,10641,6025.5241848328
89847,3,12820,2421,1476,3260,1585,0,0,613,0,3466,0,3897,8924,2933.4788794581
89854,1,10915,4458,1088,3260,1537,0,0,71,0,500,0,5546,5368,872.1153425416
89862,7,11132,1567,823,3260,666,0,0,67,3862,887,0,2390,8742,6501.2234625827
89870,1,16414,3458,268,2191,909,0,0,1334,529,6837,887,3726,12687,1189.2481943749
89888,2,5880,941,289,2897,617,86,0,121,0,763,166,1230,4650,2061.3635369165
89896,1,1889,661,210,340,257,0,0,131,0,291,0,871,1019,1109.9649814166
89904,5,8480,751,517,3260,950,67,0,832,998,310,796,1268,7213,5391.2584811662
89912,6,14774,2492,1159,3260,895,515,160,180,33,5255,825,3651,11123,5549.8249070828
89920,7,23171,4245,998,3260,2761,5282,0,661,2032,3762,169,5243,17927,7452.6220180827
89938,4,14166,799,260,2449,1685,0,0,134,427,5471,2941,1059,13107,4519.1431386246
89946,4,14091,3030,959,1403,1726,100,738,534,1847,2081,1674,3989,10103,4202.0102867913
89953,2,7924,996,903,3260,594,0,434,0,468,660,608,1899,6024,1982.0803239582
89961,9,14825,8679,759,2609,920,87,277,0,1000,495,0,9438,5388,8641.8702124575
89979,9,11069,1185,1519,3260,1349,9,0,662,458,1732,894,2704,8364,8245.4541476659
89987,5,8771,2042,842,3260,525,0,0,0,1380,721,0,2884,5886,4598.4263515829
89995,5,16083,2076,456,6106,1545,0,0,17,2152,3243,490,2532,13553,4756.9927774996
90001,3,17970,2487,1237,3260,433,0,130,7119,2996,90,217,3724,14245,2854.1956664997
90019,23,12782,1228,43,6106,4629,35,0,0,33,490,217,1271,11510,20851.4850080398
90027,7,7519,521,130,4608,248,0,0,382,1520,110,0,651,6868,6976.9227403327
90035,6,16590,3251,651,4608,831,0,2605,0,1736,1640,1268,3902,12688,5470.5416941245
90043,2,13641,1498,374,5777,886,0,0,1081,347,3678,0,1872,11769,2378.4963887498
90050,3,17120,2662,1071,3497,746,142,850,1066,3779,1972,1336,3733,13388,3092.0453053747
90068,6,41325,8394,589,4722,976,1360,300,1934,251,22492,307,8983,32342,5311.9752682078
90076,5,17199,1751,664,4053,1715,1372,0,197,3664,3081,703,2415,14785,4360.5767127079
90084,4,18931,4498,253,1598,2245,434,0,1005,4436,1730,2731,4751,14179,3171.3285183330
90092,5,19431,4159,464,3769,1008,293,480,839,5963,2283,173,4623,14808,3884.8774349580
90100,4,13289,720,434,2320,1182,2032,2894,974,376,2314,43,1154,12135,4281.2934997496
90118,1,3673,1026,45,281,37,0,86,101,463,1599,34,1071,2601,872.1153425416
90126,1,8933,2360,782,3792,494,0,0,1274,0,230,0,3142,5790,1109.9649814166
90134,1,3165,741,130,290,200,110,100,196,352,99,947,871,2294,872.1153425416
90142,5,13880,1928,389,4192,963,0,0,174,3790,2217,227,2317,11563,4122.7270738330
90159,5,11687,1779,199,3869,1346,127,40,1047,1572,1708,0,1978,9709,4756.9927774996
90167,2,13563,1257,1096,2579,1791,152,0,1010,2329,2908,442,2353,11211,1982.0803239582
90175,5,23550,4484,569,4457,2915,646,1963,271,4307,2404,1534,5053,18497,4677.7095645412
90183,5,29799,2261,1516,4476,2075,259,0,553,2930,15187,542,3777,26022,5074.1256293329
90191,1,12239,580,135,6092,1567,953,0,532,490,1891,0,715,11525,872.1153425416
90209,3,8727,1305,496,1354,1167,1367,220,464,419,934,1002,1801,6927,2854.1956664997
90217,4,18369,2550,0,5817,1749,323,997,2046,1425,2067,1395,2550,15819,4122.7270738330
90225,2,5963,340,136,2495,823,190,0,1401,229,200,149,476,5487,1982.0803239582
90233,3,25493,780,0,3649,585,0,0,215,5042,14471,752,780,24714,2695.6292405831
90241,4,17964,1433,432,5891,1736,721,0,481,1507,5746,18,1865,16100,4122.7270738330
90258,5,22319,2118,872,7159,1794,86,0,2253,6002,1246,789,2990,19329,4202.0102867913
90266,6,17821,1303,680,5422,2260,137,538,508,4590,1971,413,1983,15839,5311.9752682078
90274,6,12185,3683,1467,2888,3151,83,0,299,116,499,0,5150,7036,6580.5066755411
90282,1,2462,739,564,797,80,0,0,71,150,61,0,1303,1159,872.1153425416
